original_audio,folder,start_time,end_time,duration,vocalization_type,label_activity,status
20211120_102109_192.wav,Raw_recordings_Day1_pt1,32.901333,33.293333,0.392,ECT,ORD,matched
20211120_102109_192.wav,Raw_recordings_Day1_pt1,34.624,39.168,4.544,ECT,ORD,matched
20211120_102109_192.wav,Raw_recordings_Day1_pt1,46.250667,48.664,2.413333,ECT,ORD,matched
20211120_102109_192.wav,Raw_recordings_Day1_pt1,52.066667,52.501333,0.434666,W,ORD,matched
20211120_102109_192.wav,Raw_recordings_Day1_pt1,52.24,53.373333,1.133333,ECT,ORD,matched
20211120_102109_192.wav,Raw_recordings_Day1_pt1,53.586667,55.442667,1.856,ECT,ORD,matched
20211120_102109_192.wav,Raw_recordings_Day1_pt1,55.554667,56.826667,1.272,ECT,ORD,matched
20211120_102109_192.wav,Raw_recordings_Day1_pt1,57.104,58.637333,1.533333,ECT,ORD,matched
20211120_102109_192.wav,Raw_recordings_Day1_pt1,79.042667,79.821333,0.778666,BPS,ORD,matched
20211120_102109_192.wav,Raw_recordings_Day1_pt1,80.442667,82.285333,1.842666,ECT,ORD,matched
20211120_102109_192.wav,Raw_recordings_Day1_pt1,89.053333,90.373333,1.32,ECT,ORD,matched
20211120_102109_192.wav,Raw_recordings_Day1_pt1,109.370667,109.845333,0.474666,BPS,ORD,matched
20211120_102109_192.wav,Raw_recordings_Day1_pt1,119.28,119.786667,0.506667,BPS,ORD,matched
20211120_102109_192.wav,Raw_recordings_Day1_pt1,132.170667,132.426667,0.256,ECT,ORD,matched
20211120_102109_192.wav,Raw_recordings_Day1_pt1,133.514667,135.208,1.693333,ECT,ORD,matched
20211120_102109_192.wav,Raw_recordings_Day1_pt1,136.584,137.642667,1.058667,ECT,ORD,matched
20211120_102109_192.wav,Raw_recordings_Day1_pt1,138.938667,139.901333,0.962666,ECT,ORD,matched
20211120_102109_192.wav,Raw_recordings_Day1_pt1,141.992,143.904,1.912,ECT,ORD,matched
20211120_102109_192.wav,Raw_recordings_Day1_pt1,191.490667,192.258667,0.768,BPS,ORD,matched
20211120_102109_192.wav,Raw_recordings_Day1_pt1,192.616,193.530667,0.914667,FB,ORD,matched
20211120_102109_192.wav,Raw_recordings_Day1_pt1,193.701333,194.085333,0.384,ECT,ORD,matched
20211120_102109_192.wav,Raw_recordings_Day1_pt1,203.722667,204.608,0.885333,W,ORD,matched
20211120_102109_192.wav,Raw_recordings_Day1_pt1,203.808,204.522667,0.714667,ECT,ORD,matched
20211120_102109_192.wav,Raw_recordings_Day1_pt1,205.802667,206.858667,1.056,ECT,ORD,matched
20211120_102109_192.wav,Raw_recordings_Day1_pt1,208.413333,209.229333,0.816,ECT,ORD,matched
20211120_102109_192.wav,Raw_recordings_Day1_pt1,209.597333,211.554667,1.957334,ECT,ORD,matched
20211120_102109_192.wav,Raw_recordings_Day1_pt1,212.648,214.754667,2.106667,NOISE,ORD,matched
20211120_102109_192.wav,Raw_recordings_Day1_pt1,214.277333,215.338667,1.061334,ECT,ORD,matched
20211120_102109_192.wav,Raw_recordings_Day1_pt1,218.845333,220.176,1.330667,NOISE,ORD,matched
20211120_102109_192.wav,Raw_recordings_Day1_pt1,221.376,221.936,0.56,W,ORD,matched
20211120_102109_192.wav,Raw_recordings_Day1_pt1,224.48,224.88,0.4,BPS,ORD,matched
20211120_102109_192.wav,Raw_recordings_Day1_pt1,224.88,225.784,0.904,ECT,ORD,matched
20211120_102109_192.wav,Raw_recordings_Day1_pt1,226.002667,227.514667,1.512,ECT,ORD,matched
20211120_102109_192.wav,Raw_recordings_Day1_pt1,246.544,246.832,0.288,W+NOISE,ORD,matched
20211120_102109_192.wav,Raw_recordings_Day1_pt1,248.557333,249.418667,0.861334,BPS,ORD,matched
20211120_102109_192.wav,Raw_recordings_Day1_pt1,249.418667,249.890667,0.472,FB,ORD,matched
20211120_102109_192.wav,Raw_recordings_Day1_pt1,250.685333,252.074667,1.389334,ECT,ORD,matched
20211120_102109_192.wav,Raw_recordings_Day1_pt1,252.128,252.685333,0.557333,BPS,ORD,matched
20211120_102109_192.wav,Raw_recordings_Day1_pt1,267.253333,269.317333,2.064,ECT,ORD,matched
20211120_102109_192.wav,Raw_recordings_Day1_pt1,269.637333,270.08,0.442667,W,ORD,matched
20211120_102109_192.wav,Raw_recordings_Day1_pt1,270.666667,272.058667,1.392,BPS,ORD,matched
20211120_102109_192.wav,Raw_recordings_Day1_pt1,271.509333,271.989333,0.48,W,ORD,matched
20211120_102109_192.wav,Raw_recordings_Day1_pt1,274.778667,275.84,1.061333,BPS,ORD,matched
20211120_102109_192.wav,Raw_recordings_Day1_pt1,276.304,277.424,1.12,ECT,ORD,matched
20211120_102109_192.wav,Raw_recordings_Day1_pt1,277.424,278.816,1.392,BPS,ORD,matched
20211120_102109_192.wav,Raw_recordings_Day1_pt1,281.069333,282.645333,1.576,BPS,ORD,matched
20211120_102109_192.wav,Raw_recordings_Day1_pt1,281.344,281.546667,0.202667,W,ORD,matched
20211120_102109_192.wav,Raw_recordings_Day1_pt1,282.829333,284.232,1.402667,BPS,ORD,matched
20211120_102109_192.wav,Raw_recordings_Day1_pt1,284.026667,284.128,0.101333,W,ORD,matched
20211120_102109_192.wav,Raw_recordings_Day1_pt1,289.698667,290.605333,0.906666,BPS,ORD,matched
20211120_102109_192.wav,Raw_recordings_Day1_pt1,293.778667,294.442667,0.664,W,ORD,matched
20211120_102109_192.wav,Raw_recordings_Day1_pt1,293.866667,294.456,0.589333,ECT,ORD,matched
20211120_102109_192.wav,Raw_recordings_Day1_pt1,295.456,297.221333,1.765333,ECT,ORD,matched
20211120_102609_192.wav,Raw_recordings_Day1_pt1,48.421333,49.082667,0.661334,W,ORD,matched
20211120_102609_192.wav,Raw_recordings_Day1_pt1,86.968,88.405333,1.437333,ECT,ORD,matched
20211120_102609_192.wav,Raw_recordings_Day1_pt1,111.674667,113.205333,1.530666,W,ORD,matched
20211120_102609_192.wav,Raw_recordings_Day1_pt1,135.104,136.322667,1.218667,NOISE,ORD,matched
20211120_102609_192.wav,Raw_recordings_Day1_pt1,143.733333,145.605333,1.872,NOISE,ORD,matched
20211120_102609_192.wav,Raw_recordings_Day1_pt1,169.261333,169.869333,0.608,W,ORD,matched
20211120_102609_192.wav,Raw_recordings_Day1_pt1,178.602667,178.928,0.325333,W,ORD,matched
20211120_102609_192.wav,Raw_recordings_Day1_pt1,181.912,182.664,0.752,FB,ORD,matched
20211120_102609_192.wav,Raw_recordings_Day1_pt1,184.248,184.592,0.344,W,ORD,matched
20211120_102609_192.wav,Raw_recordings_Day1_pt1,187.648,188.074667,0.426667,FB,ORD,matched
20211120_102609_192.wav,Raw_recordings_Day1_pt1,188.445333,188.730667,0.285334,FB,ORD,matched
20211120_102609_192.wav,Raw_recordings_Day1_pt1,191.368,191.856,0.488,FB,ORD,matched
20211120_102609_192.wav,Raw_recordings_Day1_pt1,194.549333,194.954667,0.405334,W,ORD,matched
20211120_102609_192.wav,Raw_recordings_Day1_pt1,202.938667,203.405333,0.466666,W,ORD,matched
20211120_102609_192.wav,Raw_recordings_Day1_pt1,206.592,206.954667,0.362667,FB,ORD,matched
20211120_102609_192.wav,Raw_recordings_Day1_pt1,207.197333,207.362667,0.165334,FB,ORD,matched
20211120_102609_192.wav,Raw_recordings_Day1_pt1,208.469333,208.584,0.114667,W,ORD,matched
20211120_102609_192.wav,Raw_recordings_Day1_pt1,215.389333,215.968,0.578667,W,ORD,matched
20211120_102609_192.wav,Raw_recordings_Day1_pt1,277.074667,277.437333,0.362666,W,ORD,matched
20211120_102609_192.wav,Raw_recordings_Day1_pt1,277.749333,278.056,0.306667,W,ORD,matched
20211120_102609_192.wav,Raw_recordings_Day1_pt1,279.968,280.306667,0.338667,W,ORD,matched
20211120_103110_192.wav,Raw_recordings_Day1_pt1,99.952,100.234667,0.282667,W,ORD,matched
20211120_103110_192.wav,Raw_recordings_Day1_pt1,100.994667,101.565333,0.570666,W,ORD,matched
20211120_103110_192.wav,Raw_recordings_Day1_pt1,107.749333,108.325333,0.576,NOISE,ORD,matched
20211120_103110_192.wav,Raw_recordings_Day1_pt1,140.496,141.525333,1.029333,W,ORD,matched
20211120_103110_192.wav,Raw_recordings_Day1_pt1,168.976,169.866667,0.890667,W,ORD,matched
20211120_103110_192.wav,Raw_recordings_Day1_pt1,188.938667,189.122667,0.184,W,ORD,matched
20211120_103110_192.wav,Raw_recordings_Day1_pt1,209.090667,209.712,0.621333,W,ORD,matched
20211120_103110_192.wav,Raw_recordings_Day1_pt1,219.282667,219.432,0.149333,W,ORD,matched
20211120_103110_192.wav,Raw_recordings_Day1_pt1,239.370667,239.664,0.293333,W,ORD,matched
20211120_103110_192.wav,Raw_recordings_Day1_pt1,241.696,241.922667,0.226667,W,ORD,matched
20211120_103110_192.wav,Raw_recordings_Day1_pt1,242.130667,242.258667,0.128,W,ORD,matched
20211120_103110_192.wav,Raw_recordings_Day1_pt1,246.602667,246.981333,0.378666,W,ORD,matched
20211120_103110_192.wav,Raw_recordings_Day1_pt1,248.621333,249.04,0.418667,W,ORD,matched
20211120_103110_192.wav,Raw_recordings_Day1_pt1,296.426667,297.032,0.605333,W,ORD,matched
20211120_103110_192.wav,Raw_recordings_Day1_pt1,299.725333,300.109333,0.384,W,ORD,matched
20211120_103610_192.wav,Raw_recordings_Day1_pt1,0,0.098904,0.098904,W,ORD,matched
20211120_103610_192.wav,Raw_recordings_Day1_pt1,43.427954,44.114098,0.686144,W,ORD,matched
20211120_103610_192.wav,Raw_recordings_Day1_pt1,89.136872,89.449037,0.312165,W,ORD,matched
20211120_103610_192.wav,Raw_recordings_Day1_pt1,118.96249,119.682632,0.720142,W,ORD,matched
20211120_103610_192.wav,Raw_recordings_Day1_pt1,137.64909,137.825262,0.176172,W,ORD,matched
20211120_103610_192.wav,Raw_recordings_Day1_pt1,139.565347,140.195857,0.63051,BPS,ORD,matched
20211120_103610_192.wav,Raw_recordings_Day1_pt1,140.909818,141.25289,0.343072,W,ORD,matched
20211120_103610_192.wav,Raw_recordings_Day1_pt1,152.994602,153.226407,0.231805,W,ORD,matched
20211120_103610_192.wav,Raw_recordings_Day1_pt1,161.500312,162.223544,0.723232,W,ORD,matched
20211120_103610_192.wav,Raw_recordings_Day1_pt1,166.111692,169.984386,3.872694,NOISE,ORD,matched
20211120_103610_192.wav,Raw_recordings_Day1_pt1,171.699746,172.416797,0.717051,FB,ORD,matched
20211120_103610_192.wav,Raw_recordings_Day1_pt1,173.223479,173.680909,0.45743,W,ORD,matched
20211120_103610_192.wav,Raw_recordings_Day1_pt1,177.278527,177.735956,0.457429,W,ORD,matched
20211120_103610_192.wav,Raw_recordings_Day1_pt1,178.239746,178.558092,0.318346,W,ORD,matched
20211120_103610_192.wav,Raw_recordings_Day1_pt1,183.500182,184.109057,0.608875,W,ORD,matched
20211120_103610_192.wav,Raw_recordings_Day1_pt1,233.897749,235.300944,1.403195,W,ORD,matched
20211120_103610_192.wav,Raw_recordings_Day1_pt1,237.241927,237.686993,0.445066,W,ORD,matched
20211120_103610_192.wav,Raw_recordings_Day1_pt1,238.234054,238.873837,0.639783,W,ORD,matched
20211120_103610_192.wav,Raw_recordings_Day1_pt1,241.769858,242.004754,0.234896,W,ORD,matched
20211120_103610_192.wav,Raw_recordings_Day1_pt1,278.923614,279.186327,0.262713,FB,ORD,matched
20211120_103610_192.wav,Raw_recordings_Day1_pt1,283.878067,286.310477,2.43241,ECT,ORD,matched
20211120_104111_192.wav,Raw_recordings_Day1_pt1,6.397827,7.54449,1.146663,BPS,ORD,matched
20211120_104111_192.wav,Raw_recordings_Day1_pt1,44.781697,45.12786,0.346163,FB,ORD,matched
20211120_104111_192.wav,Raw_recordings_Day1_pt1,49.219996,53.234864,4.014868,NOISE,ORD,matched
20211120_104111_192.wav,Raw_recordings_Day1_pt1,53.411036,53.744836,0.3338,FB,ORD,matched
20211120_104111_192.wav,Raw_recordings_Day1_pt1,53.837558,53.985914,0.148356,FB,ORD,matched
20211120_104111_192.wav,Raw_recordings_Day1_pt1,73.231937,74.836029,1.604092,ECT,ORD,matched
20211120_104111_192.wav,Raw_recordings_Day1_pt1,75.179101,75.995056,0.815955,BPS,ORD,matched
20211120_104111_192.wav,Raw_recordings_Day1_pt1,78.959073,79.388686,0.429613,FB,ORD,matched
20211120_104111_192.wav,Raw_recordings_Day1_pt1,91.816542,93.052837,1.236295,W,ORD,matched
20211120_104111_192.wav,Raw_recordings_Day1_pt1,95.176174,95.992128,0.815954,W,ORD,matched
20211120_104111_192.wav,Raw_recordings_Day1_pt1,106.729351,107.770929,1.041578,ECT,ORD,matched
20211120_104111_192.wav,Raw_recordings_Day1_pt1,149.838959,151.538864,1.699905,NOISE,ORD,matched
20211120_104611_192.wav,Raw_recordings_Day1_pt1,0.611966,2.067703,1.455737,W,ORD,matched
20211120_104611_192.wav,Raw_recordings_Day1_pt1,11.914793,14.124671,2.209878,NOISE,ORD,matched
20211120_104611_192.wav,Raw_recordings_Day1_pt1,125.295411,125.511763,0.216352,W,ORD,matched
20211120_104611_192.wav,Raw_recordings_Day1_pt1,132.320658,132.722454,0.401796,W,ORD,matched
20211120_104611_192.wav,Raw_recordings_Day1_pt1,202.962556,205.027169,2.064613,ECT,ORD,matched
20211120_104611_192.wav,Raw_recordings_Day1_pt1,209.586007,211.394089,1.808082,BPS,ORD,matched
20211120_104611_192.wav,Raw_recordings_Day1_pt1,211.375544,211.573351,0.197807,FB,ORD,matched
20211120_104611_192.wav,Raw_recordings_Day1_pt1,211.947331,213.437066,1.489735,BPS,ORD,matched
20211120_104611_192.wav,Raw_recordings_Day1_pt1,213.418522,213.693597,0.275075,FB,ORD,matched
20211120_104611_192.wav,Raw_recordings_Day1_pt1,217.890819,219.281651,1.390832,NOISE,ORD,matched
20211120_104611_192.wav,Raw_recordings_Day1_pt1,233.659762,234.676615,1.016853,ECT,ORD,matched
20211120_104611_192.wav,Raw_recordings_Day1_pt1,283.133199,285.936498,2.803299,NOISE,ORD,matched
20211120_104611_192.wav,Raw_recordings_Day1_pt1,293.734429,297.916197,4.181768,ECT,ORD,matched
20211120_105112_192.wav,Raw_recordings_Day1_pt1,35.262129,35.905871,0.643742,W,ORD,matched
20211120_105112_192.wav,Raw_recordings_Day1_pt1,80.279205,81.393029,1.113824,ECT,ORD,matched
20211120_105112_192.wav,Raw_recordings_Day1_pt1,91.288702,96.366784,5.078082,MW,ORD,matched
20211120_105112_192.wav,Raw_recordings_Day1_pt1,99.908865,100.139415,0.23055,W,ORD,matched
20211120_105112_192.wav,Raw_recordings_Day1_pt1,102.370058,102.774269,0.404211,W,ORD,matched
20211120_105112_192.wav,Raw_recordings_Day1_pt1,184.523602,185.903906,1.380304,ECT,ORD,matched
20211120_105112_192.wav,Raw_recordings_Day1_pt1,189.532819,193.533006,4.000187,ECT,ORD,matched
20211120_105112_192.wav,Raw_recordings_Day1_pt1,200.587228,203.081357,2.494129,ECT,ORD,matched
20211120_105112_192.wav,Raw_recordings_Day1_pt1,237.289544,239.777684,2.48814,ECT,ORD,matched
20211120_105112_192.wav,Raw_recordings_Day1_pt1,244.466526,246.637287,2.170761,ECT,ORD,matched
20211120_105613_192.wav,Raw_recordings_Day1_pt1,68.527834,69.832125,1.304291,ECT,ORD,matched
20211120_105613_192.wav,Raw_recordings_Day1_pt1,127.644372,129.087746,1.443374,ECT,ORD,matched
20211120_105613_192.wav,Raw_recordings_Day1_pt1,139.627162,141.382701,1.755539,BPS,ORD,matched
20211120_105613_192.wav,Raw_recordings_Day1_pt1,172.030455,174.323782,2.293327,W,ORD,matched
20211120_105613_192.wav,Raw_recordings_Day1_pt1,172.150993,172.450795,0.299802,W,ORD,matched
20211120_105613_192.wav,Raw_recordings_Day1_pt1,173.751995,174.057978,0.305983,W,ORD,matched
20211120_110113_192.wav,Raw_recordings_Day1_pt1,10.296889,11.084351,0.787462,BPS,unknown,unknown
20211120_110113_192.wav,Raw_recordings_Day1_pt1,12.779041,15.207298,2.428257,ECT,unknown,unknown
20211120_110113_192.wav,Raw_recordings_Day1_pt1,46.457263,46.777637,0.320374,W,unknown,unknown
20211120_110113_192.wav,Raw_recordings_Day1_pt1,49.589146,50.038269,0.449123,W,unknown,unknown
20211120_110113_192.wav,Raw_recordings_Day1_pt1,54.310924,54.622316,0.311392,W,unknown,unknown
20211120_110113_192.wav,Raw_recordings_Day1_pt1,58.269193,63.032889,4.763696,MW,unknown,unknown
20211120_110113_192.wav,Raw_recordings_Day1_pt1,58.287158,58.568608,0.28145,W,unknown,unknown
20211120_110113_192.wav,Raw_recordings_Day1_pt1,59.200374,59.508772,0.308398,W,unknown,unknown
20211120_110113_192.wav,Raw_recordings_Day1_pt1,60.13455,60.484865,0.350315,W,unknown,unknown
20211120_110113_192.wav,Raw_recordings_Day1_pt1,61.679532,61.949006,0.269474,W,unknown,unknown
20211120_110113_192.wav,Raw_recordings_Day1_pt1,61.703485,63.568842,1.865357,ECT,unknown,unknown
20211120_110113_192.wav,Raw_recordings_Day1_pt1,62.670596,62.973006,0.30241,W,unknown,unknown
20211120_110113_192.wav,Raw_recordings_Day1_pt1,65.236585,68.96131,3.724725,ECT,unknown,unknown
20211120_110113_192.wav,Raw_recordings_Day1_pt1,74.254971,74.569357,0.314386,W,unknown,unknown
20211120_110113_192.wav,Raw_recordings_Day1_pt1,74.928655,75.186152,0.257497,W,unknown,unknown
20211120_110113_192.wav,Raw_recordings_Day1_pt1,79.342035,79.635462,0.293427,W,unknown,unknown
20211120_110113_192.wav,Raw_recordings_Day1_pt1,79.389942,80.342082,0.95214,MW,unknown,unknown
20211120_110113_192.wav,Raw_recordings_Day1_pt1,80.03069,80.342082,0.311392,W,unknown,unknown
20211120_110113_192.wav,Raw_recordings_Day1_pt1,85.623766,85.908211,0.284445,W,unknown,unknown
20211120_110113_192.wav,Raw_recordings_Day1_pt1,89.177825,89.498199,0.320374,W,unknown,unknown
20211120_110113_192.wav,Raw_recordings_Day1_pt1,91.636023,93.438503,1.80248,MW,unknown,unknown
20211120_110113_192.wav,Raw_recordings_Day1_pt1,91.680936,91.935439,0.254503,W,unknown,unknown
20211120_110113_192.wav,Raw_recordings_Day1_pt1,92.420491,92.839673,0.419182,W,unknown,unknown
20211120_110113_192.wav,Raw_recordings_Day1_pt1,93.184,93.426526,0.242526,W,unknown,unknown
20211120_110113_192.wav,Raw_recordings_Day1_pt1,121.206269,121.912889,0.70662,FB,unknown,unknown
20211120_110113_192.wav,Raw_recordings_Day1_pt1,138.772959,138.952608,0.179649,W,unknown,unknown
20211120_110113_192.wav,Raw_recordings_Day1_pt1,147.617684,150.680702,3.063018,ECT,unknown,unknown
20211120_110113_192.wav,Raw_recordings_Day1_pt1,150.713637,151.71069,0.997053,FB,unknown,unknown
20211120_110113_192.wav,Raw_recordings_Day1_pt1,160.199111,161.160234,0.961123,ECT,unknown,unknown
20211120_110113_192.wav,Raw_recordings_Day1_pt1,163.618433,164.064561,0.446128,W,unknown,unknown
20211120_110113_192.wav,Raw_recordings_Day1_pt1,163.857965,165.914947,2.056982,ECT,unknown,unknown
20211120_110113_192.wav,Raw_recordings_Day1_pt1,166.325146,167.415018,1.089872,ECT,unknown,unknown
20211120_110113_192.wav,Raw_recordings_Day1_pt1,167.471906,167.998877,0.526971,FB,unknown,unknown
20211120_110113_192.wav,Raw_recordings_Day1_pt1,168.36117,168.690526,0.329356,W,unknown,unknown
20211120_110113_192.wav,Raw_recordings_Day1_pt1,175.322573,176.466339,1.143766,W,unknown,unknown
20211120_110113_192.wav,Raw_recordings_Day1_pt1,187.703392,189.308257,1.604865,W,unknown,unknown
20211120_110113_192.wav,Raw_recordings_Day1_pt1,202.578339,204.108351,1.530012,BPS,unknown,unknown
20211120_110113_192.wav,Raw_recordings_Day1_pt1,216.108912,217.312561,1.203649,W,unknown,unknown
20211120_110113_192.wav,Raw_recordings_Day1_pt1,221.522339,223.016421,1.494082,MW,unknown,unknown
20211120_110113_192.wav,Raw_recordings_Day1_pt1,221.540304,221.740912,0.200608,W,unknown,unknown
20211120_110113_192.wav,Raw_recordings_Day1_pt1,222.746947,223.004444,0.257497,W,unknown,unknown
20211120_110113_192.wav,Raw_recordings_Day1_pt1,225.741099,226.019556,0.278457,W,unknown,unknown
20211120_110113_192.wav,Raw_recordings_Day1_pt1,233.600749,234.202573,0.601824,BPS,unknown,unknown
20211120_110113_192.wav,Raw_recordings_Day1_pt1,245.855813,247.307977,1.452164,W,unknown,unknown
20211120_110113_192.wav,Raw_recordings_Day1_pt1,247.960702,248.430784,0.470082,W,unknown,unknown
20211120_110113_192.wav,Raw_recordings_Day1_pt1,261.197848,261.425404,0.227556,W,unknown,unknown
20211120_110113_192.wav,Raw_recordings_Day1_pt1,283.423439,286.12117,2.697731,NOISE,unknown,unknown
20211120_110113_192.wav,Raw_recordings_Day1_pt1,286.618199,288.396725,1.778526,NOISE,unknown,unknown
20211120_110113_192.wav,Raw_recordings_Day1_pt1,290.277053,290.477661,0.200608,W,unknown,unknown
20211120_110113_192.wav,Raw_recordings_Day1_pt1,293.882012,295.885099,2.003087,NOISE,unknown,unknown
20211120_110614_192.wav,Raw_recordings_Day1_pt1,2.59622,2.871295,0.275075,W,unknown,unknown
20211120_110614_192.wav,Raw_recordings_Day1_pt1,4.877184,5.164623,0.287439,W,unknown,unknown
20211120_110614_192.wav,Raw_recordings_Day1_pt1,5.974396,7.665029,1.690633,W,unknown,unknown
20211120_110614_192.wav,Raw_recordings_Day1_pt1,13.509614,14.507922,0.998308,MW,unknown,unknown
20211120_110614_192.wav,Raw_recordings_Day1_pt1,13.528158,13.86814,0.339982,W,unknown,unknown
20211120_110614_192.wav,Raw_recordings_Day1_pt1,14.167941,14.507922,0.339981,W,unknown,unknown
20211120_110614_192.wav,Raw_recordings_Day1_pt1,20.602857,21.919511,1.316654,ECT,unknown,unknown
20211120_110614_192.wav,Raw_recordings_Day1_pt1,22.79419,23.04454,0.25035,W,unknown,unknown
20211120_110614_192.wav,Raw_recordings_Day1_pt1,24.024303,25.786024,1.761721,NOISE,unknown,unknown
20211120_110614_192.wav,Raw_recordings_Day1_pt1,26.27436,28.172073,1.897713,ECT,unknown,unknown
20211120_110614_192.wav,Raw_recordings_Day1_pt1,28.406969,28.610958,0.203989,W,unknown,unknown
20211120_110614_192.wav,Raw_recordings_Day1_pt1,29.91834,31.59661,1.67827,ECT,unknown,unknown
20211120_110614_192.wav,Raw_recordings_Day1_pt1,40.096139,40.361942,0.265803,W,unknown,unknown
20211120_110614_192.wav,Raw_recordings_Day1_pt1,46.13544,49.040733,2.905293,ECT,unknown,unknown
20211120_110614_192.wav,Raw_recordings_Day1_pt1,52.901065,54.087908,1.186843,BPS,unknown,unknown
20211120_110614_192.wav,Raw_recordings_Day1_pt1,57.960602,60.071576,2.110974,NOISE,unknown,unknown
20211120_110614_192.wav,Raw_recordings_Day1_pt1,67.288448,67.510981,0.222533,W,unknown,unknown
20211120_110614_192.wav,Raw_recordings_Day1_pt1,68.178581,68.484564,0.305983,W,unknown,unknown
20211120_110614_192.wav,Raw_recordings_Day1_pt1,72.153269,72.477797,0.324528,W,unknown,unknown
20211120_110614_192.wav,Raw_recordings_Day1_pt1,97.370597,99.620654,2.250057,ECT,unknown,unknown
20211120_110614_192.wav,Raw_recordings_Day1_pt1,100.180078,101.348377,1.168299,ECT,unknown,unknown
20211120_110614_192.wav,Raw_recordings_Day1_pt1,100.418065,100.699322,0.281257,W,unknown,unknown
20211120_110614_192.wav,Raw_recordings_Day1_pt1,103.589161,106.645901,3.05674,MW,unknown,unknown
20211120_110614_192.wav,Raw_recordings_Day1_pt1,103.589161,103.916779,0.327618,W,unknown,unknown
20211120_110614_192.wav,Raw_recordings_Day1_pt1,104.278396,104.568925,0.290529,W,unknown,unknown
20211120_110614_192.wav,Raw_recordings_Day1_pt1,104.618377,105.316884,0.698507,W,unknown,unknown
20211120_110614_192.wav,Raw_recordings_Day1_pt1,106.250286,106.553179,0.302893,W,unknown,unknown
20211120_110614_192.wav,Raw_recordings_Day1_pt1,109.24212,110.877121,1.635001,BPS,unknown,unknown
20211120_110614_192.wav,Raw_recordings_Day1_pt1,134.552171,137.679997,3.127826,NOISE,unknown,unknown
20211120_110614_192.wav,Raw_recordings_Day1_pt1,143.608032,145.283211,1.675179,ECT,unknown,unknown
20211120_110614_192.wav,Raw_recordings_Day1_pt1,163.648374,165.107202,1.458828,ECT,unknown,unknown
20211120_110614_192.wav,Raw_recordings_Day1_pt1,165.107202,165.34828,0.241078,FB,unknown,unknown
20211120_110614_192.wav,Raw_recordings_Day1_pt1,169.542411,169.78967,0.247259,W,unknown,unknown
20211120_110614_192.wav,Raw_recordings_Day1_pt1,169.972023,171.505029,1.533006,ECT,unknown,unknown
20211120_110614_192.wav,Raw_recordings_Day1_pt1,172.042818,173.096759,1.053941,ECT,unknown,unknown
20211120_110614_192.wav,Raw_recordings_Day1_pt1,187.827214,189.020239,1.193025,ECT,unknown,unknown
20211120_110614_192.wav,Raw_recordings_Day1_pt1,203.744513,207.110326,3.365813,NOISE,unknown,unknown
20211120_110614_192.wav,Raw_recordings_Day1_pt1,218.882946,220.610668,1.727722,BPS,unknown,unknown
20211120_110614_192.wav,Raw_recordings_Day1_pt1,235.084592,238.190784,3.106192,NOISE,unknown,unknown
20211120_110614_192.wav,Raw_recordings_Day1_pt1,238.487494,240.848818,2.361324,NOISE,unknown,unknown
20211120_110614_192.wav,Raw_recordings_Day1_pt1,246.993204,250.383743,3.390539,NOISE,unknown,unknown
20211120_110614_192.wav,Raw_recordings_Day1_pt1,253.332307,255.718357,2.38605,ECT,unknown,unknown
20211120_110614_192.wav,Raw_recordings_Day1_pt1,280.252632,282.388331,2.135699,ECT,unknown,unknown
20211120_110614_192.wav,Raw_recordings_Day1_pt1,285.290534,286.965714,1.67518,ECT,unknown,unknown
20211120_110614_192.wav,Raw_recordings_Day1_pt1,294.890365,295.109807,0.219442,W,unknown,unknown
20211120_110614_192.wav,Raw_recordings_Day1_pt1,296.618087,298.287085,1.668998,BPS,unknown,unknown
20211120_110614_192.wav,Raw_recordings_Day1_pt1,298.401443,298.617794,0.216351,W,unknown,unknown
20211120_111114_192.wav,Raw_recordings_Day1_pt1,0.448157,2.197514,1.749357,BPS,unknown,unknown
20211120_111114_192.wav,Raw_recordings_Day1_pt1,2.182061,2.413866,0.231805,W,unknown,unknown
20211120_111114_192.wav,Raw_recordings_Day1_pt1,6.611088,9.105313,2.494225,ECT,unknown,unknown
20211120_111114_192.wav,Raw_recordings_Day1_pt1,10.678498,10.928848,0.25035,W,unknown,unknown
20211120_111114_192.wav,Raw_recordings_Day1_pt1,12.721476,15.530956,2.80948,MW,unknown,unknown
20211120_111114_192.wav,Raw_recordings_Day1_pt1,12.804926,13.092364,0.287438,W,unknown,unknown
20211120_111114_192.wav,Raw_recordings_Day1_pt1,14.328659,14.572828,0.244169,W,unknown,unknown
20211120_111114_192.wav,Raw_recordings_Day1_pt1,15.187885,15.453688,0.265803,W,unknown,unknown
20211120_111114_192.wav,Raw_recordings_Day1_pt1,29.263104,30.33559,1.072486,ECT,unknown,unknown
20211120_111114_192.wav,Raw_recordings_Day1_pt1,94.588933,94.830011,0.241078,W,unknown,unknown
20211120_111114_192.wav,Raw_recordings_Day1_pt1,97.515862,98.480172,0.96431,ECT,unknown,unknown
20211120_111114_192.wav,Raw_recordings_Day1_pt1,120.622216,121.595799,0.973583,ECT,unknown,unknown
20211120_111114_192.wav,Raw_recordings_Day1_pt1,141.769043,143.159875,1.390832,W,unknown,unknown
20211120_111114_192.wav,Raw_recordings_Day1_pt1,143.218599,144.393079,1.17448,ECT,unknown,unknown
20211120_111114_192.wav,Raw_recordings_Day1_pt1,145.011227,146.871851,1.860624,W,unknown,unknown
20211120_111114_192.wav,Raw_recordings_Day1_pt1,148.219412,149.220811,1.001399,W,unknown,unknown
20211120_111114_192.wav,Raw_recordings_Day1_pt1,150.506558,153.492211,2.985653,MW,unknown,unknown
20211120_111114_192.wav,Raw_recordings_Day1_pt1,150.525102,150.852721,0.327619,W,unknown,unknown
20211120_111114_192.wav,Raw_recordings_Day1_pt1,151.313241,151.575953,0.262712,W,unknown,unknown
20211120_111114_192.wav,Raw_recordings_Day1_pt1,152.994602,153.291313,0.296711,W,unknown,unknown
20211120_111114_192.wav,Raw_recordings_Day1_pt1,167.434528,167.647789,0.213261,W,unknown,unknown
20211120_111114_192.wav,Raw_recordings_Day1_pt1,169.134434,170.828158,1.693724,W,unknown,unknown
20211120_111114_192.wav,Raw_recordings_Day1_pt1,172.311712,173.999254,1.687542,W,unknown,unknown
20211120_111114_192.wav,Raw_recordings_Day1_pt1,176.054595,176.363669,0.309074,W,unknown,unknown
20211120_111114_192.wav,Raw_recordings_Day1_pt1,191.338292,191.523737,0.185445,W,unknown,unknown
20211120_111114_192.wav,Raw_recordings_Day1_pt1,192.512773,192.772395,0.259622,W,unknown,unknown
20211120_111114_192.wav,Raw_recordings_Day1_pt1,207.657387,209.882718,2.225331,MW,unknown,unknown
20211120_111114_192.wav,Raw_recordings_Day1_pt1,207.722292,207.898464,0.176172,W,unknown,unknown
20211120_111114_192.wav,Raw_recordings_Day1_pt1,208.556792,208.893682,0.33689,W,unknown,unknown
20211120_111114_192.wav,Raw_recordings_Day1_pt1,209.487104,209.867264,0.38016,W,unknown,unknown
20211120_111114_192.wav,Raw_recordings_Day1_pt1,210.485412,210.775941,0.290529,W,unknown,unknown
20211120_111114_192.wav,Raw_recordings_Day1_pt1,216.320724,219.498003,3.177279,MW,unknown,unknown
20211120_111114_192.wav,Raw_recordings_Day1_pt1,216.320724,216.481443,0.160719,W,unknown,unknown
20211120_111114_192.wav,Raw_recordings_Day1_pt1,217.414846,217.618834,0.203988,W,unknown,unknown
20211120_111114_192.wav,Raw_recordings_Day1_pt1,219.164203,219.44546,0.281257,W,unknown,unknown
20211120_111114_192.wav,Raw_recordings_Day1_pt1,221.568797,221.862417,0.29362,W,unknown,unknown
20211120_111114_192.wav,Raw_recordings_Day1_pt1,224.127928,224.486453,0.358525,W,unknown,unknown
20211120_111114_192.wav,Raw_recordings_Day1_pt1,224.165016,226.69324,2.528224,MW,unknown,unknown
20211120_111114_192.wav,Raw_recordings_Day1_pt1,225.432219,225.744383,0.312164,W,unknown,unknown
20211120_111114_192.wav,Raw_recordings_Day1_pt1,226.350168,226.708693,0.358525,W,unknown,unknown
20211120_111114_192.wav,Raw_recordings_Day1_pt1,226.73651,227.703911,0.967401,ECT,unknown,unknown
20211120_111114_192.wav,Raw_recordings_Day1_pt1,228.207701,228.587862,0.380161,W,unknown,unknown
20211120_111114_192.wav,Raw_recordings_Day1_pt1,229.190556,231.610603,2.420047,MW,unknown,unknown
20211120_111114_192.wav,Raw_recordings_Day1_pt1,229.190556,229.536718,0.346162,W,unknown,unknown
20211120_111114_192.wav,Raw_recordings_Day1_pt1,230.677201,231.007909,0.330708,W,unknown,unknown
20211120_111114_192.wav,Raw_recordings_Day1_pt1,231.048089,231.406615,0.358526,W,unknown,unknown
20211120_111114_192.wav,Raw_recordings_Day1_pt1,236.296161,237.560273,1.264112,ECT,unknown,unknown
20211120_111114_192.wav,Raw_recordings_Day1_pt1,264.539322,266.149596,1.610274,NOISE,unknown,unknown
20211120_111114_192.wav,Raw_recordings_Day1_pt1,290.263531,292.702123,2.438592,NOISE,unknown,unknown
20211120_111615_192.wav,Raw_recordings_Day1_pt1,1.284491,1.538994,0.254503,W,unknown,unknown
20211120_111615_192.wav,Raw_recordings_Day1_pt1,6.706901,7.293754,0.586853,BPS,unknown,unknown
20211120_111615_192.wav,Raw_recordings_Day1_pt1,9.784889,11.344842,1.559953,ECT,unknown,unknown
20211120_111615_192.wav,Raw_recordings_Day1_pt1,11.698152,13.237146,1.538994,ECT,unknown,unknown
20211120_111615_192.wav,Raw_recordings_Day1_pt1,27.725848,27.995322,0.269474,W,unknown,unknown
20211120_111615_192.wav,Raw_recordings_Day1_pt1,48.792702,51.46648,2.673778,NOISE,unknown,unknown
20211120_111615_192.wav,Raw_recordings_Day1_pt1,60.18545,63.410152,3.224702,NOISE,unknown,unknown
20211120_111615_192.wav,Raw_recordings_Day1_pt1,98.366877,100.498713,2.131836,BPS,unknown,unknown
20211120_111615_192.wav,Raw_recordings_Day1_pt1,157.453474,158.01338,0.559906,W,unknown,unknown
20211120_111615_192.wav,Raw_recordings_Day1_pt1,184.523602,185.203275,0.679673,W,unknown,unknown
20211120_111615_192.wav,Raw_recordings_Day1_pt1,238.780632,239.849544,1.068912,ECT,unknown,unknown
20211120_111615_192.wav,Raw_recordings_Day1_pt1,281.399392,281.656889,0.257497,W,unknown,unknown
20211120_111615_192.wav,Raw_recordings_Day1_pt1,282.932398,283.210854,0.278456,W,unknown,unknown
20211120_111615_192.wav,Raw_recordings_Day1_pt1,287.327813,287.582316,0.254503,W,unknown,unknown
20211120_111615_192.wav,Raw_recordings_Day1_pt1,289.615345,291.268117,1.652772,ECT,unknown,unknown
20211120_112115_192.wav,Raw_recordings_Day1_pt1,9.619341,10.945268,1.325927,MW,unknown,unknown
20211120_112115_192.wav,Raw_recordings_Day1_pt1,9.635278,9.989071,0.353793,W,unknown,unknown
20211120_112115_192.wav,Raw_recordings_Day1_pt1,10.613786,10.922956,0.30917,W,unknown,unknown
20211120_112115_192.wav,Raw_recordings_Day1_pt1,16.593204,17.951004,1.3578,ECT,unknown,unknown
20211120_112115_192.wav,Raw_recordings_Day1_pt1,18.247425,18.556595,0.30917,W,unknown,unknown
20211120_112115_192.wav,Raw_recordings_Day1_pt1,19.452233,19.834712,0.382479,W,unknown,unknown
20211120_112115_192.wav,Raw_recordings_Day1_pt1,34.078859,36.243051,2.164192,ECT,unknown,unknown
20211120_112115_192.wav,Raw_recordings_Day1_pt1,48.319819,50.155717,1.835898,ECT,unknown,unknown
20211120_112115_192.wav,Raw_recordings_Day1_pt1,51.698381,52.813945,1.115564,BPS,unknown,unknown
20211120_112115_192.wav,Raw_recordings_Day1_pt1,53.292043,53.837075,0.545032,BPS,unknown,unknown
20211120_112115_192.wav,Raw_recordings_Day1_pt1,54.455416,57.088145,2.632729,BPS,unknown,unknown
20211120_112115_192.wav,Raw_recordings_Day1_pt1,62.203799,62.449222,0.245423,W,unknown,unknown
20211120_112115_192.wav,Raw_recordings_Day1_pt1,65.760851,67.813487,2.052636,MW,unknown,unknown
20211120_112115_192.wav,Raw_recordings_Day1_pt1,65.837347,66.111457,0.27411,W,unknown,unknown
20211120_112115_192.wav,Raw_recordings_Day1_pt1,66.579993,66.946535,0.366542,W,unknown,unknown
20211120_112115_192.wav,Raw_recordings_Day1_pt1,67.548939,67.813487,0.264548,W,unknown,unknown
20211120_112115_192.wav,Raw_recordings_Day1_pt1,71.201612,71.469347,0.267735,W,unknown,unknown
20211120_112115_192.wav,Raw_recordings_Day1_pt1,76.651934,76.90692,0.254986,W,unknown,unknown
20211120_112115_192.wav,Raw_recordings_Day1_pt1,84.798732,85.815488,1.016756,BPS,unknown,unknown
20211120_112115_192.wav,Raw_recordings_Day1_pt1,89.570155,91.364618,1.794463,ECT,unknown,unknown
20211120_112115_192.wav,Raw_recordings_Day1_pt1,95.211717,95.575072,0.363355,W,unknown,unknown
20211120_112115_192.wav,Raw_recordings_Day1_pt1,96.209349,97.324912,1.115563,ECT,unknown,unknown
20211120_112115_192.wav,Raw_recordings_Day1_pt1,96.435649,96.770318,0.334669,W,unknown,unknown
20211120_112115_192.wav,Raw_recordings_Day1_pt1,97.997437,98.430913,0.433476,W,unknown,unknown
20211120_112115_192.wav,Raw_recordings_Day1_pt1,122.619509,125.596469,2.97696,NOISE,unknown,unknown
20211120_112115_192.wav,Raw_recordings_Day1_pt1,126.692908,129.191769,2.498861,NOISE,unknown,unknown
20211120_112115_192.wav,Raw_recordings_Day1_pt1,132.911375,135.741718,2.830343,NOISE,unknown,unknown
20211120_112115_192.wav,Raw_recordings_Day1_pt1,141.4789,144.548292,3.069392,ECT,unknown,unknown
20211120_112115_192.wav,Raw_recordings_Day1_pt1,145.450304,147.362698,1.912394,BPS,unknown,unknown
20211120_112115_192.wav,Raw_recordings_Day1_pt1,150.642454,151.063181,0.420727,W,unknown,unknown
20211120_112115_192.wav,Raw_recordings_Day1_pt1,175.248589,178.716396,3.467807,NOISE,unknown,unknown
20211120_112115_192.wav,Raw_recordings_Day1_pt1,200.103334,202.461954,2.35862,MW,unknown,unknown
20211120_112115_192.wav,Raw_recordings_Day1_pt1,200.103334,200.320072,0.216738,W,unknown,unknown
20211120_112115_192.wav,Raw_recordings_Day1_pt1,201.1679,201.422886,0.254986,W,unknown,unknown
20211120_112115_192.wav,Raw_recordings_Day1_pt1,202.0731,202.407769,0.334669,W,unknown,unknown
20211120_112115_192.wav,Raw_recordings_Day1_pt1,204.96719,205.266798,0.299608,W,unknown,unknown
20211120_112115_192.wav,Raw_recordings_Day1_pt1,207.83578,208.10989,0.27411,W,unknown,unknown
20211120_112115_192.wav,Raw_recordings_Day1_pt1,217.8376,219.622501,1.784901,ECT,unknown,unknown
20211120_112115_192.wav,Raw_recordings_Day1_pt1,220.884681,221.206601,0.32192,W,unknown,unknown
20211120_112115_192.wav,Raw_recordings_Day1_pt1,224.199497,225.633793,1.434296,ECT,unknown,unknown
20211120_112115_192.wav,Raw_recordings_Day1_pt1,252.563486,253.92766,1.364174,BPS,unknown,unknown
20211120_112115_192.wav,Raw_recordings_Day1_pt1,279.25413,280.42069,1.16656,BPS,unknown,unknown
20211120_112616_192.wav,Raw_recordings_Day1_pt1,17.63459,19.842535,2.207945,BPS,unknown,unknown
20211120_112616_192.wav,Raw_recordings_Day1_pt1,26.196899,28.651138,2.454239,NOISE,unknown,unknown
20211120_112616_192.wav,Raw_recordings_Day1_pt1,32.701935,35.648761,2.946826,NOISE,unknown,unknown
20211120_112616_192.wav,Raw_recordings_Day1_pt1,42.052383,45.320838,3.268455,BPS,unknown,unknown
20211120_112616_192.wav,Raw_recordings_Day1_pt1,49.577363,53.451409,3.874046,ECT,unknown,unknown
20211120_112616_192.wav,Raw_recordings_Day1_pt1,56.169327,58.281653,2.112326,ECT,unknown,unknown
20211120_112616_192.wav,Raw_recordings_Day1_pt1,59.48704,59.710153,0.223113,W,unknown,unknown
20211120_112616_192.wav,Raw_recordings_Day1_pt1,59.736231,61.509542,1.773311,ECT,unknown,unknown
20211120_112616_192.wav,Raw_recordings_Day1_pt1,65.392281,67.246723,1.854442,ECT,unknown,unknown
20211120_112616_192.wav,Raw_recordings_Day1_pt1,67.365523,69.104063,1.73854,BPS,unknown,unknown
20211120_112616_192.wav,Raw_recordings_Day1_pt1,69.205478,71.019355,1.813877,NOISE,unknown,unknown
20211120_112616_192.wav,Raw_recordings_Day1_pt1,82.537182,85.30146,2.764278,NOISE,unknown,unknown
20211120_112616_192.wav,Raw_recordings_Day1_pt1,102.849123,105.520679,2.671556,NOISE,unknown,unknown
20211120_112616_192.wav,Raw_recordings_Day1_pt1,130.964211,131.222094,0.257883,W,unknown,unknown
20211120_112616_192.wav,Raw_recordings_Day1_pt1,134.383339,135.362716,0.979377,W,unknown,unknown
20211120_112616_192.wav,Raw_recordings_Day1_pt1,144.168421,146.08661,1.918189,W,unknown,unknown
20211120_112616_192.wav,Raw_recordings_Day1_pt1,167.412699,168.670243,1.257544,BPS,unknown,unknown
20211120_112616_192.wav,Raw_recordings_Day1_pt1,169.501845,170.116129,0.614284,BPS,unknown,unknown
20211120_112616_192.wav,Raw_recordings_Day1_pt1,175.491115,176.792122,1.301007,W,unknown,unknown
20211120_112616_192.wav,Raw_recordings_Day1_pt1,177.516514,179.202898,1.686384,W,unknown,unknown
20211120_112616_192.wav,Raw_recordings_Day1_pt1,179.701279,181.37897,1.677691,W,unknown,unknown
20211120_112616_192.wav,Raw_recordings_Day1_pt1,181.842581,183.517374,1.674793,W,unknown,unknown
20211120_112616_192.wav,Raw_recordings_Day1_pt1,184.433005,186.119389,1.686384,W,unknown,unknown
20211120_112616_192.wav,Raw_recordings_Day1_pt1,186.568512,188.194046,1.625534,W,unknown,unknown
20211120_112616_192.wav,Raw_recordings_Day1_pt1,188.657657,190.228138,1.570481,W,unknown,unknown
20211120_112616_192.wav,Raw_recordings_Day1_pt1,190.581641,191.937702,1.356061,W,unknown,unknown
20211120_112616_192.wav,Raw_recordings_Day1_pt1,194.76283,196.399955,1.637125,W,unknown,unknown
20211120_112616_192.wav,Raw_recordings_Day1_pt1,197.005546,198.723803,1.718257,W,unknown,unknown
20211120_112616_192.wav,Raw_recordings_Day1_pt1,263.545263,265.098359,1.553096,ECT,unknown,unknown
20211120_112616_192.wav,Raw_recordings_Day1_pt1,274.474884,274.63425,0.159366,W,unknown,unknown
20211120_112616_192.wav,Raw_recordings_Day1_pt1,274.909519,275.048602,0.139083,W,unknown,unknown
20211120_112616_192.wav,Raw_recordings_Day1_pt1,278.545965,279.119683,0.573718,BPS,unknown,unknown
20211120_113116_192.wav,Raw_recordings_Day1_pt1,10.304809,12.467166,2.162357,BPS,unknown,unknown
20211120_113116_192.wav,Raw_recordings_Day1_pt1,15.500629,17.671389,2.17076,NOISE,unknown,unknown
20211120_113116_192.wav,Raw_recordings_Day1_pt1,27.144306,29.26745,2.123144,NOISE,unknown,unknown
20211120_113116_192.wav,Raw_recordings_Day1_pt1,31.418603,33.614572,2.195969,NOISE,unknown,unknown
20211120_113116_192.wav,Raw_recordings_Day1_pt1,36.964546,38.664741,1.700195,ECT,unknown,unknown
20211120_113116_192.wav,Raw_recordings_Day1_pt1,40.594617,42.20238,1.607763,ECT,unknown,unknown
20211120_113116_192.wav,Raw_recordings_Day1_pt1,52.633233,54.882421,2.249188,BPS,unknown,unknown
20211120_113116_192.wav,Raw_recordings_Day1_pt1,56.983156,59.041877,2.058721,BPS,unknown,unknown
20211120_113116_192.wav,Raw_recordings_Day1_pt1,59.081091,59.411607,0.330516,W,unknown,unknown
20211120_113116_192.wav,Raw_recordings_Day1_pt1,61.142613,62.565511,1.422898,BPS,unknown,unknown
20211120_113116_192.wav,Raw_recordings_Day1_pt1,65.736222,67.892977,2.156755,ECT,unknown,unknown
20211120_113116_192.wav,Raw_recordings_Day1_pt1,86.057339,88.023627,1.966288,BPS,unknown,unknown
20211120_113116_192.wav,Raw_recordings_Day1_pt1,87.849966,88.118861,0.268895,W,unknown,unknown
20211120_113116_192.wav,Raw_recordings_Day1_pt1,88.219696,88.561416,0.34172,FB,unknown,unknown
20211120_113116_192.wav,Raw_recordings_Day1_pt1,88.454978,88.765887,0.310909,W,unknown,unknown
20211120_113116_192.wav,Raw_recordings_Day1_pt1,88.712669,91.410013,2.697344,BPS,unknown,unknown
20211120_113116_192.wav,Raw_recordings_Day1_pt1,92.141069,93.045786,0.904717,MW,unknown,unknown
20211120_113116_192.wav,Raw_recordings_Day1_pt1,92.157875,92.211094,0.053219,W,unknown,unknown
20211120_113116_192.wav,Raw_recordings_Day1_pt1,92.465983,92.583624,0.117641,W,unknown,unknown
20211120_113116_192.wav,Raw_recordings_Day1_pt1,92.919742,93.045786,0.126044,W,unknown,unknown
20211120_113116_192.wav,Raw_recordings_Day1_pt1,93.22785,93.597579,0.369729,FB,unknown,unknown
20211120_113116_192.wav,Raw_recordings_Day1_pt1,94.886031,97.174432,2.288401,ECT,unknown,unknown
20211120_113116_192.wav,Raw_recordings_Day1_pt1,99.689713,101.712021,2.022308,ECT,unknown,unknown
20211120_113116_192.wav,Raw_recordings_Day1_pt1,104.151676,106.865826,2.71415,ECT,unknown,unknown
20211120_113116_192.wav,Raw_recordings_Day1_pt1,107.902189,110.126168,2.223979,BPS,unknown,unknown
20211120_113116_192.wav,Raw_recordings_Day1_pt1,109.316684,111.742334,2.42565,BPS,unknown,unknown
20211120_113116_192.wav,Raw_recordings_Day1_pt1,111.6443,112.689065,1.044765,BPS,unknown,unknown
20211120_113116_192.wav,Raw_recordings_Day1_pt1,114.87103,116.968964,2.097934,NOISE,unknown,unknown
20211120_113116_192.wav,Raw_recordings_Day1_pt1,131.648905,134.122172,2.473267,NOISE,unknown,unknown
20211120_113116_192.wav,Raw_recordings_Day1_pt1,146.160788,147.552875,1.392087,ECT,unknown,unknown
20211120_113116_192.wav,Raw_recordings_Day1_pt1,148.970172,152.283732,3.31356,BPS,unknown,unknown
20211120_113116_192.wav,Raw_recordings_Day1_pt1,149.692825,149.883291,0.190466,W,unknown,unknown
20211120_113116_192.wav,Raw_recordings_Day1_pt1,150.956067,151.143733,0.187666,W,unknown,unknown
20211120_113116_192.wav,Raw_recordings_Day1_pt1,154.224812,157.070609,2.845797,ECT,unknown,unknown
20211120_113116_192.wav,Raw_recordings_Day1_pt1,170.621754,172.333154,1.7114,BPS,unknown,unknown
20211120_113116_192.wav,Raw_recordings_Day1_pt1,176.66347,178.038752,1.375282,ECT,unknown,unknown
20211120_113116_192.wav,Raw_recordings_Day1_pt1,180.198308,181.215064,1.016756,ECT,unknown,unknown
20211120_113116_192.wav,Raw_recordings_Day1_pt1,186.556535,187.410834,0.854299,FB,unknown,unknown
20211120_113116_192.wav,Raw_recordings_Day1_pt1,193.805474,195.82218,2.016706,NOISE,unknown,unknown
20211120_113116_192.wav,Raw_recordings_Day1_pt1,196.124686,197.847289,1.722603,NOISE,unknown,unknown
20211120_113116_192.wav,Raw_recordings_Day1_pt1,227.159555,227.812183,0.652628,FB,unknown,unknown
20211120_113116_192.wav,Raw_recordings_Day1_pt1,227.842994,229.333116,1.490122,BPS,unknown,unknown
20211120_113116_192.wav,Raw_recordings_Day1_pt1,234.173211,234.887461,0.71425,W,unknown,unknown
20211120_113116_192.wav,Raw_recordings_Day1_pt1,235.212375,235.842596,0.630221,FB,unknown,unknown
20211120_113116_192.wav,Raw_recordings_Day1_pt1,236.329966,236.845347,0.515381,W,unknown,unknown
20211120_113116_192.wav,Raw_recordings_Day1_pt1,238.82564,240.296155,1.470515,ECT,unknown,unknown
20211120_113116_192.wav,Raw_recordings_Day1_pt1,240.688293,241.629422,0.941129,BPS,unknown,unknown
20211120_113116_192.wav,Raw_recordings_Day1_pt1,270.810042,272.686699,1.876657,W,unknown,unknown
20211120_113116_192.wav,Raw_recordings_Day1_pt1,273.899524,275.619326,1.719802,W,unknown,unknown
20211120_113116_192.wav,Raw_recordings_Day1_pt1,275.935837,276.930185,0.994348,W,unknown,unknown
20211120_113116_192.wav,Raw_recordings_Day1_pt1,279.439864,281.322123,1.882259,W,unknown,unknown
20211120_113617_192.wav,Raw_recordings_Day1_pt1,2.378033,4.585206,2.207173,BPS,unknown,unknown
20211120_113617_192.wav,Raw_recordings_Day1_pt1,5.868055,8.526186,2.658131,NOISE,unknown,unknown
20211120_113617_192.wav,Raw_recordings_Day1_pt1,15.643479,16.486574,0.843095,ECT,unknown,unknown
20211120_113617_192.wav,Raw_recordings_Day1_pt1,27.830547,28.962143,1.131596,ECT,unknown,unknown
20211120_113617_192.wav,Raw_recordings_Day1_pt1,47.129305,50.000311,2.871006,ECT,unknown,unknown
20211120_113617_192.wav,Raw_recordings_Day1_pt1,50.689352,52.249499,1.560147,ECT,unknown,unknown
20211120_113617_192.wav,Raw_recordings_Day1_pt1,78.220194,81.147219,2.927025,ECT,unknown,unknown
20211120_113617_192.wav,Raw_recordings_Day1_pt1,102.524306,104.5074,1.983094,NOISE,unknown,unknown
20211120_113617_192.wav,Raw_recordings_Day1_pt1,166.728391,169.977529,3.249138,NOISE,unknown,unknown
20211120_113617_192.wav,Raw_recordings_Day1_pt1,171.305194,171.646913,0.341719,W,unknown,unknown
20211120_113617_192.wav,Raw_recordings_Day1_pt1,172.019444,172.296741,0.277297,W,unknown,unknown
20211120_113617_192.wav,Raw_recordings_Day1_pt1,174.876444,175.0361,0.159656,W,unknown,unknown
20211120_113617_192.wav,Raw_recordings_Day1_pt1,175.77836,176.050055,0.271695,W,unknown,unknown
20211120_113617_192.wav,Raw_recordings_Day1_pt1,177.002389,178.229219,1.22683,W,unknown,unknown
20211120_113617_192.wav,Raw_recordings_Day1_pt1,190.195009,190.503117,0.308108,W,unknown,unknown
20211120_113617_192.wav,Raw_recordings_Day1_pt1,193.16685,193.42454,0.25769,W,unknown,unknown
20211120_113617_192.wav,Raw_recordings_Day1_pt1,196.844538,197.740852,0.896314,BPS,unknown,unknown
20211120_113617_192.wav,Raw_recordings_Day1_pt1,207.194163,208.1577,0.963537,ECT,unknown,unknown
20211120_113617_192.wav,Raw_recordings_Day1_pt1,214.602757,216.812731,2.209974,BPS,unknown,unknown
20211120_113617_192.wav,Raw_recordings_Day1_pt1,228.708497,230.265843,1.557346,ECT,unknown,unknown
20211120_113617_192.wav,Raw_recordings_Day1_pt1,236.820138,238.08338,1.263242,W,unknown,unknown
20211120_113617_192.wav,Raw_recordings_Day1_pt1,261.415552,261.673242,0.25769,W,unknown,unknown
20211120_113617_192.wav,Raw_recordings_Day1_pt1,289.691454,290.559759,0.868305,BPS,unknown,unknown
20211120_114118_192.wav,Raw_recordings_Day1_pt2,0.6789,1.600036,0.921136,ECT,unknown,unknown
20211120_114118_192.wav,Raw_recordings_Day1_pt2,2.068573,3.521992,1.453419,ECT,unknown,unknown
20211120_114118_192.wav,Raw_recordings_Day1_pt2,6.766687,7.496584,0.729897,ECT,unknown,unknown
20211120_114118_192.wav,Raw_recordings_Day1_pt2,9.797831,10.065566,0.267735,W,unknown,unknown
20211120_114118_192.wav,Raw_recordings_Day1_pt2,10.849648,11.16838,0.318732,W,unknown,unknown
20211120_114118_192.wav,Raw_recordings_Day1_pt2,11.509424,11.767597,0.258173,W,unknown,unknown
20211120_114118_192.wav,Raw_recordings_Day1_pt2,12.210635,13.664054,1.453419,ECT,unknown,unknown
20211120_114118_192.wav,Raw_recordings_Day1_pt2,20.322372,22.645931,2.323559,ECT,unknown,unknown
20211120_114118_192.wav,Raw_recordings_Day1_pt2,22.030778,22.161458,0.13068,W,unknown,unknown
20211120_114118_192.wav,Raw_recordings_Day1_pt2,27.860392,28.080317,0.219925,W,unknown,unknown
20211120_114118_192.wav,Raw_recordings_Day1_pt2,41.352331,44.182673,2.830342,NOISE,unknown,unknown
20211120_114118_192.wav,Raw_recordings_Day1_pt2,57.6778,58.850735,1.172935,BPS,unknown,unknown
20211120_114118_192.wav,Raw_recordings_Day1_pt2,75.214452,75.459875,0.245423,W,unknown,unknown
20211120_114118_192.wav,Raw_recordings_Day1_pt2,77.50295,79.74045,2.2375,MW,unknown,unknown
20211120_114118_192.wav,Raw_recordings_Day1_pt2,77.617693,77.882241,0.264548,W,unknown,unknown
20211120_114118_192.wav,Raw_recordings_Day1_pt2,77.882241,79.826508,1.944267,FB,unknown,unknown
20211120_114118_192.wav,Raw_recordings_Day1_pt2,78.506956,78.797003,0.290047,W,unknown,unknown
20211120_114118_192.wav,Raw_recordings_Day1_pt2,79.47909,79.689453,0.210363,W,unknown,unknown
20211120_114118_192.wav,Raw_recordings_Day1_pt2,82.09907,83.192321,1.093251,BPS,unknown,unknown
20211120_114118_192.wav,Raw_recordings_Day1_pt2,88.164546,88.44503,0.280484,W,unknown,unknown
20211120_114118_192.wav,Raw_recordings_Day1_pt2,93.442753,95.179844,1.737091,FB,unknown,unknown
20211120_114118_192.wav,Raw_recordings_Day1_pt2,110.24632,110.587364,0.341044,W,unknown,unknown
20211120_114118_192.wav,Raw_recordings_Day1_pt2,111.033589,111.400131,0.366542,W,unknown,unknown
20211120_114118_192.wav,Raw_recordings_Day1_pt2,119.706295,119.900722,0.194427,W,unknown,unknown
20211120_114118_192.wav,Raw_recordings_Day1_pt2,132.567144,134.98951,2.422366,NOISE,unknown,unknown
20211120_114118_192.wav,Raw_recordings_Day1_pt2,146.036772,147.314889,1.278117,ECT,unknown,unknown
20211120_114118_192.wav,Raw_recordings_Day1_pt2,157.42189,159.503212,2.081322,PSB,unknown,unknown
20211120_114118_192.wav,Raw_recordings_Day1_pt2,160.870574,161.992512,1.121938,NOISE,unknown,unknown
20211120_114118_192.wav,Raw_recordings_Day1_pt2,188.676781,189.036949,0.360168,W,unknown,unknown
20211120_114118_192.wav,Raw_recordings_Day1_pt2,197.084939,197.789338,0.704399,W,unknown,unknown
20211120_114118_192.wav,Raw_recordings_Day1_pt2,223.29111,225.37562,2.08451,NOISE,unknown,unknown
20211120_114118_192.wav,Raw_recordings_Day1_pt2,251.894148,256.324527,4.430379,ECT,unknown,unknown
20211120_114118_192.wav,Raw_recordings_Day1_pt2,257.17873,259.228179,2.049449,ECT,unknown,unknown
20211120_114118_192.wav,Raw_recordings_Day1_pt2,259.397107,260.187563,0.790456,BPS,unknown,unknown
20211120_114118_192.wav,Raw_recordings_Day1_pt2,261.032204,262.32307,1.290866,BPS,unknown,unknown
20211120_114118_192.wav,Raw_recordings_Day1_pt2,262.689612,265.303217,2.613605,ECT,unknown,unknown
20211120_114118_192.wav,Raw_recordings_Day1_pt2,265.956618,266.916002,0.959384,ECT,unknown,unknown
20211120_114118_192.wav,Raw_recordings_Day1_pt2,292.035296,293.801073,1.765777,BPS,unknown,unknown
20211120_114618_192.wav,Raw_recordings_Day1_pt2,5.688889,6.661988,0.973099,BPS,unknown,unknown
20211120_114618_192.wav,Raw_recordings_Day1_pt2,6.877567,7.682994,0.805427,ECT,unknown,unknown
20211120_114618_192.wav,Raw_recordings_Day1_pt2,7.949474,10.656187,2.706713,ECT,unknown,unknown
20211120_114618_192.wav,Raw_recordings_Day1_pt2,33.854877,34.941754,1.086877,ECT,unknown,unknown
20211120_114618_192.wav,Raw_recordings_Day1_pt2,104.903111,106.597801,1.69469,ECT,unknown,unknown
20211120_114618_192.wav,Raw_recordings_Day1_pt2,108.729637,109.097918,0.368281,W,unknown,unknown
20211120_114618_192.wav,Raw_recordings_Day1_pt2,108.792515,112.136982,3.344467,MW,unknown,unknown
20211120_114618_192.wav,Raw_recordings_Day1_pt2,109.472187,109.864421,0.392234,W,unknown,unknown
20211120_114618_192.wav,Raw_recordings_Day1_pt2,110.190784,110.532117,0.341333,W,unknown,unknown
20211120_114618_192.wav,Raw_recordings_Day1_pt2,111.654924,111.987275,0.332351,W,unknown,unknown
20211120_114618_192.wav,Raw_recordings_Day1_pt2,113.268772,113.619088,0.350316,W,unknown,unknown
20211120_114618_192.wav,Raw_recordings_Day1_pt2,116.891696,117.221053,0.329357,W,unknown,unknown
20211120_114618_192.wav,Raw_recordings_Day1_pt2,120.469708,120.837988,0.36828,W,unknown,unknown
20211120_114618_192.wav,Raw_recordings_Day1_pt2,136.695018,137.467509,0.772491,ECT,unknown,unknown
20211120_114618_192.wav,Raw_recordings_Day1_pt2,144.060632,145.201404,1.140772,ECT,unknown,unknown
20211120_114618_192.wav,Raw_recordings_Day1_pt2,148.887205,149.327345,0.44014,W,unknown,unknown
20211120_114618_192.wav,Raw_recordings_Day1_pt2,163.199251,165.65745,2.458199,BPS,unknown,unknown
20211120_114618_192.wav,Raw_recordings_Day1_pt2,167.699462,168.05876,0.359298,W,unknown,unknown
20211120_114618_192.wav,Raw_recordings_Day1_pt2,168.495906,168.822269,0.326363,W,unknown,unknown
20211120_114618_192.wav,Raw_recordings_Day1_pt2,169.316304,169.603743,0.287439,W,unknown,unknown
20211120_114618_192.wav,Raw_recordings_Day1_pt2,170.789427,172.762573,1.973146,BPS,unknown,unknown
20211120_114618_192.wav,Raw_recordings_Day1_pt2,172.801497,173.100912,0.299415,W,unknown,unknown
20211120_114618_192.wav,Raw_recordings_Day1_pt2,173.067977,175.256702,2.188725,BPS,unknown,unknown
20211120_114618_192.wav,Raw_recordings_Day1_pt2,177.095111,177.517287,0.422176,W,unknown,unknown
20211120_114618_192.wav,Raw_recordings_Day1_pt2,178.496374,181.789942,3.293568,ECT,unknown,unknown
20211120_114618_192.wav,Raw_recordings_Day1_pt2,183.517567,183.828959,0.311392,W,unknown,unknown
20211120_114618_192.wav,Raw_recordings_Day1_pt2,216.54007,216.947275,0.407205,W,unknown,unknown
20211120_114618_192.wav,Raw_recordings_Day1_pt2,216.576,218.474292,1.898292,MW,unknown,unknown
20211120_114618_192.wav,Raw_recordings_Day1_pt2,217.426339,217.755696,0.329357,W,unknown,unknown
20211120_114618_192.wav,Raw_recordings_Day1_pt2,218.207813,218.531181,0.323368,W,unknown,unknown
20211120_114618_192.wav,Raw_recordings_Day1_pt2,220.609123,220.908538,0.299415,W,unknown,unknown
20211120_114618_192.wav,Raw_recordings_Day1_pt2,227.534596,227.780117,0.245521,W,unknown,unknown
20211120_114618_192.wav,Raw_recordings_Day1_pt2,230.423953,236.63083,6.206877,MW,unknown,unknown
20211120_114618_192.wav,Raw_recordings_Day1_pt2,230.507789,230.909006,0.401217,W,unknown,unknown
20211120_114618_192.wav,Raw_recordings_Day1_pt2,231.274292,231.648561,0.374269,W,unknown,unknown
20211120_114618_192.wav,Raw_recordings_Day1_pt2,232.031813,232.355181,0.323368,W,unknown,unknown
20211120_114618_192.wav,Raw_recordings_Day1_pt2,233.27738,233.711532,0.434152,W,unknown,unknown
20211120_114618_192.wav,Raw_recordings_Day1_pt2,234.100772,234.606784,0.506012,W,unknown,unknown
20211120_114618_192.wav,Raw_recordings_Day1_pt2,235.370292,235.741567,0.371275,W,unknown,unknown
20211120_114618_192.wav,Raw_recordings_Day1_pt2,236.181708,236.493099,0.311391,W,unknown,unknown
20211120_114618_192.wav,Raw_recordings_Day1_pt2,237.514105,239.951345,2.43724,MW,unknown,unknown
20211120_114618_192.wav,Raw_recordings_Day1_pt2,237.582971,237.978199,0.395228,W,unknown,unknown
20211120_114618_192.wav,Raw_recordings_Day1_pt2,238.487205,238.861474,0.374269,W,unknown,unknown
20211120_114618_192.wav,Raw_recordings_Day1_pt2,239.499228,239.951345,0.452117,W,unknown,unknown
20211120_114618_192.wav,Raw_recordings_Day1_pt2,241.562199,250.272187,8.709988,MW,unknown,unknown
20211120_114618_192.wav,Raw_recordings_Day1_pt2,241.649029,242.092164,0.443135,W,unknown,unknown
20211120_114618_192.wav,Raw_recordings_Day1_pt2,242.400561,242.81076,0.410199,W,unknown,unknown
20211120_114618_192.wav,Raw_recordings_Day1_pt2,243.598222,243.930573,0.332351,W,unknown,unknown
20211120_114618_192.wav,Raw_recordings_Day1_pt2,244.376702,244.759953,0.383251,W,unknown,unknown
20211120_114618_192.wav,Raw_recordings_Day1_pt2,245.203088,245.643228,0.44014,W,unknown,unknown
20211120_114618_192.wav,Raw_recordings_Day1_pt2,246.029474,246.460632,0.431158,W,unknown,unknown
20211120_114618_192.wav,Raw_recordings_Day1_pt2,246.736094,247.125333,0.389239,W,unknown,unknown
20211120_114618_192.wav,Raw_recordings_Day1_pt2,247.493614,247.882854,0.38924,W,unknown,unknown
20211120_114618_192.wav,Raw_recordings_Day1_pt2,248.146339,248.553544,0.407205,W,unknown,unknown
20211120_114618_192.wav,Raw_recordings_Day1_pt2,249.095485,249.41586,0.320375,W,unknown,unknown
20211120_114618_192.wav,Raw_recordings_Day1_pt2,249.829053,250.212304,0.383251,W,unknown,unknown
20211120_114618_192.wav,Raw_recordings_Day1_pt2,254.068772,255.934129,1.865357,MW,unknown,unknown
20211120_114618_192.wav,Raw_recordings_Day1_pt2,254.152608,254.481965,0.329357,W,unknown,unknown
20211120_114618_192.wav,Raw_recordings_Day1_pt2,254.85324,255.185591,0.332351,W,unknown,unknown
20211120_114618_192.wav,Raw_recordings_Day1_pt2,255.505965,255.862269,0.356304,W,unknown,unknown
20211120_114618_192.wav,Raw_recordings_Day1_pt2,257.796491,264.560281,6.76379,MW,unknown,unknown
20211120_114618_192.wav,Raw_recordings_Day1_pt2,257.916257,258.281544,0.365287,W,unknown,unknown
20211120_114618_192.wav,Raw_recordings_Day1_pt2,258.658807,259.116912,0.458105,W,unknown,unknown
20211120_114618_192.wav,Raw_recordings_Day1_pt2,259.853474,260.269661,0.416187,W,unknown,unknown
20211120_114618_192.wav,Raw_recordings_Day1_pt2,260.619977,261.003228,0.383251,W,unknown,unknown
20211120_114618_192.wav,Raw_recordings_Day1_pt2,261.479298,261.865544,0.386246,W,unknown,unknown
20211120_114618_192.wav,Raw_recordings_Day1_pt2,262.242807,262.623064,0.380257,W,unknown,unknown
20211120_114618_192.wav,Raw_recordings_Day1_pt2,262.994339,263.404538,0.410199,W,unknown,unknown
20211120_114618_192.wav,Raw_recordings_Day1_pt2,263.967439,264.416561,0.449122,W,unknown,unknown
20211120_114618_192.wav,Raw_recordings_Day1_pt2,264.967485,266.647205,1.67972,W,unknown,unknown
20211120_114618_192.wav,Raw_recordings_Day1_pt2,267.524491,268.371836,0.847345,W,unknown,unknown
20211120_114618_192.wav,Raw_recordings_Day1_pt2,267.560421,271.934877,4.374456,MW,unknown,unknown
20211120_114618_192.wav,Raw_recordings_Day1_pt2,268.371836,269.063485,0.691649,W,unknown,unknown
20211120_114618_192.wav,Raw_recordings_Day1_pt2,269.123368,269.755135,0.631767,W,unknown,unknown
20211120_114618_192.wav,Raw_recordings_Day1_pt2,269.809029,270.425825,0.616796,W,unknown,unknown
20211120_114618_192.wav,Raw_recordings_Day1_pt2,270.518643,271.117474,0.598831,W,unknown,unknown
20211120_114618_192.wav,Raw_recordings_Day1_pt2,271.183345,271.866012,0.682667,W,unknown,unknown
20211120_114618_192.wav,Raw_recordings_Day1_pt2,272.593591,273.548725,0.955134,W,unknown,unknown
20211120_114618_192.wav,Raw_recordings_Day1_pt2,272.647485,275.503906,2.856421,MW,unknown,unknown
20211120_114618_192.wav,Raw_recordings_Day1_pt2,273.599626,274.240374,0.640748,W,unknown,unknown
20211120_114618_192.wav,Raw_recordings_Day1_pt2,274.728421,275.482947,0.754526,W,unknown,unknown
20211120_115119_192.wav,Raw_recordings_Day1_pt2,41.797397,43.588093,1.790696,NOISE,unknown,unknown
20211120_115119_192.wav,Raw_recordings_Day1_pt2,44.489236,44.692066,0.20283,W,unknown,unknown
20211120_115119_192.wav,Raw_recordings_Day1_pt2,44.509519,45.480204,0.970685,MW,unknown,unknown
20211120_115119_192.wav,Raw_recordings_Day1_pt2,44.819559,45.057159,0.2376,W,unknown,unknown
20211120_115119_192.wav,Raw_recordings_Day1_pt2,45.225218,45.500487,0.275269,W,unknown,unknown
20211120_115119_192.wav,Raw_recordings_Day1_pt2,47.073865,48.038755,0.96489,MW,unknown,unknown
20211120_115119_192.wav,Raw_recordings_Day1_pt2,47.073865,47.201358,0.127493,W,unknown,unknown
20211120_115119_192.wav,Raw_recordings_Day1_pt2,47.398393,47.580939,0.182546,W,unknown,unknown
20211120_115119_192.wav,Raw_recordings_Day1_pt2,47.80695,48.009779,0.202829,W,unknown,unknown
20211120_115119_192.wav,Raw_recordings_Day1_pt2,49.36584,49.562875,0.197035,W,unknown,unknown
20211120_115119_192.wav,Raw_recordings_Day1_pt2,49.386123,50.701619,1.315496,MW,unknown,unknown
20211120_115119_192.wav,Raw_recordings_Day1_pt2,49.609236,49.887402,0.278166,W,unknown,unknown
20211120_115119_192.wav,Raw_recordings_Day1_pt2,49.99751,50.240905,0.243395,W,unknown,unknown
20211120_115119_192.wav,Raw_recordings_Day1_pt2,50.400272,50.629179,0.228907,W,unknown,unknown
20211120_115119_192.wav,Raw_recordings_Day1_pt2,52.816842,54.051205,1.234363,ECT,unknown,unknown
20211120_115119_192.wav,Raw_recordings_Day1_pt2,77.382411,79.375937,1.993526,BPS,unknown,unknown
20211120_115119_192.wav,Raw_recordings_Day1_pt2,82.577748,84.724844,2.147096,NOISE,unknown,unknown
20211120_115119_192.wav,Raw_recordings_Day1_pt2,88.665535,90.841607,2.176072,NOISE,unknown,unknown
20211120_115119_192.wav,Raw_recordings_Day1_pt2,93.649349,96.031149,2.3818,NOISE,unknown,unknown
20211120_115119_192.wav,Raw_recordings_Day1_pt2,99.525614,101.919004,2.39339,MW,unknown,unknown
20211120_115119_192.wav,Raw_recordings_Day1_pt2,99.525614,99.774805,0.249191,W,unknown,unknown
20211120_115119_192.wav,Raw_recordings_Day1_pt2,100.252903,100.548455,0.295552,W,unknown,unknown
20211120_115119_192.wav,Raw_recordings_Day1_pt2,101.014963,101.246769,0.231806,W,unknown,unknown
20211120_115119_192.wav,Raw_recordings_Day1_pt2,101.629247,101.919004,0.289757,W,unknown,unknown
20211120_115119_192.wav,Raw_recordings_Day1_pt2,103.60249,103.874861,0.272371,W,unknown,unknown
20211120_115119_192.wav,Raw_recordings_Day1_pt2,105.575733,105.88867,0.312937,W,unknown,unknown
20211120_115119_192.wav,Raw_recordings_Day1_pt2,106.873843,107.163599,0.289756,W,unknown,unknown
20211120_115119_192.wav,Raw_recordings_Day1_pt2,107.954635,110.287176,2.332541,MW,unknown,unknown
20211120_115119_192.wav,Raw_recordings_Day1_pt2,108.024177,108.357397,0.33322,W,unknown,unknown
20211120_115119_192.wav,Raw_recordings_Day1_pt2,108.905037,109.229564,0.324527,W,unknown,unknown
20211120_115119_192.wav,Raw_recordings_Day1_pt2,109.852541,110.243713,0.391172,W,unknown,unknown
20211120_115119_192.wav,Raw_recordings_Day1_pt2,111.304222,111.660623,0.356401,W,unknown,unknown
20211120_115119_192.wav,Raw_recordings_Day1_pt2,113.671534,115.601313,1.929779,NOISE,unknown,unknown
20211120_115119_192.wav,Raw_recordings_Day1_pt2,133.45322,134.902003,1.448783,BPS,unknown,unknown
20211120_115119_192.wav,Raw_recordings_Day1_pt2,153.7188,155.190764,1.471964,NOISE,unknown,unknown
20211120_115119_192.wav,Raw_recordings_Day1_pt2,174.563894,174.807289,0.243395,W,unknown,unknown
20211120_115119_192.wav,Raw_recordings_Day1_pt2,210.910968,212.681381,1.770413,NOISE,unknown,unknown
20211120_115119_192.wav,Raw_recordings_Day1_pt2,252.569281,254.838076,2.268795,NOISE,unknown,unknown
20211120_115119_192.wav,Raw_recordings_Day1_pt2,271.342615,273.32455,1.981935,NOISE,unknown,unknown
20211120_115119_192.wav,Raw_recordings_Day1_pt2,297.084595,299.36498,2.280385,NOISE,unknown,unknown
20211120_115619_192.wav,Raw_recordings_Day1_pt2,0.95301,2.734723,1.781713,NOISE,unknown,unknown
20211120_115619_192.wav,Raw_recordings_Day1_pt2,12.698295,15.18122,2.482925,NOISE,unknown,unknown
20211120_115619_192.wav,Raw_recordings_Day1_pt2,34.579269,37.154626,2.575357,NOISE,unknown,unknown
20211120_115619_192.wav,Raw_recordings_Day1_pt2,38.027952,39.414438,1.386486,NOISE,unknown,unknown
20211120_115619_192.wav,Raw_recordings_Day1_pt2,63.418169,65.843722,2.425553,NOISE,unknown,unknown
20211120_115619_192.wav,Raw_recordings_Day1_pt2,89.382103,90.472168,1.090065,BPS,unknown,unknown
20211120_115619_192.wav,Raw_recordings_Day1_pt2,95.584634,95.861931,0.277297,W,unknown,unknown
20211120_115619_192.wav,Raw_recordings_Day1_pt2,95.603758,98.328919,2.725161,MW,unknown,unknown
20211120_115619_192.wav,Raw_recordings_Day1_pt2,96.343217,96.709759,0.366542,W,unknown,unknown
20211120_115619_192.wav,Raw_recordings_Day1_pt2,97.197419,97.45878,0.261361,W,unknown,unknown
20211120_115619_192.wav,Raw_recordings_Day1_pt2,97.920942,98.309795,0.388853,W,unknown,unknown
20211120_115619_192.wav,Raw_recordings_Day1_pt2,106.513965,108.604849,2.090884,NOISE,unknown,unknown
20211120_115619_192.wav,Raw_recordings_Day1_pt2,118.077573,120.471253,2.39368,NOISE,unknown,unknown
20211120_115619_192.wav,Raw_recordings_Day1_pt2,123.550207,125.934325,2.384118,NOISE,unknown,unknown
20211120_115619_192.wav,Raw_recordings_Day1_pt2,134.520973,137.450123,2.92915,NOISE,unknown,unknown
20211120_115619_192.wav,Raw_recordings_Day1_pt2,145.88378,148.210526,2.326746,NOISE,unknown,unknown
20211120_115619_192.wav,Raw_recordings_Day1_pt2,150.954812,155.193951,4.239139,MW,unknown,unknown
20211120_115619_192.wav,Raw_recordings_Day1_pt2,150.989872,151.241671,0.251799,W,unknown,unknown
20211120_115619_192.wav,Raw_recordings_Day1_pt2,151.98113,152.248865,0.267735,W,unknown,unknown
20211120_115619_192.wav,Raw_recordings_Day1_pt2,152.800272,153.080756,0.280484,W,unknown,unknown
20211120_115619_192.wav,Raw_recordings_Day1_pt2,153.530169,153.823402,0.293233,W,unknown,unknown
20211120_115619_192.wav,Raw_recordings_Day1_pt2,154.18357,154.49274,0.30917,W,unknown,unknown
20211120_115619_192.wav,Raw_recordings_Day1_pt2,154.798723,155.12383,0.325107,W,unknown,unknown
20211120_115619_192.wav,Raw_recordings_Day1_pt2,156.580437,158.572514,1.992077,MW,unknown,unknown
20211120_115619_192.wav,Raw_recordings_Day1_pt2,156.685619,156.997976,0.312357,W,unknown,unknown
20211120_115619_192.wav,Raw_recordings_Day1_pt2,157.409141,157.766121,0.35698,W,unknown,unknown
20211120_115619_192.wav,Raw_recordings_Day1_pt2,158.132663,158.441834,0.309171,W,unknown,unknown
20211120_115619_192.wav,Raw_recordings_Day1_pt2,159.331097,159.649829,0.318732,W,unknown,unknown
20211120_115619_192.wav,Raw_recordings_Day1_pt2,161.045877,161.358234,0.312357,W,unknown,unknown
20211120_115619_192.wav,Raw_recordings_Day1_pt2,173.610304,176.370526,2.760222,NOISE,unknown,unknown
20211120_115619_192.wav,Raw_recordings_Day1_pt2,185.779504,188.383547,2.604043,NOISE,unknown,unknown
20211120_115619_192.wav,Raw_recordings_Day1_pt2,198.981397,201.199774,2.218377,NOISE,unknown,unknown
20211120_115619_192.wav,Raw_recordings_Day1_pt2,282.007977,282.674128,0.666151,ECT,unknown,unknown
20211120_115619_192.wav,Raw_recordings_Day1_pt2,292.701447,293.864819,1.163372,MW,unknown,unknown
20211120_115619_192.wav,Raw_recordings_Day1_pt2,292.803441,292.991493,0.188052,W,unknown,unknown
20211120_115619_192.wav,Raw_recordings_Day1_pt2,293.361222,293.62577,0.264548,W,unknown,unknown
20211120_115619_192.wav,Raw_recordings_Day1_pt2,296.261686,296.500736,0.23905,W,unknown,unknown
20211120_115619_192.wav,Raw_recordings_Day1_pt2,296.943774,297.294379,0.350605,W,unknown,unknown
20211120_115619_192.wav,Raw_recordings_Day1_pt2,297.632235,297.976466,0.344231,W,unknown,unknown
20211120_115619_192.wav,Raw_recordings_Day1_pt2,299.474508,300.417956,0.943448,W,unknown,unknown
20211120_120120_192.wav,Raw_recordings_Day1_pt2,0,2.506395,2.506395,MW,ORD,matched
20211120_120120_192.wav,Raw_recordings_Day1_pt2,0,0.724392,0.724392,W,ORD,matched
20211120_120120_192.wav,Raw_recordings_Day1_pt2,1.28652,1.622637,0.336117,W,ORD,matched
20211120_120120_192.wav,Raw_recordings_Day1_pt2,1.842852,2.068862,0.22601,W,ORD,matched
20211120_120120_192.wav,Raw_recordings_Day1_pt2,2.265897,2.506395,0.240498,W,ORD,matched
20211120_120120_192.wav,Raw_recordings_Day1_pt2,3.508953,4.282603,0.77365,ECT,ORD,matched
20211120_120120_192.wav,Raw_recordings_Day1_pt2,4.717238,5.351805,0.634567,MW,ORD,matched
20211120_120120_192.wav,Raw_recordings_Day1_pt2,4.772292,5.009892,0.2376,W,ORD,matched
20211120_120120_192.wav,Raw_recordings_Day1_pt2,5.125795,5.337317,0.211522,W,ORD,matched
20211120_120120_192.wav,Raw_recordings_Day1_pt2,11.993028,12.905761,0.912733,W,ORD,matched
20211120_120120_192.wav,Raw_recordings_Day1_pt2,26.541709,27.364618,0.822909,BPS,ORD,matched
20211120_120120_192.wav,Raw_recordings_Day1_pt2,27.703633,28.798913,1.09528,ECT,ORD,matched
20211120_120120_192.wav,Raw_recordings_Day1_pt2,34.510017,36.558596,2.048579,BPS,ORD,matched
20211120_120120_192.wav,Raw_recordings_Day1_pt2,36.73245,37.074363,0.341913,BPS,ORD,matched
20211120_120120_192.wav,Raw_recordings_Day1_pt2,62.767085,65.183656,2.416571,BPS,ORD,matched
20211120_120120_192.wav,Raw_recordings_Day1_pt2,105.517782,108.102411,2.584629,ECT,ORD,matched
20211120_120120_192.wav,Raw_recordings_Day1_pt2,110.852201,112.886293,2.034092,BPS,ORD,matched
20211120_120120_192.wav,Raw_recordings_Day1_pt2,113.022479,114.708862,1.686383,ECT,ORD,matched
20211120_120120_192.wav,Raw_recordings_Day1_pt2,115.349225,117.23554,1.886315,NOISE,ORD,matched
20211120_120120_192.wav,Raw_recordings_Day1_pt2,119.130549,121.303724,2.173175,ECT,ORD,matched
20211120_120120_192.wav,Raw_recordings_Day1_pt2,122.729327,123.784041,1.054714,NOISE,ORD,matched
20211120_120120_192.wav,Raw_recordings_Day1_pt2,128.260781,129.958755,1.697974,NOISE,ORD,matched
20211120_120120_192.wav,Raw_recordings_Day1_pt2,205.877895,207.778698,1.900803,NOISE,ORD,matched
20211120_120620_192.wav,Raw_recordings_Day1_pt2,29.658042,31.44613,1.788088,ECT,ORD,matched
20211120_120620_192.wav,Raw_recordings_Day1_pt2,34.706762,37.747468,3.040706,BPS,ORD,matched
20211120_120620_192.wav,Raw_recordings_Day1_pt2,102.418255,104.467703,2.049448,NOISE,ORD,matched
20211120_120620_192.wav,Raw_recordings_Day1_pt2,124.853822,127.081761,2.227939,NOISE,ORD,matched
20211120_120620_192.wav,Raw_recordings_Day1_pt2,135.811839,136.650105,0.838266,ECT,ORD,matched
20211120_120620_192.wav,Raw_recordings_Day1_pt2,153.746907,154.476804,0.729897,BPS,ORD,matched
20211120_120620_192.wav,Raw_recordings_Day1_pt2,179.258241,179.905268,0.647027,W,ORD,matched
20211120_120620_192.wav,Raw_recordings_Day1_pt2,191.17883,192.256145,1.077315,BPS,ORD,matched
20211120_120620_192.wav,Raw_recordings_Day1_pt2,195.570961,196.342293,0.771332,W,ORD,matched
20211120_120620_192.wav,Raw_recordings_Day1_pt2,204.310601,205.27636,0.965759,W,ORD,matched
20211120_120620_192.wav,Raw_recordings_Day1_pt2,224.6011,225.850531,1.249431,BPS,ORD,matched
20211120_120620_192.wav,Raw_recordings_Day1_pt2,285.408851,288.149949,2.741098,NOISE,ORD,matched
20211120_120620_192.wav,Raw_recordings_Day1_pt2,298.435441,299.296018,0.860577,NOISE,ORD,matched
20211120_121121_192.wav,Raw_recordings_Day1_pt2,3.083977,4.236725,1.152748,W,ORD,matched
20211120_121121_192.wav,Raw_recordings_Day1_pt2,5.368515,6.188912,0.820397,ECT,ORD,matched
20211120_121121_192.wav,Raw_recordings_Day1_pt2,7.536281,8.982456,1.446175,NOISE,ORD,matched
20211120_121121_192.wav,Raw_recordings_Day1_pt2,25.414363,27.255766,1.841403,W,ORD,matched
20211120_121121_192.wav,Raw_recordings_Day1_pt2,38.585637,39.585684,1.000047,ECT,ORD,matched
20211120_121121_192.wav,Raw_recordings_Day1_pt2,49.595135,51.424561,1.829426,NOISE,ORD,matched
20211120_121121_192.wav,Raw_recordings_Day1_pt2,97.845895,100.277146,2.431251,NOISE,ORD,matched
20211120_121121_192.wav,Raw_recordings_Day1_pt2,108.244585,108.711673,0.467088,W,ORD,matched
20211120_121121_192.wav,Raw_recordings_Day1_pt2,109.316491,111.029146,1.712655,ECT,ORD,matched
20211120_121121_192.wav,Raw_recordings_Day1_pt2,115.900632,117.858807,1.958175,NOISE,ORD,matched
20211120_121121_192.wav,Raw_recordings_Day1_pt2,132.16786,133.757754,1.589894,NOISE,ORD,matched
20211120_121121_192.wav,Raw_recordings_Day1_pt2,156.103111,157.423532,1.320421,ECT,ORD,matched
20211120_121121_192.wav,Raw_recordings_Day1_pt2,195.93731,196.072047,0.134737,W,ORD,matched
20211120_121121_192.wav,Raw_recordings_Day1_pt2,196.338526,196.658901,0.320375,W,ORD,matched
20211120_121121_192.wav,Raw_recordings_Day1_pt2,207.357006,208.437895,1.080889,ECT,ORD,matched
20211120_121121_192.wav,Raw_recordings_Day1_pt2,214.980117,215.698713,0.718596,W,ORD,matched
20211120_121121_192.wav,Raw_recordings_Day1_pt2,216.456234,217.713778,1.257544,W,ORD,matched
20211120_121121_192.wav,Raw_recordings_Day1_pt2,252.230363,255.488,3.257637,BPS,ORD,matched
20211120_121121_192.wav,Raw_recordings_Day1_pt2,260.488234,260.697825,0.209591,W,ORD,matched
20211120_121121_192.wav,Raw_recordings_Day1_pt2,260.940351,261.096047,0.155696,W,ORD,matched
20211120_121121_192.wav,Raw_recordings_Day1_pt2,265.386667,266.371743,0.985076,FB,ORD,matched
20211120_121121_192.wav,Raw_recordings_Day1_pt2,269.443743,270.497684,1.053941,W,ORD,matched
20211120_121121_192.wav,Raw_recordings_Day1_pt2,275.054784,275.396117,0.341333,W,ORD,matched
20211120_121121_192.wav,Raw_recordings_Day1_pt2,275.06676,276.048842,0.982082,MW,ORD,matched
20211120_121121_192.wav,Raw_recordings_Day1_pt2,275.461988,275.647626,0.185638,W,ORD,matched
20211120_121121_192.wav,Raw_recordings_Day1_pt2,275.812304,276.111719,0.299415,W,ORD,matched
20211120_121622_192.wav,Raw_recordings_Day1_pt2,1.344374,2.059977,0.715603,W,ORD,matched
20211120_121622_192.wav,Raw_recordings_Day1_pt2,2.958222,3.554058,0.595836,W,ORD,matched
20211120_121622_192.wav,Raw_recordings_Day1_pt2,11.111298,11.246035,0.134737,W,ORD,matched
20211120_121622_192.wav,Raw_recordings_Day1_pt2,12.931743,13.204211,0.272468,W,ORD,matched
20211120_121622_192.wav,Raw_recordings_Day1_pt2,13.826994,14.012632,0.185638,W,ORD,matched
20211120_121622_192.wav,Raw_recordings_Day1_pt2,19.093708,19.378152,0.284444,W,ORD,matched
20211120_121622_192.wav,Raw_recordings_Day1_pt2,35.393871,36.139415,0.745544,W,ORD,matched
20211120_121622_192.wav,Raw_recordings_Day1_pt2,54.792982,55.828959,1.035977,MW,ORD,matched
20211120_121622_192.wav,Raw_recordings_Day1_pt2,54.861848,55.047485,0.185637,W,ORD,matched
20211120_121622_192.wav,Raw_recordings_Day1_pt2,55.215158,55.400795,0.185637,W,ORD,matched
20211120_121622_192.wav,Raw_recordings_Day1_pt2,55.493614,55.775064,0.28145,W,ORD,matched
20211120_121622_192.wav,Raw_recordings_Day1_pt2,57.107462,57.990737,0.883275,W,ORD,matched
20211120_121622_192.wav,Raw_recordings_Day1_pt2,58.586573,58.778199,0.191626,W,ORD,matched
20211120_121622_192.wav,Raw_recordings_Day1_pt2,62.356211,62.595743,0.239532,W,ORD,matched
20211120_121622_192.wav,Raw_recordings_Day1_pt2,62.907135,63.176608,0.269473,W,ORD,matched
20211120_121622_192.wav,Raw_recordings_Day1_pt2,70.85062,71.677006,0.826386,W,ORD,matched
20211120_121622_192.wav,Raw_recordings_Day1_pt2,73.150129,73.898667,0.748538,W,ORD,matched
20211120_121622_192.wav,Raw_recordings_Day1_pt2,77.362901,78.093474,0.730573,W,ORD,matched
20211120_121622_192.wav,Raw_recordings_Day1_pt2,78.533614,78.722246,0.188632,W,ORD,matched
20211120_121622_192.wav,Raw_recordings_Day1_pt2,80.961871,81.348117,0.386246,W,ORD,matched
20211120_121622_192.wav,Raw_recordings_Day1_pt2,88.357427,88.914339,0.556912,BPS,ORD,matched
20211120_121622_192.wav,Raw_recordings_Day1_pt2,91.821661,92.139041,0.31738,W,ORD,matched
20211120_121622_192.wav,Raw_recordings_Day1_pt2,98.220164,99.330994,1.11083,W,ORD,matched
20211120_121622_192.wav,Raw_recordings_Day1_pt2,101.396959,102.121544,0.724585,W,ORD,matched
20211120_121622_192.wav,Raw_recordings_Day1_pt2,104.256374,104.53483,0.278456,W,ORD,matched
20211120_121622_192.wav,Raw_recordings_Day1_pt2,109.801544,110.184795,0.383251,W,ORD,matched
20211120_121622_192.wav,Raw_recordings_Day1_pt2,111.645942,112.247766,0.601824,W,ORD,matched
20211120_121622_192.wav,Raw_recordings_Day1_pt2,113.897544,115.355696,1.458152,BPS,ORD,matched
20211120_121622_192.wav,Raw_recordings_Day1_pt2,116.292865,117.00248,0.709615,BPS,ORD,matched
20211120_121622_192.wav,Raw_recordings_Day1_pt2,143.895953,144.168421,0.272468,W,ORD,matched
20211120_121622_192.wav,Raw_recordings_Day1_pt2,165.274199,165.777216,0.503017,W,ORD,matched
20211120_121622_192.wav,Raw_recordings_Day1_pt2,170.493006,170.915181,0.422175,W,ORD,matched
20211120_121622_192.wav,Raw_recordings_Day1_pt2,174.331509,174.499181,0.167672,FB,ORD,matched
20211120_121622_192.wav,Raw_recordings_Day1_pt2,175.747743,176.385497,0.637754,W,ORD,matched
20211120_121622_192.wav,Raw_recordings_Day1_pt2,178.40655,178.65207,0.24552,W,ORD,matched
20211120_121622_192.wav,Raw_recordings_Day1_pt2,182.772023,183.487626,0.715603,W,ORD,matched
20211120_121622_192.wav,Raw_recordings_Day1_pt2,185.373942,186.161404,0.787462,W,ORD,matched
20211120_121622_192.wav,Raw_recordings_Day1_pt2,219.728842,220.666012,0.93717,W,ORD,matched
20211120_121622_192.wav,Raw_recordings_Day1_pt2,223.842807,224.462596,0.619789,W,ORD,matched
20211120_121622_192.wav,Raw_recordings_Day1_pt2,225.893801,227.295064,1.401263,NOISE,ORD,matched
20211120_121622_192.wav,Raw_recordings_Day1_pt2,229.995789,230.465871,0.470082,W,ORD,matched
20211120_121622_192.wav,Raw_recordings_Day1_pt2,248.802058,249.754199,0.952141,W,ORD,matched
20211120_121622_192.wav,Raw_recordings_Day1_pt2,251.865076,253.164538,1.299462,BPS,ORD,matched
20211120_121622_192.wav,Raw_recordings_Day1_pt2,253.230409,254.029848,0.799439,FB,ORD,matched
20211120_121622_192.wav,Raw_recordings_Day1_pt2,258.506105,259.185778,0.679673,ECT,ORD,matched
20211120_121622_192.wav,Raw_recordings_Day1_pt2,265.488468,267.207111,1.718643,BPS,ORD,matched
20211120_121622_192.wav,Raw_recordings_Day1_pt2,270.479719,273.497825,3.018106,BPS,ORD,matched
20211120_121622_192.wav,Raw_recordings_Day1_pt2,275.267368,275.704515,0.437147,W,ORD,matched
20211120_121622_192.wav,Raw_recordings_Day1_pt2,277.297404,278.40524,1.107836,W,ORD,matched
20211120_121622_192.wav,Raw_recordings_Day1_pt2,278.875322,279.07593,0.200608,W,ORD,matched
20211120_121622_192.wav,Raw_recordings_Day1_pt2,281.15986,281.597006,0.437146,W,ORD,matched
20211120_121622_192.wav,Raw_recordings_Day1_pt2,285.088187,285.698994,0.610807,W,ORD,matched
20211120_121622_192.wav,Raw_recordings_Day1_pt2,291.914854,292.181333,0.266479,FB,ORD,matched
20211120_121622_192.wav,Raw_recordings_Day1_pt2,292.507696,292.696327,0.188631,W,ORD,matched
20211120_121622_192.wav,Raw_recordings_Day1_pt2,292.875977,293.09455,0.218573,W,ORD,matched
20211120_121622_192.wav,Raw_recordings_Day1_pt2,293.334082,294.013754,0.679672,BPS,ORD,matched
20211120_121622_192.wav,Raw_recordings_Day1_pt2,298.537918,299.046924,0.509006,FB,ORD,matched
20211120_122122_192.wav,Raw_recordings_Day1_pt2,1.215626,1.805474,0.589848,BPS,ORD,matched
20211120_122122_192.wav,Raw_recordings_Day1_pt2,3.745684,4.344515,0.598831,BPS,ORD,matched
20211120_122122_192.wav,Raw_recordings_Day1_pt2,5.353544,5.664936,0.311392,FB,ORD,matched
20211120_122122_192.wav,Raw_recordings_Day1_pt2,6.158971,6.407485,0.248514,FB,ORD,matched
20211120_122122_192.wav,Raw_recordings_Day1_pt2,6.485333,6.697918,0.212585,FB,ORD,matched
20211120_122122_192.wav,Raw_recordings_Day1_pt2,7.054222,7.338667,0.284445,FB,ORD,matched
20211120_122122_192.wav,Raw_recordings_Day1_pt2,7.509333,7.826713,0.31738,FB,ORD,matched
20211120_122122_192.wav,Raw_recordings_Day1_pt2,13.279064,15.952842,2.673778,ECT,ORD,matched
20211120_122122_192.wav,Raw_recordings_Day1_pt2,15.967813,16.80917,0.841357,BPS,ORD,matched
20211120_122122_192.wav,Raw_recordings_Day1_pt2,19.432047,21.668678,2.236631,BPS,ORD,matched
20211120_122122_192.wav,Raw_recordings_Day1_pt2,21.941146,24.836491,2.895345,BPS,ORD,matched
20211120_122122_192.wav,Raw_recordings_Day1_pt2,25.135906,26.336561,1.200655,BPS,ORD,matched
20211120_122122_192.wav,Raw_recordings_Day1_pt2,26.411415,27.600094,1.188679,BPS,ORD,matched
20211120_122122_192.wav,Raw_recordings_Day1_pt2,28.171977,29.360655,1.188678,BPS,ORD,matched
20211120_122122_192.wav,Raw_recordings_Day1_pt2,31.432608,32.02545,0.592842,W,ORD,matched
20211120_122122_192.wav,Raw_recordings_Day1_pt2,32.351813,33.259041,0.907228,FB,ORD,matched
20211120_122122_192.wav,Raw_recordings_Day1_pt2,33.291977,34.064468,0.772491,W,ORD,matched
20211120_122122_192.wav,Raw_recordings_Day1_pt2,34.136327,34.836959,0.700632,FB,ORD,matched
20211120_122122_192.wav,Raw_recordings_Day1_pt2,34.893848,35.477708,0.58386,FB,ORD,matched
20211120_122122_192.wav,Raw_recordings_Day1_pt2,35.953778,36.615485,0.661707,FB,ORD,matched
20211120_122122_192.wav,Raw_recordings_Day1_pt2,36.902924,37.316117,0.413193,W,ORD,matched
20211120_122122_192.wav,Raw_recordings_Day1_pt2,37.896982,38.172444,0.275462,FB,ORD,matched
20211120_122122_192.wav,Raw_recordings_Day1_pt2,40.313263,40.807298,0.494035,W,ORD,matched
20211120_122122_192.wav,Raw_recordings_Day1_pt2,42.510971,43.666713,1.155742,W,ORD,matched
20211120_122122_192.wav,Raw_recordings_Day1_pt2,44.322433,45.21469,0.892257,W,ORD,matched
20211120_122122_192.wav,Raw_recordings_Day1_pt2,45.48117,46.292585,0.811415,W,ORD,matched
20211120_122122_192.wav,Raw_recordings_Day1_pt2,47.466292,48.160936,0.694644,FB,ORD,matched
20211120_122122_192.wav,Raw_recordings_Day1_pt2,48.259743,48.92145,0.661707,ECT,ORD,matched
20211120_122122_192.wav,Raw_recordings_Day1_pt2,49.008281,49.427462,0.419181,FB,ORD,matched
20211120_122122_192.wav,Raw_recordings_Day1_pt2,53.47855,53.813895,0.335345,FB,ORD,matched
20211120_122122_192.wav,Raw_recordings_Day1_pt2,58.317099,60.146526,1.829427,NOISE,ORD,matched
20211120_122122_192.wav,Raw_recordings_Day1_pt2,60.119579,61.577731,1.458152,NOISE,ORD,matched
20211120_122122_192.wav,Raw_recordings_Day1_pt2,62.39214,63.619743,1.227603,ECT,ORD,matched
20211120_122122_192.wav,Raw_recordings_Day1_pt2,67.757661,67.955275,0.197614,W,ORD,matched
20211120_122122_192.wav,Raw_recordings_Day1_pt2,71.407532,71.533287,0.125755,W,ORD,matched
20211120_122122_192.wav,Raw_recordings_Day1_pt2,75.063392,76.563462,1.50007,W,ORD,matched
20211120_122122_192.wav,Raw_recordings_Day1_pt2,79.147415,80.467836,1.320421,MW,ORD,matched
20211120_122122_192.wav,Raw_recordings_Day1_pt2,79.204304,79.392936,0.188632,W,ORD,matched
20211120_122122_192.wav,Raw_recordings_Day1_pt2,79.668398,80.437895,0.769497,W,ORD,matched
20211120_122122_192.wav,Raw_recordings_Day1_pt2,84.896187,85.375251,0.479064,W,ORD,matched
20211120_122122_192.wav,Raw_recordings_Day1_pt2,87.066947,88.66283,1.595883,ECT,ORD,matched
20211120_122122_192.wav,Raw_recordings_Day1_pt2,90.845567,91.728842,0.883275,BPS,ORD,matched
20211120_122122_192.wav,Raw_recordings_Day1_pt2,91.764772,92.63607,0.871298,FB,ORD,matched
20211120_122122_192.wav,Raw_recordings_Day1_pt2,93.872655,94.45352,0.580865,FB,ORD,matched
20211120_122122_192.wav,Raw_recordings_Day1_pt2,95.408655,95.522433,0.113778,FB,ORD,matched
20211120_122122_192.wav,Raw_recordings_Day1_pt2,96.69614,97.339883,0.643743,BPS,ORD,matched
20211120_122122_192.wav,Raw_recordings_Day1_pt2,97.573427,98.417778,0.844351,ECT,ORD,matched
20211120_122122_192.wav,Raw_recordings_Day1_pt2,98.944749,99.184281,0.239532,W,ORD,matched
20211120_122122_192.wav,Raw_recordings_Day1_pt2,99.881918,100.444819,0.562901,FB,ORD,matched
20211120_122122_192.wav,Raw_recordings_Day1_pt2,101.41193,102.397006,0.985076,BPS,ORD,matched
20211120_122122_192.wav,Raw_recordings_Day1_pt2,105.873216,106.510971,0.637755,FB,ORD,matched
20211120_122122_192.wav,Raw_recordings_Day1_pt2,107.394246,107.954152,0.559906,BPS,ORD,matched
20211120_122122_192.wav,Raw_recordings_Day1_pt2,111.624982,113.181942,1.55696,BPS,ORD,matched
20211120_122122_192.wav,Raw_recordings_Day1_pt2,114.33469,114.888608,0.553918,W,ORD,matched
20211120_122122_192.wav,Raw_recordings_Day1_pt2,118.409731,119.212164,0.802433,W,ORD,matched
20211120_122122_192.wav,Raw_recordings_Day1_pt2,120.697263,121.930854,1.233591,W,ORD,matched
20211120_122122_192.wav,Raw_recordings_Day1_pt2,125.844211,126.425076,0.580865,W,ORD,matched
20211120_122122_192.wav,Raw_recordings_Day1_pt2,128.745544,129.371322,0.625778,W,ORD,matched
20211120_122122_192.wav,Raw_recordings_Day1_pt2,130.239626,130.509099,0.269473,W,ORD,matched
20211120_122122_192.wav,Raw_recordings_Day1_pt2,132.084023,132.991251,0.907228,W,ORD,matched
20211120_122122_192.wav,Raw_recordings_Day1_pt2,136.407579,137.114199,0.70662,W,ORD,matched
20211120_122122_192.wav,Raw_recordings_Day1_pt2,143.955836,144.958877,1.003041,W,ORD,matched
20211120_122122_192.wav,Raw_recordings_Day1_pt2,149.327345,150.291462,0.964117,W,ORD,matched
20211120_122122_192.wav,Raw_recordings_Day1_pt2,152.980211,154.321591,1.34138,ECT,ORD,matched
20211120_122122_192.wav,Raw_recordings_Day1_pt2,156.189942,156.992374,0.802432,ECT,ORD,matched
20211120_122122_192.wav,Raw_recordings_Day1_pt2,159.07331,159.357754,0.284444,FB,ORD,matched
20211120_122122_192.wav,Raw_recordings_Day1_pt2,159.357754,160.420678,1.062924,BPS,ORD,matched
20211120_122122_192.wav,Raw_recordings_Day1_pt2,172.301474,172.750596,0.449122,W,ORD,matched
20211120_122122_192.wav,Raw_recordings_Day1_pt2,175.825591,177.104094,1.278503,BPS,ORD,matched
20211120_122122_192.wav,Raw_recordings_Day1_pt2,182.990596,183.508585,0.517989,W,ORD,matched
20211120_122122_192.wav,Raw_recordings_Day1_pt2,189.448982,189.628632,0.17965,W,ORD,matched
20211120_122122_192.wav,Raw_recordings_Day1_pt2,189.742409,190.721497,0.979088,ct,ORD,matched
20211120_122122_192.wav,Raw_recordings_Day1_pt2,195.431298,196.293614,0.862316,ECT,ORD,matched
20211120_122122_192.wav,Raw_recordings_Day1_pt2,197.727813,198.194901,0.467088,W',ORD,matched
20211120_122122_192.wav,Raw_recordings_Day1_pt2,203.770012,204.653287,0.883275,W,ORD,matched
20211120_122122_192.wav,Raw_recordings_Day1_pt2,207.327064,207.731275,0.404211,FB,ORD,matched
20211120_122122_192.wav,Raw_recordings_Day1_pt2,220.968421,221.701988,0.733567,W,ORD,matched
20211120_122122_192.wav,Raw_recordings_Day1_pt2,222.456515,223.51345,1.056935,ECT,ORD,matched
20211120_122122_192.wav,Raw_recordings_Day1_pt2,274.704468,275.117661,0.413193,FB,ORD,matched
20211120_122122_192.wav,Raw_recordings_Day1_pt2,288.115275,288.705123,0.589848,W,ORD,matched
20211120_122122_192.wav,Raw_recordings_Day1_pt2,291.884912,292.244211,0.359299,W,ORD,matched
20211120_122122_192.wav,Raw_recordings_Day1_pt2,297.837287,298.121731,0.284444,W,ORD,matched
20211120_122623_192.wav,Raw_recordings_Day1_pt2,2.000094,2.29352,0.293426,W,ORD,matched
20211120_122623_192.wav,Raw_recordings_Day1_pt2,3.299556,3.607953,0.308397,FB,ORD,matched
20211120_122623_192.wav,Raw_recordings_Day1_pt2,3.65586,4.048094,0.392234,FB,ORD,matched
20211120_122623_192.wav,Raw_recordings_Day1_pt2,7.92552,8.820772,0.895252,BPS,ORD,matched
20211120_122623_192.wav,Raw_recordings_Day1_pt2,11.153216,11.710129,0.556913,W,ORD,matched
20211120_122623_192.wav,Raw_recordings_Day1_pt2,16.800187,17.378058,0.577871,W,ORD,matched
20211120_122623_192.wav,Raw_recordings_Day1_pt2,23.258573,23.519064,0.260491,W,ORD,matched
20211120_122623_192.wav,Raw_recordings_Day1_pt2,25.683836,26.231766,0.54793,W,ORD,matched
20211120_122623_192.wav,Raw_recordings_Day1_pt2,32.432655,33.848889,1.416234,ECT,ORD,matched
20211120_122623_192.wav,Raw_recordings_Day1_pt2,45.792561,46.322526,0.529965,W,ORD,matched
20211120_122623_192.wav,Raw_recordings_Day1_pt2,48.909474,51.532351,2.622877,NOISE,ORD,matched
20211120_122623_192.wav,Raw_recordings_Day1_pt2,58.505731,60.883088,2.377357,NOISE,ORD,matched
20211120_122623_192.wav,Raw_recordings_Day1_pt2,70.308678,70.769778,0.4611,BPS,ORD,matched
20211120_122623_192.wav,Raw_recordings_Day1_pt2,70.877567,71.075181,0.197614,FB,ORD,matched
20211120_122623_192.wav,Raw_recordings_Day1_pt2,75.524491,77.635368,2.110877,NOISE,ORD,matched
20211120_122623_192.wav,Raw_recordings_Day1_pt2,85.036912,86.938199,1.901287,NOISE,ORD,matched
20211120_122623_192.wav,Raw_recordings_Day1_pt2,88.09993,90.935392,2.835462,ECT,ORD,matched
20211120_122623_192.wav,Raw_recordings_Day1_pt2,99.384889,101.05862,1.673731,ECT,ORD,matched
20211120_122623_192.wav,Raw_recordings_Day1_pt2,103.861146,107.340351,3.479205,ECT,ORD,matched
20211120_122623_192.wav,Raw_recordings_Day1_pt2,107.828398,109.553029,1.724631,NOISE,ORD,matched
20211120_122623_192.wav,Raw_recordings_Day1_pt2,111.056094,112.367532,1.311438,W,ORD,matched
20211120_122623_192.wav,Raw_recordings_Day1_pt2,114.074199,116.873731,2.799532,ECT,ORD,matched
20211120_122623_192.wav,Raw_recordings_Day1_pt2,118.469614,119.005567,0.535953,BPS,ORD,matched
20211120_122623_192.wav,Raw_recordings_Day1_pt2,119.93076,120.727205,0.796445,ECT,ORD,matched
20211120_122623_192.wav,Raw_recordings_Day1_pt2,129.077895,129.206643,0.128748,FB,ORD,matched
20211120_122623_192.wav,Raw_recordings_Day1_pt2,130.518082,131.218713,0.700631,W,ORD,matched
20211120_122623_192.wav,Raw_recordings_Day1_pt2,135.476398,136.940538,1.46414,NOISE,ORD,matched
20211120_122623_192.wav,Raw_recordings_Day1_pt2,138.344795,139.249029,0.904234,BPS,ORD,matched
20211120_122623_192.wav,Raw_recordings_Day1_pt2,139.464608,140.317942,0.853334,BPS,ORD,matched
20211120_122623_192.wav,Raw_recordings_Day1_pt2,163.747181,164.660398,0.913217,W,ORD,matched
20211120_122623_192.wav,Raw_recordings_Day1_pt2,167.26531,167.870129,0.604819,W,ORD,matched
20211120_122623_192.wav,Raw_recordings_Day1_pt2,169.250433,170.918175,1.667742,ECT,ORD,matched
20211120_122623_192.wav,Raw_recordings_Day1_pt2,172.304468,173.274573,0.970105,FB,ORD,matched
20211120_122623_192.wav,Raw_recordings_Day1_pt2,179.807813,180.721029,0.913216,FB,ORD,matched
20211120_122623_192.wav,Raw_recordings_Day1_pt2,197.40145,197.853567,0.452117,FB,ORD,matched
20211120_122623_192.wav,Raw_recordings_Day1_pt2,199.338667,200.43752,1.098853,W,ORD,matched
20211120_122623_192.wav,Raw_recordings_Day1_pt2,205.913825,207.027649,1.113824,BPS,ORD,matched
20211120_122623_192.wav,Raw_recordings_Day1_pt2,213.638737,215.016047,1.37731,BPS,ORD,matched
20211120_122623_192.wav,Raw_recordings_Day1_pt2,216.255626,217.833544,1.577918,ECT,ORD,matched
20211120_122623_192.wav,Raw_recordings_Day1_pt2,218.243743,219.474339,1.230596,W,ORD,matched
20211120_122623_192.wav,Raw_recordings_Day1_pt2,221.749895,222.058292,0.308397,W,ORD,matched
20211120_122623_192.wav,Raw_recordings_Day1_pt2,224.001497,224.842854,0.841357,W,ORD,matched
20211120_122623_192.wav,Raw_recordings_Day1_pt2,224.842854,225.717146,0.874292,BPS,ORD,matched
20211120_122623_192.wav,Raw_recordings_Day1_pt2,228.328047,228.896936,0.568889,FB,ORD,matched
20211120_122623_192.wav,Raw_recordings_Day1_pt2,229.148444,229.792187,0.643743,W,ORD,matched
20211120_122623_192.wav,Raw_recordings_Day1_pt2,233.24145,233.705544,0.464094,W,ORD,matched
20211120_122623_192.wav,Raw_recordings_Day1_pt2,235.370292,237.09193,1.721638,BPS,ORD,matched
20211120_122623_192.wav,Raw_recordings_Day1_pt2,239.361497,240.151953,0.790456,BPS,ORD,matched
20211120_122623_192.wav,Raw_recordings_Day1_pt2,241.559205,241.879579,0.320374,FB,ORD,matched
20211120_122623_192.wav,Raw_recordings_Day1_pt2,248.924819,249.939836,1.015017,BPS,ORD,matched
20211120_122623_192.wav,Raw_recordings_Day1_pt2,250.996772,252.158503,1.161731,W,ORD,matched
20211120_122623_192.wav,Raw_recordings_Day1_pt2,252.784281,253.574737,0.790456,BPS,ORD,matched
20211120_122623_192.wav,Raw_recordings_Day1_pt2,258.350409,259.578012,1.227603,ECT,ORD,matched
20211120_122623_192.wav,Raw_recordings_Day1_pt2,259.922339,260.323556,0.401217,W,ORD,matched
20211120_122623_192.wav,Raw_recordings_Day1_pt2,262.17993,262.72786,0.54793,BPS,ORD,matched
20211120_122623_192.wav,Raw_recordings_Day1_pt2,264.904608,265.174082,0.269474,FB,ORD,matched
20211120_122623_192.wav,Raw_recordings_Day1_pt2,268.686222,269.59345,0.907228,W,ORD,matched
20211120_122623_192.wav,Raw_recordings_Day1_pt2,272.407953,273.087626,0.679673,BPS,ORD,matched
20211120_122623_192.wav,Raw_recordings_Day1_pt2,273.890058,274.443977,0.553919,FB,ORD,matched
20211120_122623_192.wav,Raw_recordings_Day1_pt2,274.512842,274.896094,0.383252,FB,ORD,matched
20211120_122623_192.wav,Raw_recordings_Day1_pt2,279.432234,279.668772,0.236538,W,ORD,matched
20211120_122623_192.wav,Raw_recordings_Day1_pt2,283.141988,285.34269,2.200702,NOISE,ORD,matched
20211120_122623_192.wav,Raw_recordings_Day1_pt2,289.627322,291.211228,1.583906,NOISE,ORD,matched
20211120_122623_192.wav,Raw_recordings_Day1_pt2,294.187415,295.247345,1.05993,BPS,ORD,matched
20211120_122623_192.wav,Raw_recordings_Day1_pt2,295.421006,295.729404,0.308398,W,ORD,matched
20211120_122623_192.wav,Raw_recordings_Day1_pt2,297.732491,299.59186,1.859369,NOISE,ORD,matched
20211120_123123_192.wav,Raw_recordings_Day1_pt2,0,2.209684,2.209684,NOISE,ORD,matched
20211120_123123_192.wav,Raw_recordings_Day1_pt2,2.892351,4.101988,1.209637,BPS,ORD,matched
20211120_123123_192.wav,Raw_recordings_Day1_pt2,5.575111,8.892632,3.317521,ECT,ORD,matched
20211120_123123_192.wav,Raw_recordings_Day1_pt2,13.677287,15.195322,1.518035,NOISE,ORD,matched
20211120_123123_192.wav,Raw_recordings_Day1_pt2,19.219462,19.72248,0.503018,BPS,ORD,matched
20211120_123123_192.wav,Raw_recordings_Day1_pt2,23.974175,25.579041,1.604866,NOISE,ORD,matched
20211120_123123_192.wav,Raw_recordings_Day1_pt2,27.288702,29.357661,2.068959,NOISE,ORD,matched
20211120_123123_192.wav,Raw_recordings_Day1_pt2,29.740912,31.369731,1.628819,NOISE,ORD,matched
20211120_123123_192.wav,Raw_recordings_Day1_pt2,31.965567,33.241076,1.275509,NOISE,ORD,matched
20211120_123123_192.wav,Raw_recordings_Day1_pt2,33.609357,35.094456,1.485099,NOISE,ORD,matched
20211120_123123_192.wav,Raw_recordings_Day1_pt2,36.010667,37.277193,1.266526,NOISE,ORD,matched
20211120_123123_192.wav,Raw_recordings_Day1_pt2,38.405988,40.02283,1.616842,NOISE,ORD,matched
20211120_123123_192.wav,Raw_recordings_Day1_pt2,40.48393,42.379228,1.895298,NOISE,ORD,matched
20211120_123123_192.wav,Raw_recordings_Day1_pt2,43.256515,45.40931,2.152795,NOISE,ORD,matched
20211120_123123_192.wav,Raw_recordings_Day1_pt2,45.804538,47.169871,1.365333,NOISE,ORD,matched
20211120_123123_192.wav,Raw_recordings_Day1_pt2,48.76276,50.738901,1.976141,NOISE,ORD,matched
20211120_123123_192.wav,Raw_recordings_Day1_pt2,51.065263,52.846784,1.781521,NOISE,ORD,matched
20211120_123123_192.wav,Raw_recordings_Day1_pt2,53.209076,55.080421,1.871345,NOISE,ORD,matched
20211120_123123_192.wav,Raw_recordings_Day1_pt2,56.646363,58.484772,1.838409,NOISE,ORD,matched
20211120_123123_192.wav,Raw_recordings_Day1_pt2,58.972819,60.933988,1.961169,NOISE,ORD,matched
20211120_123123_192.wav,Raw_recordings_Day1_pt2,62.458012,64.610807,2.152795,NOISE,ORD,matched
20211120_123123_192.wav,Raw_recordings_Day1_pt2,64.90124,66.892351,1.991111,NOISE,ORD,matched
20211120_123123_192.wav,Raw_recordings_Day1_pt2,68.203789,70.802713,2.598924,NOISE,ORD,matched
20211120_123123_192.wav,Raw_recordings_Day1_pt2,70.97338,73.198035,2.224655,NOISE,ORD,matched
20211120_123123_192.wav,Raw_recordings_Day1_pt2,74.302877,76.964678,2.661801,NOISE,ORD,matched
20211120_123123_192.wav,Raw_recordings_Day1_pt2,77.039532,79.461801,2.422269,NOISE,ORD,matched
20211120_123123_192.wav,Raw_recordings_Day1_pt2,80.467836,82.653567,2.185731,NOISE,ORD,matched
20211120_123123_192.wav,Raw_recordings_Day1_pt2,82.824234,84.947088,2.122854,NOISE,ORD,matched
20211120_123123_192.wav,Raw_recordings_Day1_pt2,86.56393,88.522105,1.958175,NOISE,ORD,matched
20211120_123123_192.wav,Raw_recordings_Day1_pt2,91.743813,92.420491,0.676678,BPS,ORD,matched
20211120_123123_192.wav,Raw_recordings_Day1_pt2,96.01048,96.624281,0.613801,ECT,ORD,matched
20211120_123123_192.wav,Raw_recordings_Day1_pt2,99.789099,100.028632,0.239533,W,ORD,matched
20211120_123123_192.wav,Raw_recordings_Day1_pt2,103.409029,103.944982,0.535953,W,ORD,matched
20211120_123123_192.wav,Raw_recordings_Day1_pt2,110.478222,111.639953,1.161731,W,ORD,matched
20211120_123123_192.wav,Raw_recordings_Day1_pt2,112.059135,113.06517,1.006035,ECT,ORD,matched
20211120_123123_192.wav,Raw_recordings_Day1_pt2,115.493427,116.529404,1.035977,W,ORD,matched
20211120_123123_192.wav,Raw_recordings_Day1_pt2,119.194199,120.463719,1.26952,W,ORD,matched
20211120_123123_192.wav,Raw_recordings_Day1_pt2,123.203368,125.227415,2.024047,NOISE,ORD,matched
20211120_123123_192.wav,Raw_recordings_Day1_pt2,126.505918,127.344281,0.838363,ECT,ORD,matched
20211120_123123_192.wav,Raw_recordings_Day1_pt2,128.134737,129.30545,1.170713,ECT,ORD,matched
20211120_123123_192.wav,Raw_recordings_Day1_pt2,148.707556,149.087813,0.380257,W,ORD,matched
20211120_123123_192.wav,Raw_recordings_Day1_pt2,155.309661,157.124117,1.814456,NOISE,ORD,matched
20211120_123123_192.wav,Raw_recordings_Day1_pt2,160.32786,162.256094,1.928234,NOISE,ORD,matched
20211120_123123_192.wav,Raw_recordings_Day1_pt2,165.378994,167.570713,2.191719,NOISE,ORD,matched
20211120_123123_192.wav,Raw_recordings_Day1_pt2,170.846316,173.499135,2.652819,NOISE,ORD,matched
20211120_123123_192.wav,Raw_recordings_Day1_pt2,175.208795,176.978339,1.769544,NOISE,ORD,matched
20211120_123123_192.wav,Raw_recordings_Day1_pt2,181.146199,183.06545,1.919251,NOISE,ORD,matched
20211120_123123_192.wav,Raw_recordings_Day1_pt2,184.535579,185.556585,1.021006,ECT,ORD,matched
20211120_123123_192.wav,Raw_recordings_Day1_pt2,192.86531,194.619883,1.754573,NOISE,ORD,matched
20211120_123123_192.wav,Raw_recordings_Day1_pt2,198.670971,200.299789,1.628818,NOISE,ORD,matched
20211120_123123_192.wav,Raw_recordings_Day1_pt2,202.98255,205.494643,2.512093,NOISE,ORD,matched
20211120_123123_192.wav,Raw_recordings_Day1_pt2,208.530713,211.093708,2.562995,NOISE,ORD,matched
20211120_123123_192.wav,Raw_recordings_Day1_pt2,213.504,216.108912,2.604912,NOISE,ORD,matched
20211120_123123_192.wav,Raw_recordings_Day1_pt2,218.683883,221.124117,2.440234,NOISE,ORD,matched
20211120_123123_192.wav,Raw_recordings_Day1_pt2,223.752982,225.190175,1.437193,NOISE,ORD,matched
20211120_123123_192.wav,Raw_recordings_Day1_pt2,236.948211,238.553076,1.604865,ECT,ORD,matched
20211120_123123_192.wav,Raw_recordings_Day1_pt2,242.517333,243.28683,0.769497,FB,ORD,matched
20211120_123123_192.wav,Raw_recordings_Day1_pt2,272.012725,273.339135,1.32641,ECT,ORD,matched
20211120_123123_192.wav,Raw_recordings_Day1_pt2,277.369263,279.803509,2.434246,NOISE,ORD,matched
20211120_123123_192.wav,Raw_recordings_Day1_pt2,293.073591,294.208374,1.134783,W,ORD,matched
20211120_123123_192.wav,Raw_recordings_Day1_pt2,295.591673,296.954012,1.362339,MW,ORD,matched
20211120_123123_192.wav,Raw_recordings_Day1_pt2,295.609637,296.60669,0.997053,W,ORD,matched
20211120_123123_192.wav,Raw_recordings_Day1_pt2,296.717474,296.954012,0.236538,W,ORD,matched
20211120_123624_192.wav,Raw_recordings_Day1_pt2,0.576905,0.793643,0.216738,W,ORD,matched
20211120_123624_192.wav,Raw_recordings_Day1_pt2,4.366633,4.503688,0.137055,W,ORD,matched
20211120_123624_192.wav,Raw_recordings_Day1_pt2,6.253528,6.44158,0.188052,W,ORD,matched
20211120_123624_192.wav,Raw_recordings_Day1_pt2,13.759674,14.59794,0.838266,ECT,ORD,matched
20211120_123624_192.wav,Raw_recordings_Day1_pt2,15.385209,16.095982,0.710773,BPS,ORD,matched
20211120_123624_192.wav,Raw_recordings_Day1_pt2,20.258626,20.606044,0.347418,FB,ORD,matched
20211120_123624_192.wav,Raw_recordings_Day1_pt2,23.452324,25.31372,1.861396,NOISE,ORD,matched
20211120_123624_192.wav,Raw_recordings_Day1_pt2,25.610141,27.968761,2.35862,NOISE,ORD,matched
20211120_123624_192.wav,Raw_recordings_Day1_pt2,32.121843,32.357705,0.235862,W,ORD,matched
20211120_123624_192.wav,Raw_recordings_Day1_pt2,40.463067,42.114101,1.651034,NOISE,ORD,matched
20211120_123624_192.wav,Raw_recordings_Day1_pt2,43.34122,44.96038,1.61916,NOISE,ORD,matched
20211120_123624_192.wav,Raw_recordings_Day1_pt2,45.514975,47.749288,2.234313,NOISE,ORD,matched
20211120_123624_192.wav,Raw_recordings_Day1_pt2,53.620337,55.905648,2.285311,NOISE,ORD,matched
20211120_123624_192.wav,Raw_recordings_Day1_pt2,56.562237,58.764677,2.20244,NOISE,ORD,matched
20211120_123624_192.wav,Raw_recordings_Day1_pt2,58.92723,61.728887,2.801657,NOISE,ORD,matched
20211120_123624_192.wav,Raw_recordings_Day1_pt2,62.366352,64.103443,1.737091,NOISE,ORD,matched
20211120_123624_192.wav,Raw_recordings_Day1_pt2,64.361616,66.956097,2.594481,NOISE,ORD,matched
20211120_123624_192.wav,Raw_recordings_Day1_pt2,70.01274,70.254977,0.242237,W,ORD,matched
20211120_123624_192.wav,Raw_recordings_Day1_pt2,70.64383,71.606402,0.962572,ECT,ORD,matched
20211120_123624_192.wav,Raw_recordings_Day1_pt2,74.379373,76.629623,2.25025,NOISE,ORD,matched
20211120_123624_192.wav,Raw_recordings_Day1_pt2,79.472715,80.161177,0.688462,ECT,ORD,matched
20211120_123624_192.wav,Raw_recordings_Day1_pt2,85.592376,86.19478,0.602404,BPS,ORD,matched
20211120_123624_192.wav,Raw_recordings_Day1_pt2,91.224376,92.633173,1.408797,ECT,ORD,matched
20211120_123624_192.wav,Raw_recordings_Day1_pt2,98.08987,100.320996,2.231126,NOISE,ORD,matched
20211120_123624_192.wav,Raw_recordings_Day1_pt2,107.897263,110.310067,2.412804,NOISE,ORD,matched
20211120_123624_192.wav,Raw_recordings_Day1_pt2,121.05772,122.651382,1.593662,NOISE,ORD,matched
20211120_123624_192.wav,Raw_recordings_Day1_pt2,124.468156,126.068192,1.600036,NOISE,ORD,matched
20211120_123624_192.wav,Raw_recordings_Day1_pt2,126.957456,127.747912,0.790456,BPS,ORD,matched
20211120_123624_192.wav,Raw_recordings_Day1_pt2,135.697096,137.568054,1.870958,NOISE,ORD,matched
20211120_123624_192.wav,Raw_recordings_Day1_pt2,141.380093,142.849449,1.469356,NOISE,ORD,matched
20211120_123624_192.wav,Raw_recordings_Day1_pt2,147.850359,149.415334,1.564975,NOISE,ORD,matched
20211120_123624_192.wav,Raw_recordings_Day1_pt2,156.83861,158.014732,1.176122,NOISE,ORD,matched
20211120_123624_192.wav,Raw_recordings_Day1_pt2,158.177286,159.468152,1.290866,NOISE,ORD,matched
20211120_123624_192.wav,Raw_recordings_Day1_pt2,168.297037,170.477166,2.180129,NOISE,ORD,matched
20211120_123624_192.wav,Raw_recordings_Day1_pt2,172.510678,174.458132,1.947454,NOISE,ORD,matched
20211120_123624_192.wav,Raw_recordings_Day1_pt2,177.906816,180.169816,2.263,NOISE,ORD,matched
20211120_123624_192.wav,Raw_recordings_Day1_pt2,182.480625,184.214529,1.733904,ECT,ORD,matched
20211120_123624_192.wav,Raw_recordings_Day1_pt2,188.517415,191.080023,2.562608,NOISE,ORD,matched
20211120_123624_192.wav,Raw_recordings_Day1_pt2,192.842612,193.413143,0.570531,BPS,ORD,matched
20211120_123624_192.wav,Raw_recordings_Day1_pt2,217.228822,219.227273,1.998451,BPS,ORD,matched
20211120_123624_192.wav,Raw_recordings_Day1_pt2,222.857634,224.256869,1.399235,BPS,ORD,matched
20211120_123624_192.wav,Raw_recordings_Day1_pt2,229.965365,231.488905,1.52354,BPS,ORD,matched
20211120_123624_192.wav,Raw_recordings_Day1_pt2,231.555839,232.948699,1.39286,BPS,ORD,matched
20211120_123624_192.wav,Raw_recordings_Day1_pt2,233.085754,234.934402,1.848648,BPS,ORD,matched
20211120_123624_192.wav,Raw_recordings_Day1_pt2,235.125641,236.633245,1.507604,BPS,ORD,matched
20211120_123624_192.wav,Raw_recordings_Day1_pt2,237.273897,237.477886,0.203989,FB,ORD,matched
20211120_123624_192.wav,Raw_recordings_Day1_pt2,237.707373,239.396654,1.689281,BPS,ORD,matched
20211120_123624_192.wav,Raw_recordings_Day1_pt2,239.476337,240.505843,1.029506,FB,ORD,matched
20211120_123624_192.wav,Raw_recordings_Day1_pt2,241.191117,241.535348,0.344231,W,ORD,matched
20211120_123624_192.wav,Raw_recordings_Day1_pt2,248.08211,248.286098,0.203988,W,ORD,matched
20211120_123624_192.wav,Raw_recordings_Day1_pt2,248.780134,250.102873,1.322739,BPS,ORD,matched
20211120_123624_192.wav,Raw_recordings_Day1_pt2,250.220804,252.066264,1.84546,MW,ORD,matched
20211120_123624_192.wav,Raw_recordings_Day1_pt2,250.220804,250.482164,0.26136,W,ORD,matched
20211120_123624_192.wav,Raw_recordings_Day1_pt2,251.020822,251.310868,0.290046,W,ORD,matched
20211120_123624_192.wav,Raw_recordings_Day1_pt2,251.712471,252.012079,0.299608,W,ORD,matched
20211120_123624_192.wav,Raw_recordings_Day1_pt2,252.620858,253.787418,1.16656,BPS,ORD,matched
20211120_123624_192.wav,Raw_recordings_Day1_pt2,254.867921,255.001788,0.133867,W,ORD,matched
20211120_123624_192.wav,Raw_recordings_Day1_pt2,255.687063,256.05998,0.372917,W,ORD,matched
20211120_123624_192.wav,Raw_recordings_Day1_pt2,257.003427,259.57241,2.568983,ECT,ORD,matched
20211120_123624_192.wav,Raw_recordings_Day1_pt2,257.366782,258.702271,1.335489,MW,ORD,matched
20211120_123624_192.wav,Raw_recordings_Day1_pt2,257.462402,257.774759,0.312357,W,ORD,matched
20211120_123624_192.wav,Raw_recordings_Day1_pt2,257.95325,258.389913,0.436663,W,ORD,matched
20211120_123624_192.wav,Raw_recordings_Day1_pt2,262.880851,264.911176,2.030325,ECT,ORD,matched
20211120_123624_192.wav,Raw_recordings_Day1_pt2,267.091305,269.427613,2.336308,ECT,ORD,matched
20211120_123624_192.wav,Raw_recordings_Day1_pt2,269.593354,272.104964,2.51161,ECT,ORD,matched
20211120_123624_192.wav,Raw_recordings_Day1_pt2,273.061161,275.330535,2.269374,ECT,ORD,matched
20211120_123624_192.wav,Raw_recordings_Day1_pt2,275.560023,277.603097,2.043074,ECT,ORD,matched
20211120_123624_192.wav,Raw_recordings_Day1_pt2,278.508297,279.939405,1.431108,NOISE,ORD,matched
20211120_123624_192.wav,Raw_recordings_Day1_pt2,280.178454,281.708369,1.529915,ECT,ORD,matched
20211120_123624_192.wav,Raw_recordings_Day1_pt2,285.000874,287.923649,2.922775,ECT,ORD,matched
20211120_123624_192.wav,Raw_recordings_Day1_pt2,291.984299,293.236917,1.252618,W,ORD,matched
20211120_123624_192.wav,Raw_recordings_Day1_pt2,296.350932,297.036206,0.685274,W,ORD,matched
20211120_123624_192.wav,Raw_recordings_Day1_pt2,299.713557,299.981293,0.267736,W,ORD,matched
20211120_124124_192.wav,Raw_recordings_Day1_pt2,0.466508,0.956197,0.489689,FB,ORD,matched
20211120_124124_192.wav,Raw_recordings_Day1_pt2,2.532473,3.665422,1.132949,ECT,ORD,matched
20211120_124124_192.wav,Raw_recordings_Day1_pt2,4.641902,4.879502,0.2376,FB,ORD,matched
20211120_124124_192.wav,Raw_recordings_Day1_pt2,6.52532,7.806044,1.280724,ECT,ORD,matched
20211120_124124_192.wav,Raw_recordings_Day1_pt2,6.835359,7.432258,0.596899,W,ORD,matched
20211120_124124_192.wav,Raw_recordings_Day1_pt2,8.116084,9.225852,1.109768,ECT,ORD,matched
20211120_124124_192.wav,Raw_recordings_Day1_pt2,13.983656,16.058314,2.074658,ECT,ORD,matched
20211120_124124_192.wav,Raw_recordings_Day1_pt2,17.191262,19.013831,1.822569,BPS,ORD,matched
20211120_124124_192.wav,Raw_recordings_Day1_pt2,19.094963,20.679932,1.584969,BPS,ORD,matched
20211120_124124_192.wav,Raw_recordings_Day1_pt2,20.645161,21.711466,1.066305,ECT,ORD,matched
20211120_124124_192.wav,Raw_recordings_Day1_pt2,21.644822,22.989293,1.344471,BPS,ORD,matched
20211120_124124_192.wav,Raw_recordings_Day1_pt2,26.188206,27.634092,1.445886,BPS,ORD,matched
20211120_124124_192.wav,Raw_recordings_Day1_pt2,28.726474,30.58961,1.863136,ECT,ORD,matched
20211120_124124_192.wav,Raw_recordings_Day1_pt2,31.797895,33.32781,1.529915,BPS,ORD,matched
20211120_124124_192.wav,Raw_recordings_Day1_pt2,33.377068,33.869655,0.492587,FB,ORD,matched
20211120_124124_192.wav,Raw_recordings_Day1_pt2,33.88704,35.164867,1.277827,ECT,ORD,matched
20211120_124124_192.wav,Raw_recordings_Day1_pt2,36.425308,38.242083,1.816775,ECT,ORD,matched
20211120_124124_192.wav,Raw_recordings_Day1_pt2,38.549225,40.345716,1.796491,ECT,ORD,matched
20211120_124124_192.wav,Raw_recordings_Day1_pt2,41.669904,42.565252,0.895348,ECT,ORD,matched
20211120_124124_192.wav,Raw_recordings_Day1_pt2,43.785127,44.613831,0.828704,ECT,ORD,matched
20211120_124124_192.wav,Raw_recordings_Day1_pt2,48.971771,49.91348,0.941709,BPS,ORD,matched
20211120_124124_192.wav,Raw_recordings_Day1_pt2,51.54481,53.26017,1.71536,NOISE,ORD,matched
20211120_124124_192.wav,Raw_recordings_Day1_pt2,54.897295,56.496752,1.599457,NOISE,ORD,matched
20211120_124124_192.wav,Raw_recordings_Day1_pt2,56.679298,57.102343,0.423045,BPS,ORD,matched
20211120_124124_192.wav,Raw_recordings_Day1_pt2,57.815144,58.322218,0.507074,BPS,ORD,matched
20211120_124124_192.wav,Raw_recordings_Day1_pt2,60.254895,61.889123,1.634228,ECT,ORD,matched
20211120_124124_192.wav,Raw_recordings_Day1_pt2,64.236152,66.032643,1.796491,BPS,ORD,matched
20211120_124124_192.wav,Raw_recordings_Day1_pt2,71.236672,72.019015,0.782343,BPS,ORD,matched
20211120_124124_192.wav,Raw_recordings_Day1_pt2,71.871239,73.343203,1.471964,ECT,ORD,matched
20211120_124124_192.wav,Raw_recordings_Day1_pt2,73.398257,74.910787,1.51253,BPS,ORD,matched
20211120_124124_192.wav,Raw_recordings_Day1_pt2,76.194409,77.735914,1.541505,ECT,ORD,matched
20211120_124124_192.wav,Raw_recordings_Day1_pt2,80.40747,82.490821,2.083351,NOISE,ORD,matched
20211120_124124_192.wav,Raw_recordings_Day1_pt2,83.959887,86.605365,2.645478,ECT,ORD,matched
20211120_124124_192.wav,Raw_recordings_Day1_pt2,88.549632,90.250504,1.700872,BPS,ORD,matched
20211120_124124_192.wav,Raw_recordings_Day1_pt2,90.264992,90.815529,0.550537,FB,ORD,matched
20211120_124124_192.wav,Raw_recordings_Day1_pt2,94.602649,96.445501,1.842852,NOISE,ORD,matched
20211120_124124_192.wav,Raw_recordings_Day1_pt2,112.816752,114.792892,1.97614,ECT,ORD,matched
20211120_124124_192.wav,Raw_recordings_Day1_pt2,118.10481,118.556831,0.452021,FB,ORD,matched
20211120_124124_192.wav,Raw_recordings_Day1_pt2,122.77279,123.462411,0.689621,FB,ORD,matched
20211120_124124_192.wav,Raw_recordings_Day1_pt2,124.207085,124.650413,0.443328,FB,ORD,matched
20211120_124124_192.wav,Raw_recordings_Day1_pt2,126.244075,127.206067,0.961992,MW,ORD,matched
20211120_124124_192.wav,Raw_recordings_Day1_pt2,126.244075,126.458495,0.21442,W,ORD,matched
20211120_124124_192.wav,Raw_recordings_Day1_pt2,126.933696,127.194477,0.260781,W,ORD,matched
20211120_124124_192.wav,Raw_recordings_Day1_pt2,129.153231,130.268795,1.115564,ECT,ORD,matched
20211120_124124_192.wav,Raw_recordings_Day1_pt2,133.206927,134.516627,1.3097,BPS,ORD,matched
20211120_124124_192.wav,Raw_recordings_Day1_pt2,138.56163,139.381641,0.820011,W,ORD,matched
20211120_124124_192.wav,Raw_recordings_Day1_pt2,139.381641,140.20455,0.822909,BPS,ORD,matched
20211120_124124_192.wav,Raw_recordings_Day1_pt2,140.042286,140.314658,0.272372,W,ORD,matched
20211120_124124_192.wav,Raw_recordings_Day1_pt2,141.760543,142.936955,1.176412,ECT,ORD,matched
20211120_124124_192.wav,Raw_recordings_Day1_pt2,144.417612,144.860939,0.443327,FB,ORD,matched
20211120_124124_192.wav,Raw_recordings_Day1_pt2,144.901505,145.918551,1.017046,ECT,ORD,matched
20211120_124124_192.wav,Raw_recordings_Day1_pt2,146.63425,147.210866,0.576616,FB,ORD,matched
20211120_124124_192.wav,Raw_recordings_Day1_pt2,148.378585,149.812881,1.434296,ECT,ORD,matched
20211120_124124_192.wav,Raw_recordings_Day1_pt2,150.041788,152.710447,2.668659,ECT,ORD,matched
20211120_124124_192.wav,Raw_recordings_Day1_pt2,153.153775,154.411319,1.257544,BPS,ORD,matched
20211120_124124_192.wav,Raw_recordings_Day1_pt2,155.428364,156.126678,0.698314,BPS,ORD,matched
20211120_124124_192.wav,Raw_recordings_Day1_pt2,163.144584,164.048625,0.904041,ECT,ORD,matched
20211120_124124_192.wav,Raw_recordings_Day1_pt2,172.315382,173.19914,0.883758,BPS,ORD,matched
20211120_124124_192.wav,Raw_recordings_Day1_pt2,199.662615,199.943679,0.281064,FB,ORD,matched
20211120_124124_192.wav,Raw_recordings_Day1_pt2,205.104244,206.112598,1.008354,MW,ORD,matched
20211120_124124_192.wav,Raw_recordings_Day1_pt2,205.150606,205.440362,0.289756,W,ORD,matched
20211120_124124_192.wav,Raw_recordings_Day1_pt2,205.165093,207.051409,1.886316,BPS,ORD,matched
20211120_124124_192.wav,Raw_recordings_Day1_pt2,205.770685,206.112598,0.341913,W,ORD,matched
20211120_124124_192.wav,Raw_recordings_Day1_pt2,208.711715,209.010164,0.298449,W,ORD,matched
20211120_124124_192.wav,Raw_recordings_Day1_pt2,208.723305,209.714273,0.990968,MW,ORD,matched
20211120_124124_192.wav,Raw_recordings_Day1_pt2,209.401336,209.728761,0.327425,W,ORD,matched
20211120_124124_192.wav,Raw_recordings_Day1_pt2,213.011703,213.556446,0.544743,FB,ORD,matched
20211120_124124_192.wav,Raw_recordings_Day1_pt2,214.938585,217.543497,2.604912,ECT,ORD,matched
20211120_124124_192.wav,Raw_recordings_Day1_pt2,219.232779,220.339649,1.10687,ECT,ORD,matched
20211120_124124_192.wav,Raw_recordings_Day1_pt2,224.178925,225.717533,1.538608,NOISE,ORD,matched
20211120_124124_192.wav,Raw_recordings_Day1_pt2,225.920362,227.644414,1.724052,NOISE,ORD,matched
20211120_124124_192.wav,Raw_recordings_Day1_pt2,230.513005,231.640158,1.127153,NOISE,ORD,matched
20211120_124124_192.wav,Raw_recordings_Day1_pt2,232.034228,233.312054,1.277826,ECT,ORD,matched
20211120_124124_192.wav,Raw_recordings_Day1_pt2,234.928896,236.253084,1.324188,ECT,ORD,matched
20211120_124124_192.wav,Raw_recordings_Day1_pt2,245.991805,247.886814,1.895009,ECT,ORD,matched
20211120_124124_192.wav,Raw_recordings_Day1_pt2,252.537408,252.867731,0.330323,FB,ORD,matched
20211120_124124_192.wav,Raw_recordings_Day1_pt2,253.128512,254.603373,1.474861,BPS,ORD,matched
20211120_124124_192.wav,Raw_recordings_Day1_pt2,259.511851,260.838936,1.327085,BPS,ORD,matched
20211120_124124_192.wav,Raw_recordings_Day1_pt2,261.824109,265.028817,3.204708,ECT,ORD,matched
20211120_124124_192.wav,Raw_recordings_Day1_pt2,271.061551,272.339377,1.277826,BPS,ORD,matched
20211120_124124_192.wav,Raw_recordings_Day1_pt2,271.922128,272.171319,0.249191,W,ORD,matched
20211120_124124_192.wav,Raw_recordings_Day1_pt2,273.118823,274.689304,1.570481,BPS,ORD,matched
20211120_124124_192.wav,Raw_recordings_Day1_pt2,275.520905,276.775552,1.254647,ECT,ORD,matched
20211120_124124_192.wav,Raw_recordings_Day1_pt2,286.783746,287.7921,1.008354,FB,ORD,matched
20211120_124124_192.wav,Raw_recordings_Day1_pt2,288.160091,289.629157,1.469066,BPS,ORD,matched
20211120_124124_192.wav,Raw_recordings_Day1_pt2,288.325252,289.255371,0.930119,W,ORD,matched
20211120_124124_192.wav,Raw_recordings_Day1_pt2,295.708251,296.652858,0.944607,BPS,ORD,matched
20211120_124124_192.wav,Raw_recordings_Day1_pt2,298.788364,299.521449,0.733085,FB,ORD,matched
20211120_124625_192.wav,Raw_recordings_Day1_pt2,1.21466,2.299509,1.084849,NOISE,unknown,unknown
20211120_124625_192.wav,Raw_recordings_Day1_pt2,2.858932,5.040993,2.182061,NOISE,unknown,unknown
20211120_124625_192.wav,Raw_recordings_Day1_pt2,6.570908,8.416078,1.84517,NOISE,unknown,unknown
20211120_124625_192.wav,Raw_recordings_Day1_pt2,8.762241,10.690861,1.92862,NOISE,unknown,unknown
20211120_124625_192.wav,Raw_recordings_Day1_pt2,15.685493,16.368546,0.683053,BPS,unknown,unknown
20211120_124625_192.wav,Raw_recordings_Day1_pt2,16.782705,18.550607,1.767902,BPS,unknown,unknown
20211120_124625_192.wav,Raw_recordings_Day1_pt2,21.004653,21.304454,0.299801,W,unknown,unknown
20211120_124625_192.wav,Raw_recordings_Day1_pt2,23.066175,25.458406,2.392231,ECT,unknown,unknown
20211120_124625_192.wav,Raw_recordings_Day1_pt2,26.391808,26.635977,0.244169,W,unknown,unknown
20211120_124625_192.wav,Raw_recordings_Day1_pt2,27.714644,27.878453,0.163809,W,unknown,unknown
20211120_124625_192.wav,Raw_recordings_Day1_pt2,28.100986,29.034389,0.933403,CR,unknown,unknown
20211120_124625_192.wav,Raw_recordings_Day1_pt2,30.456128,31.661516,1.205388,BPS,unknown,unknown
20211120_124625_192.wav,Raw_recordings_Day1_pt2,36.356346,36.751961,0.395615,FB,unknown,unknown
20211120_124625_192.wav,Raw_recordings_Day1_pt2,36.853955,37.37938,0.525425,FB,unknown,unknown
20211120_124625_192.wav,Raw_recordings_Day1_pt2,37.37938,38.040798,0.661418,BPS,unknown,unknown
20211120_124625_192.wav,Raw_recordings_Day1_pt2,41.598237,42.942708,1.344471,ECT,unknown,unknown
20211120_124625_192.wav,Raw_recordings_Day1_pt2,44.803332,46.027264,1.223932,NOISE,unknown,unknown
20211120_124625_192.wav,Raw_recordings_Day1_pt2,46.97303,47.779713,0.806683,ECT,unknown,unknown
20211120_124625_192.wav,Raw_recordings_Day1_pt2,52.814524,53.098872,0.284348,W,unknown,unknown
20211120_124625_192.wav,Raw_recordings_Day1_pt2,57.722615,59.187625,1.46501,NOISE,unknown,unknown
20211120_124625_192.wav,Raw_recordings_Day1_pt2,59.858315,61.564402,1.706087,NOISE,unknown,unknown
20211120_124625_192.wav,Raw_recordings_Day1_pt2,62.052739,63.573382,1.520643,ECT,unknown,unknown
20211120_124625_192.wav,Raw_recordings_Day1_pt2,65.45255,66.963921,1.511371,ECT,unknown,unknown
20211120_124625_192.wav,Raw_recordings_Day1_pt2,67.446076,69.01308,1.567004,ECT,unknown,unknown
20211120_124625_192.wav,Raw_recordings_Day1_pt2,70.360641,71.383676,1.023035,ECT,unknown,unknown
20211120_124625_192.wav,Raw_recordings_Day1_pt2,71.547485,72.885774,1.338289,ECT,unknown,unknown
20211120_124625_192.wav,Raw_recordings_Day1_pt2,73.395746,75.599442,2.203696,ECT,unknown,unknown
20211120_124625_192.wav,Raw_recordings_Day1_pt2,75.707617,77.286984,1.579367,ECT,unknown,unknown
20211120_124625_192.wav,Raw_recordings_Day1_pt2,78.959073,80.402448,1.443375,BPS,unknown,unknown
20211120_124625_192.wav,Raw_recordings_Day1_pt2,85.14673,86.315029,1.168299,BPS,unknown,unknown
20211120_124625_192.wav,Raw_recordings_Day1_pt2,88.354916,88.784528,0.429612,FB,unknown,unknown
20211120_124625_192.wav,Raw_recordings_Day1_pt2,89.591211,90.428801,0.83759,ECT,unknown,unknown
20211120_124625_192.wav,Raw_recordings_Day1_pt2,96.730815,97.166609,0.435794,FB,unknown,unknown
20211120_124625_192.wav,Raw_recordings_Day1_pt2,114.879626,116.761885,1.882259,ECT,unknown,unknown
20211120_124625_192.wav,Raw_recordings_Day1_pt2,117.012235,117.982726,0.970491,BPS,unknown,unknown
20211120_124625_192.wav,Raw_recordings_Day1_pt2,122.266489,122.504475,0.237986,W,unknown,unknown
20211120_124625_192.wav,Raw_recordings_Day1_pt2,126.077368,127.913266,1.835898,MW,unknown,unknown
20211120_124625_192.wav,Raw_recordings_Day1_pt2,126.092822,126.426621,0.333799,W,unknown,unknown
20211120_124625_192.wav,Raw_recordings_Day1_pt2,126.698606,127.978172,1.279566,W,unknown,unknown
20211120_124625_192.wav,Raw_recordings_Day1_pt2,128.296518,129.950062,1.653544,BPS,unknown,unknown
20211120_124625_192.wav,Raw_recordings_Day1_pt2,132.122851,132.431925,0.309074,W,unknown,unknown
20211120_124625_192.wav,Raw_recordings_Day1_pt2,134.991055,136.823863,1.832808,W,unknown,unknown
20211120_124625_192.wav,Raw_recordings_Day1_pt2,137.253475,137.624364,0.370889,W,unknown,unknown
20211120_124625_192.wav,Raw_recordings_Day1_pt2,137.880895,139.719884,1.838989,W,unknown,unknown
20211120_124625_192.wav,Raw_recordings_Day1_pt2,141.867946,142.189383,0.321437,FB,unknown,unknown
20211120_124625_192.wav,Raw_recordings_Day1_pt2,144.519799,145.484109,0.96431,ECT,unknown,unknown
20211120_124625_192.wav,Raw_recordings_Day1_pt2,146.86876,147.146926,0.278166,W,unknown,unknown
20211120_124625_192.wav,Raw_recordings_Day1_pt2,147.860887,150.308751,2.447864,MW,unknown,unknown
20211120_124625_192.wav,Raw_recordings_Day1_pt2,147.925792,149.76169,1.835898,W,unknown,unknown
20211120_124625_192.wav,Raw_recordings_Day1_pt2,149.962588,150.253118,0.29053,W,unknown,unknown
20211120_124625_192.wav,Raw_recordings_Day1_pt2,152.070471,152.268278,0.197807,W,unknown,unknown
20211120_124625_192.wav,Raw_recordings_Day1_pt2,153.513846,153.872371,0.358525,W,unknown,unknown
20211120_124625_192.wav,Raw_recordings_Day1_pt2,154.314347,156.020434,1.706087,W,unknown,unknown
20211120_124625_192.wav,Raw_recordings_Day1_pt2,164.013081,165.586267,1.573186,ECT,unknown,unknown
20211120_124625_192.wav,Raw_recordings_Day1_pt2,168.95208,170.061655,1.109575,ECT,unknown,unknown
20211120_124625_192.wav,Raw_recordings_Day1_pt2,171.233044,172.067543,0.834499,BPS,unknown,unknown
20211120_124625_192.wav,Raw_recordings_Day1_pt2,173.211116,173.887988,0.676872,BPS,unknown,unknown
20211120_124625_192.wav,Raw_recordings_Day1_pt2,182.124804,183.497091,1.372287,ECT,unknown,unknown
20211120_124625_192.wav,Raw_recordings_Day1_pt2,182.909851,184.66539,1.755539,W,unknown,unknown
20211120_124625_192.wav,Raw_recordings_Day1_pt2,185.472072,186.142762,0.67069,W,unknown,unknown
20211120_124625_192.wav,Raw_recordings_Day1_pt2,186.532195,188.346458,1.814263,BPS,unknown,unknown
20211120_124625_192.wav,Raw_recordings_Day1_pt2,192.54368,192.967111,0.423431,W,unknown,unknown
20211120_124625_192.wav,Raw_recordings_Day1_pt2,193.585259,194.821554,1.236295,BPS,unknown,unknown
20211120_124625_192.wav,Raw_recordings_Day1_pt2,198.051374,199.488567,1.437193,NOISE,unknown,unknown
20211120_124625_192.wav,Raw_recordings_Day1_pt2,199.652377,201.244106,1.591729,NOISE,unknown,unknown
20211120_124625_192.wav,Raw_recordings_Day1_pt2,214.441556,216.122917,1.681361,BPS,unknown,unknown
20211120_124625_192.wav,Raw_recordings_Day1_pt2,218.848948,221.136094,2.287146,BPS,unknown,unknown
20211120_124625_192.wav,Raw_recordings_Day1_pt2,223.018353,224.375187,1.356834,BPS,unknown,unknown
20211120_124625_192.wav,Raw_recordings_Day1_pt2,224.520451,226.06582,1.545369,BPS,unknown,unknown
20211120_124625_192.wav,Raw_recordings_Day1_pt2,226.421255,227.385565,0.96431,BPS,unknown,unknown
20211120_124625_192.wav,Raw_recordings_Day1_pt2,241.086805,242.329281,1.242476,BPS,unknown,unknown
20211120_124625_192.wav,Raw_recordings_Day1_pt2,242.582722,244.192996,1.610274,W,unknown,unknown
20211120_124625_192.wav,Raw_recordings_Day1_pt2,267.237536,267.472432,0.234896,W,unknown,unknown
20211120_124625_192.wav,Raw_recordings_Day1_pt2,267.25608,268.365655,1.109575,MW,unknown,unknown
20211120_124625_192.wav,Raw_recordings_Day1_pt2,268.068944,268.328566,0.259622,W,unknown,unknown
20211120_124625_192.wav,Raw_recordings_Day1_pt2,269.549407,269.907933,0.358526,W,unknown,unknown
20211120_124625_192.wav,Raw_recordings_Day1_pt2,281.173671,282.564503,1.390832,BPS,unknown,unknown
20211120_125126_192.wav,Raw_recordings_Day1_pt2,0.077751,0.946538,0.868787,ECT,unknown,unknown
20211120_125126_192.wav,Raw_recordings_Day1_pt2,2.893703,3.928134,1.034431,ECT,unknown,unknown
20211120_125126_192.wav,Raw_recordings_Day1_pt2,11.639042,13.079132,1.44009,BPS,unknown,unknown
20211120_125126_192.wav,Raw_recordings_Day1_pt2,13.12984,14.468515,1.338675,BPS,unknown,unknown
20211120_125126_192.wav,Raw_recordings_Day1_pt2,17.446731,17.903098,0.456367,FB,unknown,unknown
20211120_125126_192.wav,Raw_recordings_Day1_pt2,17.903098,18.815831,0.912733,ECT,unknown,unknown
20211120_125126_192.wav,Raw_recordings_Day1_pt2,20.387761,21.577695,1.189934,ECT,unknown,unknown
20211120_125126_192.wav,Raw_recordings_Day1_pt2,22.585082,23.94066,1.355578,W,unknown,unknown
20211120_125126_192.wav,Raw_recordings_Day1_pt2,25.722181,26.47265,0.750469,ECT,unknown,unknown
20211120_125126_192.wav,Raw_recordings_Day1_pt2,27.584833,29.20747,1.622637,ECT,unknown,unknown
20211120_125126_192.wav,Raw_recordings_Day1_pt2,27.676106,27.787663,0.111557,W,unknown,unknown
20211120_125126_192.wav,Raw_recordings_Day1_pt2,38.010277,38.885825,0.875548,W,unknown,unknown
20211120_125126_192.wav,Raw_recordings_Day1_pt2,40.271828,40.941166,0.669338,FB,unknown,unknown
20211120_125126_192.wav,Raw_recordings_Day1_pt2,46.042332,47.796808,1.754476,BPS,unknown,unknown
20211120_125126_192.wav,Raw_recordings_Day1_pt2,48.668976,50.535008,1.866032,W,unknown,unknown
20211120_125126_192.wav,Raw_recordings_Day1_pt2,54.253552,56.031692,1.77814,ECT,unknown,unknown
20211120_125126_192.wav,Raw_recordings_Day1_pt2,56.636801,58.012662,1.375861,ECT,unknown,unknown
20211120_125126_192.wav,Raw_recordings_Day1_pt2,64.743226,66.135989,1.392763,BPS,unknown,unknown
20211120_125126_192.wav,Raw_recordings_Day1_pt2,92.507225,93.521373,1.014148,FB,unknown,unknown
20211120_125126_192.wav,Raw_recordings_Day1_pt2,94.143384,95.55305,1.409666,FB,unknown,unknown
20211120_125126_192.wav,Raw_recordings_Day1_pt2,96.415076,97.655718,1.240642,FB,unknown,unknown
20211120_125126_192.wav,Raw_recordings_Day1_pt2,100.13362,100.931417,0.797797,FB,unknown,unknown
20211120_125126_192.wav,Raw_recordings_Day1_pt2,101.587233,103.740607,2.153374,ECT,unknown,unknown
20211120_125126_192.wav,Raw_recordings_Day1_pt2,107.148146,107.59099,0.442844,FB,unknown,unknown
20211120_125126_192.wav,Raw_recordings_Day1_pt2,112.418336,115.085546,2.66721,ECT,unknown,unknown
20211120_125126_192.wav,Raw_recordings_Day1_pt2,134.104207,135.405697,1.30149,FB,unknown,unknown
20211120_125126_192.wav,Raw_recordings_Day1_pt2,156.351239,158.372775,2.021536,NOISE,unknown,unknown
20211120_125126_192.wav,Raw_recordings_Day1_pt2,213.342992,214.157691,0.814699,W,unknown,unknown
20211120_125126_192.wav,Raw_recordings_Day1_pt2,268.769576,270.84858,2.079004,BPS,unknown,unknown
20211120_125126_192.wav,Raw_recordings_Day1_pt2,287.169606,290.076831,2.907225,ECT,unknown,unknown
20211120_125126_192.wav,Raw_recordings_Day1_pt2,296.320604,296.591043,0.270439,W,unknown,unknown
20211120_125626_192.wav,Raw_recordings_Day1_pt3,1.189934,1.579367,0.389433,W,unknown,unknown
20211120_125626_192.wav,Raw_recordings_Day1_pt3,2.80948,3.134008,0.324528,W,unknown,unknown
20211120_125626_192.wav,Raw_recordings_Day1_pt3,5.640596,5.928035,0.287439,W,unknown,unknown
20211120_125626_192.wav,Raw_recordings_Day1_pt3,7.473404,7.804112,0.330708,W,unknown,unknown
20211120_125626_192.wav,Raw_recordings_Day1_pt3,12.356769,12.545304,0.188535,W,unknown,unknown
20211120_125626_192.wav,Raw_recordings_Day1_pt3,16.272733,17.289586,1.016853,W,unknown,unknown
20211120_125626_192.wav,Raw_recordings_Day1_pt3,17.419397,17.672838,0.253441,W,unknown,unknown
20211120_125626_192.wav,Raw_recordings_Day1_pt3,18.195172,21.517715,3.322543,MW,unknown,unknown
20211120_125626_192.wav,Raw_recordings_Day1_pt3,18.22917,20.377233,2.148063,W,unknown,unknown
20211120_125626_192.wav,Raw_recordings_Day1_pt3,20.40505,20.525588,0.120538,W,unknown,unknown
20211120_125626_192.wav,Raw_recordings_Day1_pt3,20.593585,20.664672,0.071087,W,unknown,unknown
20211120_125626_192.wav,Raw_recordings_Day1_pt3,21.094284,21.394086,0.299802,W,unknown,unknown
20211120_125626_192.wav,Raw_recordings_Day1_pt3,24.018122,25.399682,1.38156,MW,unknown,unknown
20211120_125626_192.wav,Raw_recordings_Day1_pt3,24.030485,24.361194,0.330709,W,unknown,unknown
20211120_125626_192.wav,Raw_recordings_Day1_pt3,24.982432,25.285324,0.302892,W,unknown,unknown
20211120_125626_192.wav,Raw_recordings_Day1_pt3,26.490712,28.079351,1.588639,MW,unknown,unknown
20211120_125626_192.wav,Raw_recordings_Day1_pt3,26.592706,27.665192,1.072486,W,unknown,unknown
20211120_125626_192.wav,Raw_recordings_Day1_pt3,27.767187,28.107168,0.339981,W,unknown,unknown
20211120_125626_192.wav,Raw_recordings_Day1_pt3,29.04057,29.396005,0.355435,W,unknown,unknown
20211120_125626_192.wav,Raw_recordings_Day1_pt3,29.12093,32.171488,3.050558,MW,unknown,unknown
20211120_125626_192.wav,Raw_recordings_Day1_pt3,29.853434,30.134692,0.281258,W,unknown,unknown
20211120_125626_192.wav,Raw_recordings_Day1_pt3,30.147055,30.542669,0.395614,W,unknown,unknown
20211120_125626_192.wav,Raw_recordings_Day1_pt3,30.638482,31.040278,0.401796,W,unknown,unknown
20211120_125626_192.wav,Raw_recordings_Day1_pt3,31.537886,31.825325,0.287439,W,unknown,unknown
20211120_125626_192.wav,Raw_recordings_Day1_pt3,31.825325,32.044767,0.219442,W,unknown,unknown
20211120_125626_192.wav,Raw_recordings_Day1_pt3,36.309985,36.680874,0.370889,W,unknown,unknown
20211120_125626_192.wav,Raw_recordings_Day1_pt3,36.62215,37.435014,0.812864,BPS,unknown,unknown
20211120_125626_192.wav,Raw_recordings_Day1_pt3,37.694636,38.0068,0.312164,W,unknown,unknown
20211120_125626_192.wav,Raw_recordings_Day1_pt3,38.930931,40.497935,1.567004,MW,unknown,unknown
20211120_125626_192.wav,Raw_recordings_Day1_pt3,39.048379,39.403814,0.355435,W,unknown,unknown
20211120_125626_192.wav,Raw_recordings_Day1_pt3,39.508899,40.130137,0.621238,BPS,unknown,unknown
20211120_125626_192.wav,Raw_recordings_Day1_pt3,39.508899,39.740704,0.231805,W,unknown,unknown
20211120_125626_192.wav,Raw_recordings_Day1_pt3,40.161044,40.473209,0.312165,W,unknown,unknown
20211120_125626_192.wav,Raw_recordings_Day1_pt3,40.751375,42.686177,1.934802,MW,unknown,unknown
20211120_125626_192.wav,Raw_recordings_Day1_pt3,40.751375,41.116082,0.364707,W,unknown,unknown
20211120_125626_192.wav,Raw_recordings_Day1_pt3,41.619872,41.913493,0.293621,W,unknown,unknown
20211120_125626_192.wav,Raw_recordings_Day1_pt3,42.000033,42.701631,0.701598,W,unknown,unknown
20211120_125626_192.wav,Raw_recordings_Day1_pt3,46.067444,47.22338,1.155936,W,unknown,unknown
20211120_125626_192.wav,Raw_recordings_Day1_pt3,47.748805,48.895469,1.146664,W,unknown,unknown
20211120_125626_192.wav,Raw_recordings_Day1_pt3,49.272539,50.119401,0.846862,W,unknown,unknown
20211120_125626_192.wav,Raw_recordings_Day1_pt3,49.297265,50.530469,1.233204,MW,unknown,unknown
20211120_125626_192.wav,Raw_recordings_Day1_pt3,50.137945,50.443928,0.305983,W,unknown,unknown
20211120_125626_192.wav,Raw_recordings_Day1_pt3,51.621499,51.91821,0.296711,W,unknown,unknown
20211120_125626_192.wav,Raw_recordings_Day1_pt3,52.700167,56.832483,4.132316,MW,unknown,unknown
20211120_125626_192.wav,Raw_recordings_Day1_pt3,53.472851,53.717019,0.244168,W,unknown,unknown
20211120_125626_192.wav,Raw_recordings_Day1_pt3,54.573154,54.913135,0.339981,W,unknown,unknown
20211120_125626_192.wav,Raw_recordings_Day1_pt3,55.154212,55.491103,0.336891,W,unknown,unknown
20211120_125626_192.wav,Raw_recordings_Day1_pt3,55.664184,55.963986,0.299802,W,unknown,unknown
20211120_125626_192.wav,Raw_recordings_Day1_pt3,56.028891,56.103069,0.074178,W,unknown,unknown
20211120_125626_192.wav,Raw_recordings_Day1_pt3,56.180337,56.266878,0.086541,W,unknown,unknown
20211120_125626_192.wav,Raw_recordings_Day1_pt3,56.217426,56.572861,0.355435,W,unknown,unknown
20211120_125626_192.wav,Raw_recordings_Day1_pt3,56.671765,56.752124,0.080359,W,unknown,unknown
20211120_125626_192.wav,Raw_recordings_Day1_pt3,57.500082,59.910858,2.410776,MW,unknown,unknown
20211120_125626_192.wav,Raw_recordings_Day1_pt3,57.500082,59.25253,1.752448,W,unknown,unknown
20211120_125626_192.wav,Raw_recordings_Day1_pt3,59.233986,59.808863,0.574877,W,unknown,unknown
20211120_125626_192.wav,Raw_recordings_Day1_pt3,63.341576,64.920943,1.579367,NOISE,unknown,unknown
20211120_125626_192.wav,Raw_recordings_Day1_pt3,65.298013,66.358136,1.060123,BPS,unknown,unknown
20211120_125626_192.wav,Raw_recordings_Day1_pt3,65.965613,66.345773,0.38016,W,unknown,unknown
20211120_125626_192.wav,Raw_recordings_Day1_pt3,65.977975,66.942286,0.964311,MW,unknown,unknown
20211120_125626_192.wav,Raw_recordings_Day1_pt3,66.54358,66.911378,0.367798,W,unknown,unknown
20211120_125626_192.wav,Raw_recordings_Day1_pt3,67.201908,68.493836,1.291928,W,unknown,unknown
20211120_125626_192.wav,Raw_recordings_Day1_pt3,71.23532,72.508704,1.273384,W,unknown,unknown
20211120_125626_192.wav,Raw_recordings_Day1_pt3,76.566842,77.976219,1.409377,BPS,unknown,unknown
20211120_125626_192.wav,Raw_recordings_Day1_pt3,82.21362,83.724991,1.511371,ECT,unknown,unknown
20211120_125626_192.wav,Raw_recordings_Day1_pt3,84.043337,85.353809,1.310472,ECT,unknown,unknown
20211120_125626_192.wav,Raw_recordings_Day1_pt3,87.066078,88.064386,0.998308,BPS,unknown,unknown
20211120_125626_192.wav,Raw_recordings_Day1_pt3,87.699679,88.487817,0.788138,BPS,unknown,unknown
20211120_125626_192.wav,Raw_recordings_Day1_pt3,88.364188,88.787619,0.423431,FB,unknown,unknown
20211120_125626_192.wav,Raw_recordings_Day1_pt3,89.949736,91.952534,2.002798,ECT,unknown,unknown
20211120_125626_192.wav,Raw_recordings_Day1_pt3,92.091617,94.242771,2.151154,ECT,unknown,unknown
20211120_125626_192.wav,Raw_recordings_Day1_pt3,93.247553,94.122232,0.874679,BPS,unknown,unknown
20211120_125626_192.wav,Raw_recordings_Day1_pt3,94.480758,96.202298,1.72154,ECT,unknown,unknown
20211120_125626_192.wav,Raw_recordings_Day1_pt3,96.152847,97.373688,1.220841,BPS,unknown,unknown
20211120_125626_192.wav,Raw_recordings_Day1_pt3,104.754369,105.233434,0.479065,FB,unknown,unknown
20211120_125626_192.wav,Raw_recordings_Day1_pt3,107.004426,107.832744,0.828318,BPS,unknown,unknown
20211120_125626_192.wav,Raw_recordings_Day1_pt3,112.08869,112.784106,0.695416,BPS,unknown,unknown
20211120_125626_192.wav,Raw_recordings_Day1_pt3,112.855193,113.309531,0.454338,FB,unknown,unknown
20211120_125626_192.wav,Raw_recordings_Day1_pt3,115.157792,115.834664,0.676872,FB,unknown,unknown
20211120_125626_192.wav,Raw_recordings_Day1_pt3,116.91024,117.682925,0.772685,FB,unknown,unknown
20211120_125626_192.wav,Raw_recordings_Day1_pt3,117.927093,118.548331,0.621238,FB,unknown,unknown
20211120_125626_192.wav,Raw_recordings_Day1_pt3,121.867783,122.550836,0.683053,FB,unknown,unknown
20211120_125626_192.wav,Raw_recordings_Day1_pt3,123.116441,123.957122,0.840681,ECT,unknown,unknown
20211120_125626_192.wav,Raw_recordings_Day1_pt3,135.049779,135.893551,0.843772,FB,unknown,unknown
20211120_125626_192.wav,Raw_recordings_Day1_pt3,136.68787,136.953674,0.265804,W,unknown,unknown
20211120_125626_192.wav,Raw_recordings_Day1_pt3,136.842407,137.843806,1.001399,FB,unknown,unknown
20211120_125626_192.wav,Raw_recordings_Day1_pt3,144.022191,145.456293,1.434102,BPS,unknown,unknown
20211120_125626_192.wav,Raw_recordings_Day1_pt3,157.25982,159.392429,2.132609,BPS,unknown,unknown
20211120_125626_192.wav,Raw_recordings_Day1_pt3,161.113969,161.781569,0.6676,FB,unknown,unknown
20211120_125626_192.wav,Raw_recordings_Day1_pt3,164.043989,165.184471,1.140482,ECT,unknown,unknown
20211120_125626_192.wav,Raw_recordings_Day1_pt3,171.396853,172.478612,1.081759,FB,unknown,unknown
20211120_125626_192.wav,Raw_recordings_Day1_pt3,197.532131,198.82715,1.295019,BPS,unknown,unknown
20211120_125626_192.wav,Raw_recordings_Day1_pt3,200.959759,201.265742,0.305983,W,unknown,unknown
20211120_125626_192.wav,Raw_recordings_Day1_pt3,207.654296,207.892283,0.237987,W,unknown,unknown
20211120_125626_192.wav,Raw_recordings_Day1_pt3,209.301659,210.037255,0.735596,FB,unknown,unknown
20211120_125626_192.wav,Raw_recordings_Day1_pt3,217.754827,218.036084,0.281257,W,unknown,unknown
20211120_125626_192.wav,Raw_recordings_Day1_pt3,245.141852,246.943752,1.8019,BPS,unknown,unknown
20211120_125626_192.wav,Raw_recordings_Day1_pt3,246.990114,248.748743,1.758629,BPS,unknown,unknown
20211120_125626_192.wav,Raw_recordings_Day1_pt3,252.454538,253.938092,1.483554,ECT,unknown,unknown
20211120_125626_192.wav,Raw_recordings_Day1_pt3,254.376976,255.328924,0.951948,ECT,unknown,unknown
20211120_125626_192.wav,Raw_recordings_Day1_pt3,258.75037,260.589359,1.838989,ECT,unknown,unknown
20211120_125626_192.wav,Raw_recordings_Day1_pt3,263.751184,265.460361,1.709177,BPS,unknown,unknown
20211120_125626_192.wav,Raw_recordings_Day1_pt3,269.379417,270.748613,1.369196,FB,unknown,unknown
20211120_125626_192.wav,Raw_recordings_Day1_pt3,275.455807,277.517329,2.061522,NOISE,unknown,unknown
20211120_125626_192.wav,Raw_recordings_Day1_pt3,280.8306,282.261611,1.431011,NOISE,unknown,unknown
20211120_125626_192.wav,Raw_recordings_Day1_pt3,282.607774,284.483851,1.876077,NOISE,unknown,unknown
20211120_125626_192.wav,Raw_recordings_Day1_pt3,297.88529,299.860271,1.974981,NOISE,unknown,unknown
20211120_130127_192.wav,Raw_recordings_Day1_pt3,1.073838,2.334859,1.261021,NOISE,unknown,unknown
20211120_130127_192.wav,Raw_recordings_Day1_pt3,2.548313,4.367599,1.819286,NOISE,unknown,unknown
20211120_130127_192.wav,Raw_recordings_Day1_pt3,4.676286,6.301821,1.625535,NOISE,unknown,unknown
20211120_130127_192.wav,Raw_recordings_Day1_pt3,6.564533,8.252463,1.68793,NOISE,unknown,unknown
20211120_130127_192.wav,Raw_recordings_Day1_pt3,8.393671,10.331177,1.937506,NOISE,unknown,unknown
20211120_130127_192.wav,Raw_recordings_Day1_pt3,10.853318,12.623345,1.770027,NOISE,unknown,unknown
20211120_130127_192.wav,Raw_recordings_Day1_pt3,13.46731,15.004179,1.536869,NOISE,unknown,unknown
20211120_130127_192.wav,Raw_recordings_Day1_pt3,18.373469,19.992436,1.618967,NOISE,unknown,unknown
20211120_130127_192.wav,Raw_recordings_Day1_pt3,20.031843,21.962781,1.930938,NOISE,unknown,unknown
20211120_130127_192.wav,Raw_recordings_Day1_pt3,22.353566,23.749228,1.395662,NOISE,unknown,unknown
20211120_130127_192.wav,Raw_recordings_Day1_pt3,33.742162,34.448202,0.70604,W,unknown,unknown
20211120_130127_192.wav,Raw_recordings_Day1_pt3,34.727334,37.285499,2.558165,ECT,unknown,unknown
20211120_130127_192.wav,Raw_recordings_Day1_pt3,36.201809,37.009651,0.807842,W,unknown,unknown
20211120_130127_192.wav,Raw_recordings_Day1_pt3,41.879688,42.835305,0.955617,FB,unknown,unknown
20211120_130127_192.wav,Raw_recordings_Day1_pt3,45.721861,46.296545,0.574684,W,unknown,unknown
20211120_130127_192.wav,Raw_recordings_Day1_pt3,52.542539,54.204197,1.661658,ECT,unknown,unknown
20211120_130127_192.wav,Raw_recordings_Day1_pt3,54.407799,56.026766,1.618967,BPS,unknown,unknown
20211120_130127_192.wav,Raw_recordings_Day1_pt3,60.151356,60.70962,0.558264,FB,unknown,unknown
20211120_130127_192.wav,Raw_recordings_Day1_pt3,66.827542,67.339832,0.51229,W,unknown,unknown
20211120_130127_192.wav,Raw_recordings_Day1_pt3,76.659565,77.257236,0.597671,FB,unknown,unknown
20211120_130127_192.wav,Raw_recordings_Day1_pt3,86.994025,88.291169,1.297144,NOISE,unknown,unknown
20211120_130127_192.wav,Raw_recordings_Day1_pt3,135.763353,137.927449,2.164096,NOISE,unknown,unknown
20211120_130127_192.wav,Raw_recordings_Day1_pt3,147.020592,148.120702,1.10011,BPS,unknown,unknown
20211120_130127_192.wav,Raw_recordings_Day1_pt3,153.154934,154.320721,1.165787,BPS,unknown,unknown
20211120_130127_192.wav,Raw_recordings_Day1_pt3,163.256237,164.783254,1.527017,ECT,unknown,unknown
20211120_130127_192.wav,Raw_recordings_Day1_pt3,168.609008,170.175433,1.566425,ECT,unknown,unknown
20211120_130127_192.wav,Raw_recordings_Day1_pt3,170.605625,171.646624,1.040999,BPS,unknown,unknown
20211120_130127_192.wav,Raw_recordings_Day1_pt3,174.224492,174.960088,0.735596,FB,unknown,unknown
20211120_130127_192.wav,Raw_recordings_Day1_pt3,175.272059,177.166874,1.894815,BPS,unknown,unknown
20211120_130127_192.wav,Raw_recordings_Day1_pt3,177.869631,179.48203,1.612399,BPS,unknown,unknown
20211120_130127_192.wav,Raw_recordings_Day1_pt3,190.42073,191.813107,1.392377,BPS,unknown,unknown
20211120_130127_192.wav,Raw_recordings_Day1_pt3,214.409683,215.115723,0.70604,FB,unknown,unknown
20211120_130127_192.wav,Raw_recordings_Day1_pt3,215.168266,217.138611,1.970345,ECT,unknown,unknown
20211120_130127_192.wav,Raw_recordings_Day1_pt3,221.995512,222.461827,0.466315,W,unknown,unknown
20211120_130127_192.wav,Raw_recordings_Day1_pt3,222.970833,223.469987,0.499154,FB,unknown,unknown
20211120_130127_192.wav,Raw_recordings_Day1_pt3,225.4469,227.299024,1.852124,ECT,unknown,unknown
20211120_130127_192.wav,Raw_recordings_Day1_pt3,233.505612,233.952223,0.446611,FB,unknown,unknown
20211120_130127_192.wav,Raw_recordings_Day1_pt3,244.884355,246.066563,1.182208,BPS,unknown,unknown
20211120_130127_192.wav,Raw_recordings_Day1_pt3,260.903262,261.402416,0.499154,FB,unknown,unknown
20211120_130127_192.wav,Raw_recordings_Day1_pt3,276.705431,278.810416,2.104985,NOISE,unknown,unknown
20211120_130127_192.wav,Raw_recordings_Day1_pt3,278.941772,280.682244,1.740472,NOISE,unknown,unknown
20211120_130127_192.wav,Raw_recordings_Day1_pt3,289.335344,290.914904,1.57956,ECT,unknown,unknown
20211120_130127_192.wav,Raw_recordings_Day1_pt3,294.287478,296.300514,2.013036,ECT,unknown,unknown
20211120_130627_192.wav,Raw_recordings_Day1_pt3,0.995024,1.658374,0.66335,BPS,unknown,unknown
20211120_130627_192.wav,Raw_recordings_Day1_pt3,11.881182,13.60195,1.720768,BPS,unknown,unknown
20211120_130627_192.wav,Raw_recordings_Day1_pt3,16.225793,18.041794,1.816001,ECT,unknown,unknown
20211120_130627_192.wav,Raw_recordings_Day1_pt3,18.898895,20.498158,1.599263,NOISE,unknown,unknown
20211120_130627_192.wav,Raw_recordings_Day1_pt3,20.816697,22.563737,1.74704,NOISE,unknown,unknown
20211120_130627_192.wav,Raw_recordings_Day1_pt3,22.760771,24.25495,1.494179,NOISE,unknown,unknown
20211120_130627_192.wav,Raw_recordings_Day1_pt3,50.145286,50.34232,0.197034,W,unknown,unknown
20211120_130627_192.wav,Raw_recordings_Day1_pt3,51.27495,51.547515,0.272565,W,unknown,unknown
20211120_130627_192.wav,Raw_recordings_Day1_pt3,52.572094,52.893917,0.321823,W,unknown,unknown
20211120_130627_192.wav,Raw_recordings_Day1_pt3,59.07095,60.840976,1.770026,BPS,unknown,unknown
20211120_130627_192.wav,Raw_recordings_Day1_pt3,70.535075,71.165585,0.63051,FB,unknown,unknown
20211120_130627_192.wav,Raw_recordings_Day1_pt3,73.864958,75.510197,1.645239,NOISE,unknown,unknown
20211120_130627_192.wav,Raw_recordings_Day1_pt3,83.151852,84.659166,1.507314,NOISE,unknown,unknown
20211120_130627_192.wav,Raw_recordings_Day1_pt3,84.833213,86.599956,1.766743,NOISE,unknown,unknown
20211120_130627_192.wav,Raw_recordings_Day1_pt3,110.070052,111.63976,1.569708,NOISE,unknown,unknown
20211120_130627_192.wav,Raw_recordings_Day1_pt3,122.565324,122.959393,0.394069,FB,unknown,unknown
20211120_130627_192.wav,Raw_recordings_Day1_pt3,127.635679,128.522335,0.886656,FB,unknown,unknown
20211120_130627_192.wav,Raw_recordings_Day1_pt3,133.520444,135.152546,1.632102,NOISE,unknown,unknown
20211120_130627_192.wav,Raw_recordings_Day1_pt3,159.338534,160.550296,1.211762,BPS,unknown,unknown
20211120_130627_192.wav,Raw_recordings_Day1_pt3,163.587912,164.865352,1.27744,BPS,unknown,unknown
20211120_130627_192.wav,Raw_recordings_Day1_pt3,170.017805,172.250863,2.233058,BPS,unknown,unknown
20211120_130627_192.wav,Raw_recordings_Day1_pt3,179.528005,181.49835,1.970345,NOISE,unknown,unknown
20211120_130627_192.wav,Raw_recordings_Day1_pt3,181.655977,183.692001,2.036024,NOISE,unknown,unknown
20211120_130627_192.wav,Raw_recordings_Day1_pt3,183.816789,185.51457,1.697781,NOISE,unknown,unknown
20211120_130627_192.wav,Raw_recordings_Day1_pt3,185.767431,187.695085,1.927654,NOISE,unknown,unknown
20211120_130627_192.wav,Raw_recordings_Day1_pt3,191.63906,193.300718,1.661658,NOISE,unknown,unknown
20211120_130627_192.wav,Raw_recordings_Day1_pt3,194.532183,196.289075,1.756892,NOISE,unknown,unknown
20211120_130627_192.wav,Raw_recordings_Day1_pt3,196.390876,198.541836,2.15096,NOISE,unknown,unknown
20211120_130627_192.wav,Raw_recordings_Day1_pt3,200.042582,201.832312,1.78973,NOISE,unknown,unknown
20211120_130627_192.wav,Raw_recordings_Day1_pt3,209.083183,209.339328,0.256145,W,unknown,unknown
20211120_130627_192.wav,Raw_recordings_Day1_pt3,211.056812,211.286686,0.229874,W,unknown,unknown
20211120_130627_192.wav,Raw_recordings_Day1_pt3,220.261608,222.48153,2.219922,NOISE,unknown,unknown
20211120_130627_192.wav,Raw_recordings_Day1_pt3,227.53875,228.494367,0.955617,ECT,unknown,unknown
20211120_130627_192.wav,Raw_recordings_Day1_pt3,236.208269,236.434858,0.226589,W,unknown,unknown
20211120_130627_192.wav,Raw_recordings_Day1_pt3,237.190157,239.065269,1.875112,BPS,unknown,unknown
20211120_130627_192.wav,Raw_recordings_Day1_pt3,246.880972,248.769219,1.888247,ECT,unknown,unknown
20211120_130627_192.wav,Raw_recordings_Day1_pt3,254.667119,255.438838,0.771719,FB,unknown,unknown
20211120_130627_192.wav,Raw_recordings_Day1_pt3,255.52422,256.81808,1.29386,ECT,unknown,unknown
20211120_130627_192.wav,Raw_recordings_Day1_pt3,256.890326,257.113631,0.223305,W,unknown,unknown
20211120_130627_192.wav,Raw_recordings_Day1_pt3,267.418537,268.912715,1.494178,BPS,unknown,unknown
20211120_130627_192.wav,Raw_recordings_Day1_pt3,272.396942,274.0586,1.661658,NOISE,unknown,unknown
20211120_130627_192.wav,Raw_recordings_Day1_pt3,274.183389,275.690703,1.507314,NOISE,unknown,unknown
20211120_130627_192.wav,Raw_recordings_Day1_pt3,276.009242,276.692295,0.683053,ECT,unknown,unknown
20211120_130627_192.wav,Raw_recordings_Day1_pt3,286.573576,286.678661,0.105085,W,unknown,unknown
20211120_130627_192.wav,Raw_recordings_Day1_pt3,290.593081,292.455057,1.861976,NOISE,unknown,unknown
20211120_130627_192.wav,Raw_recordings_Day1_pt3,292.55029,294.651992,2.101702,NOISE,unknown,unknown
20211120_131128_192.wav,Raw_recordings_Day1_pt3,0.032936,2.089918,2.056982,NOISE,unknown,unknown
20211120_131128_192.wav,Raw_recordings_Day1_pt3,2.104889,4.335532,2.230643,NOISE,unknown,unknown
20211120_131128_192.wav,Raw_recordings_Day1_pt3,5.395462,7.688982,2.29352,NOISE,unknown,unknown
20211120_131128_192.wav,Raw_recordings_Day1_pt3,17.255298,19.590737,2.335439,NOISE,unknown,unknown
20211120_131128_192.wav,Raw_recordings_Day1_pt3,22.656749,24.405333,1.748584,ECT,unknown,unknown
20211120_131128_192.wav,Raw_recordings_Day1_pt3,25.543111,26.417404,0.874293,FB,unknown,unknown
20211120_131128_192.wav,Raw_recordings_Day1_pt3,27.414456,28.701942,1.287486,FB,unknown,unknown
20211120_131128_192.wav,Raw_recordings_Day1_pt3,31.81586,32.96262,1.14676,ECT,unknown,unknown
20211120_131128_192.wav,Raw_recordings_Day1_pt3,33.675228,34.085427,0.410199,FB,unknown,unknown
20211120_131128_192.wav,Raw_recordings_Day1_pt3,36.375953,38.15448,1.778527,NOISE,unknown,unknown
20211120_131128_192.wav,Raw_recordings_Day1_pt3,40.331228,42.376234,2.045006,NOISE,unknown,unknown
20211120_131128_192.wav,Raw_recordings_Day1_pt3,44.11883,46.071018,1.952188,BPS,unknown,unknown
20211120_131128_192.wav,Raw_recordings_Day1_pt3,45.897357,47.798643,1.901286,BPS,unknown,unknown
20211120_131128_192.wav,Raw_recordings_Day1_pt3,62.452023,64.721591,2.269568,NOISE,unknown,unknown
20211120_131128_192.wav,Raw_recordings_Day1_pt3,65.727626,67.859462,2.131836,NOISE,unknown,unknown
20211120_131128_192.wav,Raw_recordings_Day1_pt3,67.961263,71.206924,3.245661,NOISE,unknown,unknown
20211120_131128_192.wav,Raw_recordings_Day1_pt3,80.306152,82.34517,2.039018,NOISE,unknown,unknown
20211120_131128_192.wav,Raw_recordings_Day1_pt3,85.680655,87.602901,1.922246,NOISE,unknown,unknown
20211120_131128_192.wav,Raw_recordings_Day1_pt3,94.675088,96.241029,1.565941,ECT,unknown,unknown
20211120_131128_192.wav,Raw_recordings_Day1_pt3,102.127532,104.229427,2.101895,NOISE,unknown,unknown
20211120_131128_192.wav,Raw_recordings_Day1_pt3,110.984234,111.166877,0.182643,W,unknown,unknown
20211120_131128_192.wav,Raw_recordings_Day1_pt3,114.942503,116.897684,1.955181,NOISE,unknown,unknown
20211120_131128_192.wav,Raw_recordings_Day1_pt3,119.287018,121.490713,2.203695,NOISE,unknown,unknown
20211120_131128_192.wav,Raw_recordings_Day1_pt3,124.969918,127.005942,2.036024,NOISE,unknown,unknown
20211120_131128_192.wav,Raw_recordings_Day1_pt3,127.06283,129.562947,2.500117,NOISE,unknown,unknown
20211120_131128_192.wav,Raw_recordings_Day1_pt3,130.030035,133.099041,3.069006,NOISE,unknown,unknown
20211120_131128_192.wav,Raw_recordings_Day1_pt3,133.209825,136.060257,2.850432,NOISE,unknown,unknown
20211120_131128_192.wav,Raw_recordings_Day1_pt3,139.799953,140.144281,0.344328,W,unknown,unknown
20211120_131128_192.wav,Raw_recordings_Day1_pt3,142.518643,144.782222,2.263579,NOISE,unknown,unknown
20211120_131128_192.wav,Raw_recordings_Day1_pt3,156.411509,157.687018,1.275509,BPS,unknown,unknown
20211120_131128_192.wav,Raw_recordings_Day1_pt3,157.806784,159.39069,1.583906,BPS,unknown,unknown
20211120_131128_192.wav,Raw_recordings_Day1_pt3,161.726129,163.304047,1.577918,ECT,unknown,unknown
20211120_131128_192.wav,Raw_recordings_Day1_pt3,165.950877,166.127532,0.176655,W,unknown,unknown
20211120_131128_192.wav,Raw_recordings_Day1_pt3,188.317193,190.58676,2.269567,NOISE,unknown,unknown
20211120_131128_192.wav,Raw_recordings_Day1_pt3,190.685567,193.293474,2.607907,NOISE,unknown,unknown
20211120_131128_192.wav,Raw_recordings_Day1_pt3,193.485099,195.545076,2.059977,NOISE,unknown,unknown
20211120_131128_192.wav,Raw_recordings_Day1_pt3,195.652865,197.626012,1.973147,NOISE,unknown,unknown
20211120_131128_192.wav,Raw_recordings_Day1_pt3,204.755088,206.797099,2.042011,NOISE,unknown,unknown
20211120_131128_192.wav,Raw_recordings_Day1_pt3,227.657357,228.12145,0.464093,FB,unknown,unknown
20211120_131128_192.wav,Raw_recordings_Day1_pt3,244.978526,246.340865,1.362339,NOISE,unknown,unknown
20211120_131128_192.wav,Raw_recordings_Day1_pt3,246.694175,248.736187,2.042012,NOISE,unknown,unknown
20211120_131128_192.wav,Raw_recordings_Day1_pt3,248.751158,251.55069,2.799532,NOISE,unknown,unknown
20211120_131128_192.wav,Raw_recordings_Day1_pt3,252.694456,255.377216,2.68276,NOISE,unknown,unknown
20211120_131128_192.wav,Raw_recordings_Day1_pt3,274.941006,277.456094,2.515088,NOISE,unknown,unknown
20211120_131128_192.wav,Raw_recordings_Day1_pt3,294.810199,296.501895,1.691696,ECT,unknown,unknown
20211120_131628_192.wav,Raw_recordings_Day1_pt3,0,0.621238,0.621238,ECT,unknown,unknown
20211120_131628_192.wav,Raw_recordings_Day1_pt3,1.21466,3.004197,1.789537,NOISE,unknown,unknown
20211120_131628_192.wav,Raw_recordings_Day1_pt3,11.309009,12.406221,1.097212,BPS,unknown,unknown
20211120_131628_192.wav,Raw_recordings_Day1_pt3,18.065361,18.581514,0.516153,FB,unknown,unknown
20211120_131628_192.wav,Raw_recordings_Day1_pt3,18.831864,19.684908,0.853044,FB,unknown,unknown
20211120_131628_192.wav,Raw_recordings_Day1_pt3,20.797573,22.265674,1.468101,ECT,unknown,unknown
20211120_131628_192.wav,Raw_recordings_Day1_pt3,24.589908,26.095098,1.50519,NOISE,unknown,unknown
20211120_131628_192.wav,Raw_recordings_Day1_pt3,26.23109,27.819729,1.588639,NOISE,unknown,unknown
20211120_131628_192.wav,Raw_recordings_Day1_pt3,28.904578,30.366497,1.461919,NOISE,unknown,unknown
20211120_131628_192.wav,Raw_recordings_Day1_pt3,30.54576,32.369295,1.823535,NOISE,unknown,unknown
20211120_131628_192.wav,Raw_recordings_Day1_pt3,32.533104,34.242282,1.709178,NOISE,unknown,unknown
20211120_131628_192.wav,Raw_recordings_Day1_pt3,42.234929,43.304324,1.069395,BPS,unknown,unknown
20211120_131628_192.wav,Raw_recordings_Day1_pt3,49.244722,50.066858,0.822136,BPS,unknown,unknown
20211120_131628_192.wav,Raw_recordings_Day1_pt3,60.38374,61.255328,0.871588,FB,unknown,unknown
20211120_131628_192.wav,Raw_recordings_Day1_pt3,61.882748,62.707975,0.825227,W,unknown,unknown
20211120_131628_192.wav,Raw_recordings_Day1_pt3,72.87032,74.492958,1.622638,ECT,unknown,unknown
20211120_131628_192.wav,Raw_recordings_Day1_pt3,74.199337,75.055472,0.856135,W,unknown,unknown
20211120_131628_192.wav,Raw_recordings_Day1_pt3,75.559262,76.869735,1.310473,ECT,unknown,unknown
20211120_131628_192.wav,Raw_recordings_Day1_pt3,79.215605,81.462571,2.246966,ECT,unknown,unknown
20211120_131628_192.wav,Raw_recordings_Day1_pt3,81.79637,83.245926,1.449556,ECT,unknown,unknown
20211120_131628_192.wav,Raw_recordings_Day1_pt3,83.193384,84.241144,1.04776,BPS,unknown,unknown
20211120_131628_192.wav,Raw_recordings_Day1_pt3,84.278233,86.083224,1.804991,ECT,unknown,unknown
20211120_131628_192.wav,Raw_recordings_Day1_pt3,90.484434,90.765691,0.281257,W,unknown,unknown
20211120_131628_192.wav,Raw_recordings_Day1_pt3,94.211863,95.880862,1.668999,NOISE,unknown,unknown
20211120_131628_192.wav,Raw_recordings_Day1_pt3,95.955039,97.713669,1.75863,NOISE,unknown,unknown
20211120_131628_192.wav,Raw_recordings_Day1_pt3,98.962327,100.928036,1.965709,NOISE,unknown,unknown
20211120_131628_192.wav,Raw_recordings_Day1_pt3,101.02694,103.128641,2.101701,NOISE,unknown,unknown
20211120_131628_192.wav,Raw_recordings_Day1_pt3,115.884115,118.229985,2.34587,NOISE,unknown,unknown
20211120_131628_192.wav,Raw_recordings_Day1_pt3,118.350524,120.863294,2.51277,NOISE,unknown,unknown
20211120_131628_192.wav,Raw_recordings_Day1_pt3,128.247066,129.152652,0.905586,W,unknown,unknown
20211120_131628_192.wav,Raw_recordings_Day1_pt3,129.495724,129.702803,0.207079,W,unknown,unknown
20211120_131628_192.wav,Raw_recordings_Day1_pt3,129.613172,129.934609,0.321437,FB,unknown,unknown
20211120_131628_192.wav,Raw_recordings_Day1_pt3,141.636141,141.8834,0.247259,W,unknown,unknown
20211120_131628_192.wav,Raw_recordings_Day1_pt3,161.07379,163.163128,2.089338,NOISE,unknown,unknown
20211120_131628_192.wav,Raw_recordings_Day1_pt3,175.652799,175.884604,0.231805,W,unknown,unknown
20211120_131628_192.wav,Raw_recordings_Day1_pt3,188.541175,192.237697,3.696522,ECT,unknown,unknown
20211120_131628_192.wav,Raw_recordings_Day1_pt3,222.047861,223.179071,1.13121,BPS,unknown,unknown
20211120_131628_192.wav,Raw_recordings_Day1_pt3,231.116085,231.845499,0.729414,W,unknown,unknown
20211120_131628_192.wav,Raw_recordings_Day1_pt3,238.580217,239.992684,1.412467,BPS,unknown,unknown
20211120_131628_192.wav,Raw_recordings_Day1_pt3,245.250028,246.047439,0.797411,BPS,unknown,unknown
20211120_131628_192.wav,Raw_recordings_Day1_pt3,252.488536,253.88864,1.400104,BPS,unknown,unknown
20211120_131628_192.wav,Raw_recordings_Day1_pt3,265.021477,265.852885,0.831408,BPS,unknown,unknown
20211120_131628_192.wav,Raw_recordings_Day1_pt3,269.580315,271.774738,2.194423,W,unknown,unknown
20211120_131628_192.wav,Raw_recordings_Day1_pt3,269.744124,271.873642,2.129518,BPS,unknown,unknown
20211120_131628_192.wav,Raw_recordings_Day1_pt3,274.519313,275.984323,1.46501,ECT,unknown,unknown
20211120_131628_192.wav,Raw_recordings_Day1_pt3,276.200675,277.053718,0.853043,BPS,unknown,unknown
20211120_131628_192.wav,Raw_recordings_Day1_pt3,284.786744,285.166904,0.38016,W,unknown,unknown
20211120_131628_192.wav,Raw_recordings_Day1_pt3,297.931651,300.194071,2.26242,NOISE,unknown,unknown
20211120_132129_192.wav,Raw_recordings_Day1_pt3,0,2.162068,2.162068,NOISE,unknown,unknown
20211120_132129_192.wav,Raw_recordings_Day1_pt3,2.237115,4.99241,2.755295,NOISE,unknown,unknown
20211120_132129_192.wav,Raw_recordings_Day1_pt3,27.317098,29.507755,2.190657,ECT,unknown,unknown
20211120_132129_192.wav,Raw_recordings_Day1_pt3,32.112957,34.682422,2.569465,NOISE,unknown,unknown
20211120_132129_192.wav,Raw_recordings_Day1_pt3,40.732638,42.551633,1.818995,ECT,unknown,unknown
20211120_132129_192.wav,Raw_recordings_Day1_pt3,44.02041,46.364734,2.344324,NOISE,unknown,unknown
20211120_132129_192.wav,Raw_recordings_Day1_pt3,49.974136,52.354197,2.380061,ECT,unknown,unknown
20211120_132129_192.wav,Raw_recordings_Day1_pt3,60.691559,62.735695,2.044136,ECT,unknown,unknown
20211120_132129_192.wav,Raw_recordings_Day1_pt3,62.199645,64.36886,2.169215,ECT,unknown,unknown
20211120_132129_192.wav,Raw_recordings_Day1_pt3,65.348045,66.602401,1.254356,ECT,unknown,unknown
20211120_132129_192.wav,Raw_recordings_Day1_pt3,87.140256,88.526838,1.386582,FB,unknown,unknown
20211120_132129_192.wav,Raw_recordings_Day1_pt3,93.43348,94.148214,0.714734,FB,unknown,unknown
20211120_132129_192.wav,Raw_recordings_Day1_pt3,113.599674,115.182808,1.583134,ECT,unknown,unknown
20211120_132129_192.wav,Raw_recordings_Day1_pt3,115.422243,117.548574,2.126331,ECT,unknown,unknown
20211120_132129_192.wav,Raw_recordings_Day1_pt3,119.263934,121.111519,1.847585,ECT,unknown,unknown
20211120_132129_192.wav,Raw_recordings_Day1_pt3,124.199165,124.946061,0.746896,FB,unknown,unknown
20211120_132129_192.wav,Raw_recordings_Day1_pt3,125.063992,127.233207,2.169215,ECT,unknown,unknown
20211120_132129_192.wav,Raw_recordings_Day1_pt3,133.644363,134.573516,0.929153,FB,unknown,unknown
20211120_132129_192.wav,Raw_recordings_Day1_pt3,137.421727,137.682605,0.260878,W,unknown,unknown
20211120_132129_192.wav,Raw_recordings_Day1_pt3,175.266843,176.235307,0.968464,FB,unknown,unknown
20211120_132129_192.wav,Raw_recordings_Day1_pt3,197.334227,199.760746,2.426519,NOISE,unknown,unknown
20211120_132129_192.wav,Raw_recordings_Day1_pt3,212.197101,213.98036,1.783259,ECT,unknown,unknown
20211120_132129_192.wav,Raw_recordings_Day1_pt3,217.575467,219.519541,1.944074,NOISE,unknown,unknown
20211120_132129_192.wav,Raw_recordings_Day1_pt3,219.687503,221.713772,2.026269,NOISE,unknown,unknown
20211120_132129_192.wav,Raw_recordings_Day1_pt3,225.019412,227.224364,2.204952,NOISE,unknown,unknown
20211120_132129_192.wav,Raw_recordings_Day1_pt3,251.550304,253.244221,1.693917,W,unknown,unknown
20211120_132129_192.wav,Raw_recordings_Day1_pt3,257.711303,259.015691,1.304388,BPS,unknown,unknown
20211120_132129_192.wav,Raw_recordings_Day1_pt3,260.813244,261.967538,1.154294,BPS,unknown,unknown
20211120_132129_192.wav,Raw_recordings_Day1_pt3,284.924764,286.765202,1.840438,ECT,unknown,unknown
20211120_132129_192.wav,Raw_recordings_Day1_pt3,295.913785,298.222373,2.308588,NOISE,unknown,unknown
20211120_132629_192.wav,Raw_recordings_Day1_pt3,1.743466,3.980967,2.237501,NOISE,unknown,unknown
20211120_132629_192.wav,Raw_recordings_Day1_pt3,4.293324,6.66788,2.374556,NOISE,unknown,unknown
20211120_132629_192.wav,Raw_recordings_Day1_pt3,6.744376,9.246424,2.502048,NOISE,unknown,unknown
20211120_132629_192.wav,Raw_recordings_Day1_pt3,32.937797,33.584824,0.647027,FB,unknown,unknown
20211120_132629_192.wav,Raw_recordings_Day1_pt3,51.255344,52.810757,1.555413,ECT,unknown,unknown
20211120_132629_192.wav,Raw_recordings_Day1_pt3,52.976498,55.223561,2.247063,ECT,unknown,unknown
20211120_132629_192.wav,Raw_recordings_Day1_pt3,66.787169,68.712312,1.925143,ECT,unknown,unknown
20211120_132629_192.wav,Raw_recordings_Day1_pt3,69.008733,69.614325,0.605592,BPS,unknown,unknown
20211120_132629_192.wav,Raw_recordings_Day1_pt3,71.67971,71.988881,0.309171,W,unknown,unknown
20211120_132629_192.wav,Raw_recordings_Day1_pt3,73.200063,73.53792,0.337857,W,unknown,unknown
20211120_132629_192.wav,Raw_recordings_Day1_pt3,81.021754,83.880783,2.859029,ECT,unknown,unknown
20211120_132629_192.wav,Raw_recordings_Day1_pt3,84.913476,86.182031,1.268555,ECT,unknown,unknown
20211120_132629_192.wav,Raw_recordings_Day1_pt3,101.777603,103.211898,1.434295,NOISE,unknown,unknown
20211120_132629_192.wav,Raw_recordings_Day1_pt3,104.678067,105.576892,0.898825,BPS,unknown,unknown
20211120_132629_192.wav,Raw_recordings_Day1_pt3,138.667681,140.599199,1.931518,NOISE,unknown,unknown
20211120_132629_192.wav,Raw_recordings_Day1_pt3,145.724414,147.754739,2.030325,ECT,unknown,unknown
20211120_132629_192.wav,Raw_recordings_Day1_pt3,150.21854,151.758017,1.539477,BPS,unknown,unknown
20211120_132629_192.wav,Raw_recordings_Day1_pt3,152.360421,155.063271,2.70285,ECT,unknown,unknown
20211120_132629_192.wav,Raw_recordings_Day1_pt3,158.292029,159.704014,1.411985,ECT,unknown,unknown
20211120_132629_192.wav,Raw_recordings_Day1_pt3,162.33993,164.434001,2.094071,NOISE,unknown,unknown
20211120_132629_192.wav,Raw_recordings_Day1_pt3,164.54237,167.092229,2.549859,NOISE,unknown,unknown
20211120_132629_192.wav,Raw_recordings_Day1_pt3,168.026114,170.429356,2.403242,NOISE,unknown,unknown
20211120_132629_192.wav,Raw_recordings_Day1_pt3,172.21107,174.563314,2.352244,NOISE,unknown,unknown
20211120_132629_192.wav,Raw_recordings_Day1_pt3,175.669315,175.9498,0.280485,W,unknown,unknown
20211120_132629_192.wav,Raw_recordings_Day1_pt3,178.043871,180.364242,2.320371,NOISE,unknown,unknown
20211120_132629_192.wav,Raw_recordings_Day1_pt3,192.609938,193.123097,0.513159,W,unknown,unknown
20211120_132629_192.wav,Raw_recordings_Day1_pt3,216.820844,217.537992,0.717148,FB,unknown,unknown
20211120_132629_192.wav,Raw_recordings_Day1_pt3,217.595364,219.992231,2.396867,ECT,unknown,unknown
20211120_132629_192.wav,Raw_recordings_Day1_pt3,240.002246,242.867649,2.865403,NOISE,unknown,unknown
20211120_132629_192.wav,Raw_recordings_Day1_pt3,243.932215,246.705186,2.772971,NOISE,unknown,unknown
20211120_132629_192.wav,Raw_recordings_Day1_pt3,249.525967,252.365872,2.839905,NOISE,unknown,unknown
20211120_132629_192.wav,Raw_recordings_Day1_pt3,263.081653,264.398017,1.316364,ECT,unknown,unknown
20211120_132629_192.wav,Raw_recordings_Day1_pt3,267.837139,269.778218,1.941079,NOISE,unknown,unknown
20211120_132629_192.wav,Raw_recordings_Day1_pt3,272.516129,274.737693,2.221564,NOISE,unknown,unknown
20211120_132629_192.wav,Raw_recordings_Day1_pt3,286.511665,287.828029,1.316364,ECT,unknown,unknown
20211120_132629_192.wav,Raw_recordings_Day1_pt3,291.64963,293.62577,1.97614,NOISE,unknown,unknown
20211120_132629_192.wav,Raw_recordings_Day1_pt3,295.51904,298.263325,2.744285,NOISE,unknown,unknown
20211120_133130_192.wav,Raw_recordings_Day1_pt3,0.299608,2.616792,2.317184,NOISE,unknown,unknown
20211120_133130_192.wav,Raw_recordings_Day1_pt3,14.253709,15.652944,1.399235,ECT,unknown,unknown
20211120_133130_192.wav,Raw_recordings_Day1_pt3,14.27602,14.712684,0.436664,W,unknown,unknown
20211120_133130_192.wav,Raw_recordings_Day1_pt3,22.999724,24.768688,1.768964,ECT,unknown,unknown
20211120_133130_192.wav,Raw_recordings_Day1_pt3,39.749107,41.906925,2.157818,NOISE,unknown,unknown
20211120_133130_192.wav,Raw_recordings_Day1_pt3,42.538015,44.714956,2.176941,NOISE,unknown,unknown
20211120_133130_192.wav,Raw_recordings_Day1_pt3,44.91257,47.067201,2.154631,ECT,unknown,unknown
20211120_133130_192.wav,Raw_recordings_Day1_pt3,55.91521,56.986151,1.070941,BPS,unknown,unknown
20211120_133130_192.wav,Raw_recordings_Day1_pt3,73.732346,75.874228,2.141882,BPS,unknown,unknown
20211120_133130_192.wav,Raw_recordings_Day1_pt3,83.421809,85.617874,2.196065,NOISE,unknown,unknown
20211120_133130_192.wav,Raw_recordings_Day1_pt3,94.092967,96.056358,1.963391,NOISE,unknown,unknown
20211120_133130_192.wav,Raw_recordings_Day1_pt3,99.591099,101.497118,1.906019,NOISE,unknown,unknown
20211120_133130_192.wav,Raw_recordings_Day1_pt3,114.517333,116.585906,2.068573,NOISE,unknown,unknown
20211120_133130_192.wav,Raw_recordings_Day1_pt3,117.573976,118.864842,1.290866,NOISE,unknown,unknown
20211120_133130_192.wav,Raw_recordings_Day1_pt3,120.534999,122.14141,1.606411,NOISE,unknown,unknown
20211120_133130_192.wav,Raw_recordings_Day1_pt3,122.476079,124.474531,1.998452,NOISE,unknown,unknown
20211120_133130_192.wav,Raw_recordings_Day1_pt3,156.832235,157.861741,1.029506,BPS,unknown,unknown
20211120_133130_192.wav,Raw_recordings_Day1_pt3,158.158162,158.531079,0.372917,W,unknown,unknown
20211120_133130_192.wav,Raw_recordings_Day1_pt3,158.572514,159.158981,0.586467,BPS,unknown,unknown
20211120_133130_192.wav,Raw_recordings_Day1_pt3,159.130295,159.302411,0.172116,W,unknown,unknown
20211120_133130_192.wav,Raw_recordings_Day1_pt3,172.153698,174.356138,2.20244,NOISE,unknown,unknown
20211120_133130_192.wav,Raw_recordings_Day1_pt3,174.407135,176.520331,2.113196,NOISE,unknown,unknown
20211120_133130_192.wav,Raw_recordings_Day1_pt3,178.088493,180.523608,2.435115,NOISE,unknown,unknown
20211120_133130_192.wav,Raw_recordings_Day1_pt3,180.657476,183.315703,2.658227,NOISE,unknown,unknown
20211120_133130_192.wav,Raw_recordings_Day1_pt3,184.794621,187.774769,2.980148,NOISE,unknown,unknown
20211120_133130_192.wav,Raw_recordings_Day1_pt3,196.871389,198.079384,1.207995,BPS,unknown,unknown
20211120_133130_192.wav,Raw_recordings_Day1_pt3,221.4584,222.478343,1.019943,MW,unknown,unknown
20211120_133130_192.wav,Raw_recordings_Day1_pt3,221.952435,222.194671,0.242236,W,unknown,unknown
20211120_133130_192.wav,Raw_recordings_Day1_pt3,222.312602,222.449657,0.137055,W,unknown,unknown
20211120_133130_192.wav,Raw_recordings_Day1_pt3,223.138119,223.836143,0.698024,FB,unknown,unknown
20211120_133130_192.wav,Raw_recordings_Day1_pt3,223.87439,225.139758,1.265368,BPS,unknown,unknown
20211120_133130_192.wav,Raw_recordings_Day1_pt3,225.41068,225.930214,0.519534,FB,unknown,unknown
20211120_133130_192.wav,Raw_recordings_Day1_pt3,227.048964,228.735058,1.686094,NOISE,unknown,unknown
20211120_133130_192.wav,Raw_recordings_Day1_pt3,232.040312,234.494551,2.454239,NOISE,unknown,unknown
20211120_133130_192.wav,Raw_recordings_Day1_pt3,235.594178,238.124912,2.530734,NOISE,unknown,unknown
20211120_133130_192.wav,Raw_recordings_Day1_pt3,239.052423,241.127371,2.074948,NOISE,unknown,unknown
20211120_133130_192.wav,Raw_recordings_Day1_pt3,244.031022,245.449381,1.418359,BPS,unknown,unknown
20211120_133130_192.wav,Raw_recordings_Day1_pt3,244.83104,245.474879,0.643839,MW,unknown,unknown
20211120_133130_192.wav,Raw_recordings_Day1_pt3,244.843789,245.019092,0.175303,W,unknown,unknown
20211120_133130_192.wav,Raw_recordings_Day1_pt3,245.24858,245.449381,0.200801,W,unknown,unknown
20211120_133130_192.wav,Raw_recordings_Day1_pt3,245.946603,248.056611,2.110008,BPS,unknown,unknown
20211120_133130_192.wav,Raw_recordings_Day1_pt3,255.91655,257.851255,1.934705,NOISE,unknown,unknown
20211120_133130_192.wav,Raw_recordings_Day1_pt3,261.309501,262.992407,1.682906,MW,unknown,unknown
20211120_133130_192.wav,Raw_recordings_Day1_pt3,261.309501,261.72704,0.417539,W,unknown,unknown
20211120_133130_192.wav,Raw_recordings_Day1_pt3,262.396378,262.887226,0.490848,W,unknown,unknown
20211120_133130_192.wav,Raw_recordings_Day1_pt3,264.286461,264.38208,0.095619,W,unknown,unknown
20211120_133631_192.wav,Raw_recordings_Day1_pt3,14.406701,16.564518,2.157817,NOISE,unknown,unknown
20211120_133631_192.wav,Raw_recordings_Day1_pt3,19.528729,21.686547,2.157818,NOISE,unknown,unknown
20211120_133631_192.wav,Raw_recordings_Day1_pt3,29.670791,32.188776,2.517985,NOISE,unknown,unknown
20211120_133631_192.wav,Raw_recordings_Day1_pt3,35.152987,37.90046,2.747473,NOISE,unknown,unknown
20211120_133631_192.wav,Raw_recordings_Day1_pt3,40.456693,43.449589,2.992896,NOISE,unknown,unknown
20211120_133631_192.wav,Raw_recordings_Day1_pt3,46.047257,48.657675,2.610418,NOISE,unknown,unknown
20211120_133631_192.wav,Raw_recordings_Day1_pt3,57.964659,60.399774,2.435115,NOISE,unknown,unknown
20211120_133631_192.wav,Raw_recordings_Day1_pt3,62.528905,65.053265,2.52436,NOISE,unknown,unknown
20211120_133631_192.wav,Raw_recordings_Day1_pt3,73.974583,76.441571,2.466988,NOISE,unknown,unknown
20211120_133631_192.wav,Raw_recordings_Day1_pt3,80.081494,82.723785,2.642291,NOISE,unknown,unknown
20211120_133631_192.wav,Raw_recordings_Day1_pt3,85.732618,88.244229,2.511611,NOISE,unknown,unknown
20211120_133631_192.wav,Raw_recordings_Day1_pt3,91.189315,93.866667,2.677352,NOISE,unknown,unknown
20211120_133631_192.wav,Raw_recordings_Day1_pt3,109.557859,111.087774,1.529915,ECT,unknown,unknown
20211120_133631_192.wav,Raw_recordings_Day1_pt3,113.564324,115.980315,2.415991,NOISE,unknown,unknown
20211120_133631_192.wav,Raw_recordings_Day1_pt3,116.225739,118.574796,2.349057,NOISE,unknown,unknown
20211120_133631_192.wav,Raw_recordings_Day1_pt3,120.184394,123.014737,2.830343,NOISE,unknown,unknown
20211120_133631_192.wav,Raw_recordings_Day1_pt3,123.132668,126.233933,3.101265,NOISE,unknown,unknown
20211120_133631_192.wav,Raw_recordings_Day1_pt3,127.649105,130.406139,2.757034,NOISE,unknown,unknown
20211120_133631_192.wav,Raw_recordings_Day1_pt3,130.661125,133.354413,2.693288,NOISE,unknown,unknown
20211120_133631_192.wav,Raw_recordings_Day1_pt3,133.523341,136.159257,2.635916,NOISE,unknown,unknown
20211120_133631_192.wav,Raw_recordings_Day1_pt3,136.216629,138.476441,2.259812,NOISE,unknown,unknown
20211120_133631_192.wav,Raw_recordings_Day1_pt3,138.59756,141.093234,2.495674,NOISE,unknown,unknown
20211120_133631_192.wav,Raw_recordings_Day1_pt3,141.185666,143.235115,2.049449,NOISE,unknown,unknown
20211120_133631_192.wav,Raw_recordings_Day1_pt3,158.610762,161.170182,2.55942,NOISE,unknown,unknown
20211120_133631_192.wav,Raw_recordings_Day1_pt3,161.539912,164.49456,2.954648,NOISE,unknown,unknown
20211120_133631_192.wav,Raw_recordings_Day1_pt3,165.552752,168.06755,2.514798,NOISE,unknown,unknown
20211120_133631_192.wav,Raw_recordings_Day1_pt3,168.389469,171.082757,2.693288,NOISE,unknown,unknown
20211120_133631_192.wav,Raw_recordings_Day1_pt3,172.421433,175.691626,3.270193,NOISE,unknown,unknown
20211120_133631_192.wav,Raw_recordings_Day1_pt3,189.923024,192.829863,2.906839,NOISE,unknown,unknown
20211120_133631_192.wav,Raw_recordings_Day1_pt3,195.162984,198.331183,3.168199,NOISE,unknown,unknown
20211120_133631_192.wav,Raw_recordings_Day1_pt3,208.081204,209.658929,1.577725,ECT,unknown,unknown
20211120_133631_192.wav,Raw_recordings_Day1_pt3,213.579337,215.8264,2.247063,NOISE,unknown,unknown
20211120_133631_192.wav,Raw_recordings_Day1_pt3,217.512493,219.982669,2.470176,NOISE,unknown,unknown
20211120_133631_192.wav,Raw_recordings_Day1_pt3,224.052881,224.336552,0.283671,W,unknown,unknown
20211120_133631_192.wav,Raw_recordings_Day1_pt3,226.194762,226.478434,0.283672,W,unknown,unknown
20211120_133631_192.wav,Raw_recordings_Day1_pt3,229.799624,230.096045,0.296421,W,unknown,unknown
20211120_133631_192.wav,Raw_recordings_Day1_pt3,232.212428,232.521598,0.30917,W,unknown,unknown
20211120_133631_192.wav,Raw_recordings_Day1_pt3,233.465046,235.045958,1.580912,ECT,unknown,unknown
20211120_133631_192.wav,Raw_recordings_Day1_pt3,237.076283,237.331269,0.254986,W,unknown,unknown
20211120_133631_192.wav,Raw_recordings_Day1_pt3,239.648453,241.089123,1.44067,ECT,unknown,unknown
20211120_133631_192.wav,Raw_recordings_Day1_pt3,239.705825,239.92575,0.219925,W,unknown,unknown
20211120_133631_192.wav,Raw_recordings_Day1_pt3,240.802264,241.034938,0.232674,W,unknown,unknown
20211120_133631_192.wav,Raw_recordings_Day1_pt3,246.019912,247.655008,1.635096,BPS,unknown,unknown
20211120_133631_192.wav,Raw_recordings_Day1_pt3,267.556654,267.849888,0.293234,W,unknown,unknown
20211120_133631_192.wav,Raw_recordings_Day1_pt3,289.654366,289.861542,0.207176,W,unknown,unknown
20211120_133631_192.wav,Raw_recordings_Day1_pt3,295.117437,296.857716,1.740279,BPS,unknown,unknown
20211120_133631_192.wav,Raw_recordings_Day1_pt3,296.985209,298.550184,1.564975,BPS,unknown,unknown
20211120_133631_192.wav,Raw_recordings_Day1_pt3,297.794789,298.923101,1.128312,BPS,unknown,unknown
20211120_134131_192.wav,Raw_recordings_Day1_pt3,3.027957,4.427482,1.399525,NOISE,unknown,unknown
20211120_134131_192.wav,Raw_recordings_Day1_pt3,5.754567,8.26386,2.509293,NOISE,unknown,unknown
20211120_134131_192.wav,Raw_recordings_Day1_pt3,17.553458,19.62232,2.068862,NOISE,unknown,unknown
20211120_134131_192.wav,Raw_recordings_Day1_pt3,20.239502,22.21854,1.979038,NOISE,unknown,unknown
20211120_134131_192.wav,Raw_recordings_Day1_pt3,34.892496,37.123622,2.231126,NOISE,unknown,unknown
20211120_134131_192.wav,Raw_recordings_Day1_pt3,49.420894,51.498449,2.077555,NOISE,unknown,unknown
20211120_134131_192.wav,Raw_recordings_Day1_pt3,51.802694,53.802015,1.999321,NOISE,unknown,unknown
20211120_134131_192.wav,Raw_recordings_Day1_pt3,62.822139,63.897136,1.074997,BPS,unknown,unknown
20211120_134131_192.wav,Raw_recordings_Day1_pt3,69.040317,70.442739,1.402422,NOISE,unknown,unknown
20211120_134131_192.wav,Raw_recordings_Day1_pt3,74.015439,76.139355,2.123916,NOISE,unknown,unknown
20211120_134131_192.wav,Raw_recordings_Day1_pt3,87.37322,90.485207,3.111987,ECT,unknown,unknown
20211120_134131_192.wav,Raw_recordings_Day1_pt3,91.502252,93.857974,2.355722,NOISE,unknown,unknown
20211120_134131_192.wav,Raw_recordings_Day1_pt3,96.619355,98.92292,2.303565,NOISE,unknown,unknown
20211120_134131_192.wav,Raw_recordings_Day1_pt3,101.504652,104.465965,2.961313,NOISE,unknown,unknown
20211120_134131_192.wav,Raw_recordings_Day1_pt3,111.825784,114.888512,3.062728,NOISE,unknown,unknown
20211120_134131_192.wav,Raw_recordings_Day1_pt3,137.81116,140.169779,2.358619,ECT,unknown,unknown
20211120_134131_192.wav,Raw_recordings_Day1_pt3,189.689191,192.042015,2.352824,BPS,unknown,unknown
20211120_134131_192.wav,Raw_recordings_Day1_pt3,199.181619,201.401154,2.219535,NOISE,unknown,unknown
20211120_134131_192.wav,Raw_recordings_Day1_pt3,213.27828,213.39708,0.1188,W,unknown,unknown
20211120_134131_192.wav,Raw_recordings_Day1_pt3,214.359072,214.49236,0.133288,W,unknown,unknown
20211120_134131_192.wav,Raw_recordings_Day1_pt3,216.022275,216.172949,0.150674,W,unknown,unknown
20211120_134131_192.wav,Raw_recordings_Day1_pt3,230.452156,231.767651,1.315495,ECT,unknown,unknown
20211120_134131_192.wav,Raw_recordings_Day1_pt3,239.324505,240.214058,0.889553,ECT,unknown,unknown
20211120_134131_192.wav,Raw_recordings_Day1_pt3,264.831783,265.191081,0.359298,W,unknown,unknown
20211120_134131_192.wav,Raw_recordings_Day1_pt3,265.689462,266.022683,0.333221,W,unknown,unknown
20211120_134131_192.wav,Raw_recordings_Day1_pt3,268.471126,268.72901,0.257884,W,unknown,unknown
20211120_134131_192.wav,Raw_recordings_Day1_pt3,272.035133,272.281426,0.246293,W,unknown,unknown
20211120_134131_192.wav,Raw_recordings_Day1_pt3,275.828048,276.077238,0.24919,W,unknown,unknown
20211120_134632_192.wav,Raw_recordings_Day1_pt3,2.626354,4.634368,2.008014,NOISE,unknown,unknown
20211120_134632_192.wav,Raw_recordings_Day1_pt3,10.543665,10.919769,0.376104,W,unknown,unknown
20211120_134632_192.wav,Raw_recordings_Day1_pt3,14.964482,16.545394,1.580912,NOISE,unknown,unknown
20211120_134632_192.wav,Raw_recordings_Day1_pt3,19.021945,20.81322,1.791275,NOISE,unknown,unknown
20211120_134632_192.wav,Raw_recordings_Day1_pt3,23.538381,25.858753,2.320372,NOISE,unknown,unknown
20211120_134632_192.wav,Raw_recordings_Day1_pt3,28.634911,31.229392,2.594481,NOISE,unknown,unknown
20211120_134632_192.wav,Raw_recordings_Day1_pt3,34.407153,36.533098,2.125945,NOISE,unknown,unknown
20211120_134632_192.wav,Raw_recordings_Day1_pt3,40.893356,43.03205,2.138694,NOISE,unknown,unknown
20211120_134632_192.wav,Raw_recordings_Day1_pt3,46.050445,48.316632,2.266187,NOISE,unknown,unknown
20211120_134632_192.wav,Raw_recordings_Day1_pt3,56.85547,59.041974,2.186504,NOISE,unknown,unknown
20211120_134632_192.wav,Raw_recordings_Day1_pt3,62.30898,64.661225,2.352245,NOISE,unknown,unknown
20211120_134632_192.wav,Raw_recordings_Day1_pt3,68.527448,71.230298,2.70285,NOISE,unknown,unknown
20211120_134632_192.wav,Raw_recordings_Day1_pt3,73.474173,75.829605,2.355432,NOISE,unknown,unknown
20211120_134632_192.wav,Raw_recordings_Day1_pt3,89.417164,90.264992,0.847828,BPS,unknown,unknown
20211120_134632_192.wav,Raw_recordings_Day1_pt3,91.916025,92.95828,1.042255,ECT,unknown,unknown
20211120_134632_192.wav,Raw_recordings_Day1_pt3,96.473897,98.491473,2.017576,BPS,unknown,unknown
20211120_134632_192.wav,Raw_recordings_Day1_pt3,119.4035,122.326275,2.922775,ECT,unknown,unknown
20211120_134632_192.wav,Raw_recordings_Day1_pt3,135.168,137.437374,2.269374,NOISE,unknown,unknown
20211120_134632_192.wav,Raw_recordings_Day1_pt3,137.625426,139.850178,2.224752,NOISE,unknown,unknown
20211120_134632_192.wav,Raw_recordings_Day1_pt3,141.666952,143.595282,1.92833,NOISE,unknown,unknown
20211120_134632_192.wav,Raw_recordings_Day1_pt3,164.934411,166.454764,1.520353,ECT,unknown,unknown
20211120_134632_192.wav,Raw_recordings_Day1_pt3,172.861284,175.280462,2.419178,ECT,unknown,unknown
20211120_134632_192.wav,Raw_recordings_Day1_pt3,193.779685,196.042685,2.263,NOISE,unknown,unknown
20211120_134632_192.wav,Raw_recordings_Day1_pt3,205.521784,208.237383,2.715599,NOISE,unknown,unknown
20211120_134632_192.wav,Raw_recordings_Day1_pt3,211.947427,214.204052,2.256625,NOISE,unknown,unknown
20211120_134632_192.wav,Raw_recordings_Day1_pt3,216.428804,218.70774,2.278936,NOISE,unknown,unknown
20211120_134632_192.wav,Raw_recordings_Day1_pt3,222.271167,224.578789,2.307622,NOISE,unknown,unknown
20211120_134632_192.wav,Raw_recordings_Day1_pt3,234.210879,235.696172,1.485293,FB,unknown,unknown
20211120_134632_192.wav,Raw_recordings_Day1_pt3,250.137933,252.216068,2.078135,NOISE,unknown,unknown
20211120_134632_192.wav,Raw_recordings_Day1_pt3,255.339645,257.08311,1.743465,NOISE,unknown,unknown
20211120_134632_192.wav,Raw_recordings_Day1_pt3,257.609019,259.741338,2.132319,NOISE,unknown,unknown
20211120_134632_192.wav,Raw_recordings_Day1_pt3,260.713471,263.31114,2.597669,NOISE,unknown,unknown
20211120_134632_192.wav,Raw_recordings_Day1_pt3,263.680869,265.806814,2.125945,NOISE,unknown,unknown
20211120_134632_192.wav,Raw_recordings_Day1_pt3,267.416412,269.433988,2.017576,NOISE,unknown,unknown
20211120_134632_192.wav,Raw_recordings_Day1_pt3,274.097041,276.041308,1.944267,NOISE,unknown,unknown
20211120_135132_192.wav,Raw_recordings_Day1_pt3,2.265897,2.919395,0.653498,FB,unknown,unknown
20211120_135132_192.wav,Raw_recordings_Day1_pt3,7.346104,10.058612,2.712508,NOISE,unknown,unknown
20211120_135132_192.wav,Raw_recordings_Day1_pt3,12.262115,14.265299,2.003184,NOISE,unknown,unknown
20211120_135132_192.wav,Raw_recordings_Day1_pt3,14.452482,16.675688,2.223206,NOISE,unknown,unknown
20211120_135132_192.wav,Raw_recordings_Day1_pt3,18.002387,20.774006,2.771619,NOISE,unknown,unknown
20211120_135132_192.wav,Raw_recordings_Day1_pt3,23.988953,27.088963,3.10001,NOISE,unknown,unknown
20211120_135132_192.wav,Raw_recordings_Day1_pt3,30.008358,33.00985,3.001492,NOISE,unknown,unknown
20211120_135132_192.wav,Raw_recordings_Day1_pt3,46.47716,49.284902,2.807742,NOISE,unknown,unknown
20211120_135132_192.wav,Raw_recordings_Day1_pt3,53.199321,55.498057,2.298736,NOISE,unknown,unknown
20211120_135132_192.wav,Raw_recordings_Day1_pt3,55.60971,57.938001,2.328291,NOISE,unknown,unknown
20211120_135132_192.wav,Raw_recordings_Day1_pt3,61.547017,63.550201,2.003184,NOISE,unknown,unknown
20211120_135132_192.wav,Raw_recordings_Day1_pt3,70.92586,73.349385,2.423525,NOISE,unknown,unknown
20211120_135132_192.wav,Raw_recordings_Day1_pt3,73.503728,75.809032,2.305304,NOISE,unknown,unknown
20211120_135132_192.wav,Raw_recordings_Day1_pt3,87.936507,90.691706,2.755199,NOISE,unknown,unknown
20211120_135132_192.wav,Raw_recordings_Day1_pt3,93.604533,96.537064,2.932531,NOISE,unknown,unknown
20211120_135132_192.wav,Raw_recordings_Day1_pt3,99.49915,102.819181,3.320031,NOISE,unknown,unknown
20211120_135132_192.wav,Raw_recordings_Day1_pt3,104.815798,107.350975,2.535177,NOISE,unknown,unknown
20211120_135132_192.wav,Raw_recordings_Day1_pt3,111.386899,113.127371,1.740472,ECT,unknown,unknown
20211120_135132_192.wav,Raw_recordings_Day1_pt3,116.969544,119.166479,2.196935,NOISE,unknown,unknown
20211120_135132_192.wav,Raw_recordings_Day1_pt3,119.317539,121.606423,2.288884,NOISE,unknown,unknown
20211120_135132_192.wav,Raw_recordings_Day1_pt3,122.749223,125.136625,2.387402,NOISE,unknown,unknown
20211120_135132_192.wav,Raw_recordings_Day1_pt3,130.968847,133.0804,2.111553,NOISE,unknown,unknown
20211120_135132_192.wav,Raw_recordings_Day1_pt3,133.930932,136.209965,2.279033,NOISE,unknown,unknown
20211120_135132_192.wav,Raw_recordings_Day1_pt3,192.318829,194.489493,2.170664,NOISE,unknown,unknown
20211120_135132_192.wav,Raw_recordings_Day1_pt3,197.802956,200.196926,2.39397,NOISE,unknown,unknown
20211120_135132_192.wav,Raw_recordings_Day1_pt3,200.804449,203.490686,2.686237,NOISE,unknown,unknown
20211120_135132_192.wav,Raw_recordings_Day1_pt3,211.211156,213.749617,2.538461,NOISE,unknown,unknown
20211120_135132_192.wav,Raw_recordings_Day1_pt3,213.841566,216.728122,2.886556,NOISE,unknown,unknown
20211120_135132_192.wav,Raw_recordings_Day1_pt3,230.556662,233.137814,2.581152,NOISE,unknown,unknown
20211120_135132_192.wav,Raw_recordings_Day1_pt3,265.737176,267.385698,1.648522,BPS,unknown,unknown
20211120_135633_192.wav,Raw_recordings_Day1_pt3,7.313265,8.308289,0.995024,BPS,unknown,unknown
20211120_135633_192.wav,Raw_recordings_Day1_pt3,11.723554,12.557667,0.834113,BPS,unknown,unknown
20211120_135633_192.wav,Raw_recordings_Day1_pt3,13.362224,14.853119,1.490895,BPS,unknown,unknown
20211120_135633_192.wav,Raw_recordings_Day1_pt3,28.954223,30.116727,1.162504,ECT,unknown,unknown
20211120_135633_192.wav,Raw_recordings_Day1_pt3,61.083986,63.428696,2.34471,ECT,unknown,unknown
20211120_135633_192.wav,Raw_recordings_Day1_pt3,66.38093,68.03602,1.65509,ECT,unknown,unknown
20211120_135633_192.wav,Raw_recordings_Day1_pt3,76.515073,78.25226,1.737187,ECT,unknown,unknown
20211120_135633_192.wav,Raw_recordings_Day1_pt3,89.007061,90.724546,1.717485,ECT,unknown,unknown
20211120_135633_192.wav,Raw_recordings_Day1_pt3,99.742159,99.952329,0.21017,W,unknown,unknown
20211120_135633_192.wav,Raw_recordings_Day1_pt3,99.781566,103.032635,3.251069,MW,unknown,unknown
20211120_135633_192.wav,Raw_recordings_Day1_pt3,100.41536,100.655085,0.239725,W,unknown,unknown
20211120_135633_192.wav,Raw_recordings_Day1_pt3,101.06229,101.315151,0.252861,W,unknown,unknown
20211120_135633_192.wav,Raw_recordings_Day1_pt3,101.738775,102.037611,0.298836,W,unknown,unknown
20211120_135633_192.wav,Raw_recordings_Day1_pt3,102.819181,103.085178,0.265997,W,unknown,unknown
20211120_135633_192.wav,Raw_recordings_Day1_pt3,112.15205,113.679067,1.527017,BPS,unknown,unknown
20211120_135633_192.wav,Raw_recordings_Day1_pt3,114.135531,115.068161,0.93263,ECT,unknown,unknown
20211120_135633_192.wav,Raw_recordings_Day1_pt3,146.150357,148.39655,2.246193,NOISE,unknown,unknown
20211120_135633_192.wav,Raw_recordings_Day1_pt3,148.849729,151.233847,2.384118,NOISE,unknown,unknown
20211120_135633_192.wav,Raw_recordings_Day1_pt3,152.842962,155.197525,2.354563,NOISE,unknown,unknown
20211120_135633_192.wav,Raw_recordings_Day1_pt3,182.821765,184.795394,1.973629,NOISE,unknown,unknown
20211120_135633_192.wav,Raw_recordings_Day1_pt3,185.261709,186.979193,1.717484,ECT,unknown,unknown
20211120_135633_192.wav,Raw_recordings_Day1_pt3,226.96735,227.712797,0.745447,BPS,unknown,unknown
20211120_135633_192.wav,Raw_recordings_Day1_pt3,249.393162,250.732997,1.339835,BPS,unknown,unknown
20211120_135633_192.wav,Raw_recordings_Day1_pt3,258.128359,260.417244,2.288885,NOISE,unknown,unknown
20211120_135633_192.wav,Raw_recordings_Day1_pt3,262.85062,264.095221,1.244601,ECT,unknown,unknown
20211120_135633_192.wav,Raw_recordings_Day1_pt3,265.865248,266.167368,0.30212,W,unknown,unknown
20211120_135633_192.wav,Raw_recordings_Day1_pt3,267.237922,267.546609,0.308687,W,unknown,unknown
20211120_135633_192.wav,Raw_recordings_Day1_pt3,267.789619,268.088454,0.298835,W,unknown,unknown
20211120_140133_192.wav,Raw_recordings_Day1_pt3,5.769055,7.885437,2.116382,NOISE,unknown,unknown
20211120_140133_192.wav,Raw_recordings_Day1_pt3,35.216733,37.916396,2.699663,NOISE,unknown,unknown
20211120_140133_192.wav,Raw_recordings_Day1_pt3,41.192964,43.43684,2.243876,NOISE,unknown,unknown
20211120_140133_192.wav,Raw_recordings_Day1_pt3,46.793091,49.374823,2.581732,NOISE,unknown,unknown
20211120_140133_192.wav,Raw_recordings_Day1_pt3,52.281662,54.611595,2.329933,NOISE,unknown,unknown
20211120_140133_192.wav,Raw_recordings_Day1_pt3,60.205347,61.030864,0.825517,BPS,unknown,unknown
20211120_140133_192.wav,Raw_recordings_Day1_pt3,71.772143,73.03751,1.265367,ECT,unknown,unknown
20211120_140133_192.wav,Raw_recordings_Day1_pt3,85.59875,87.096792,1.498042,ECT,unknown,unknown
20211120_140133_192.wav,Raw_recordings_Day1_pt3,87.316718,89.072933,1.756215,ECT,unknown,unknown
20211120_140133_192.wav,Raw_recordings_Day1_pt3,90.749465,92.276192,1.526727,BPS,unknown,unknown
20211120_140133_192.wav,Raw_recordings_Day1_pt3,93.837981,94.405324,0.567343,BPS,unknown,unknown
20211120_140133_192.wav,Raw_recordings_Day1_pt3,109.752285,111.970662,2.218377,NOISE,unknown,unknown
20211120_140133_192.wav,Raw_recordings_Day1_pt3,113.376272,116.649653,3.273381,NOISE,unknown,unknown
20211120_140133_192.wav,Raw_recordings_Day1_pt3,119.578802,121.883237,2.304435,NOISE,unknown,unknown
20211120_140133_192.wav,Raw_recordings_Day1_pt3,154.824222,156.918293,2.094071,ECT,unknown,unknown
20211120_140133_192.wav,Raw_recordings_Day1_pt3,159.665766,160.880136,1.21437,BPS,unknown,unknown
20211120_140133_192.wav,Raw_recordings_Day1_pt3,163.879407,164.073834,0.194427,W,unknown,unknown
20211120_140133_192.wav,Raw_recordings_Day1_pt3,168.013365,168.249227,0.235862,W,unknown,unknown
20211120_140133_192.wav,Raw_recordings_Day1_pt3,169.004623,173.294759,4.290136,MW,unknown,unknown
20211120_140133_192.wav,Raw_recordings_Day1_pt3,169.036496,169.301044,0.264548,W,unknown,unknown
20211120_140133_192.wav,Raw_recordings_Day1_pt3,169.823765,170.120186,0.296421,W,unknown,unknown
20211120_140133_192.wav,Raw_recordings_Day1_pt3,170.611033,170.85327,0.242237,W,unknown,unknown
20211120_140133_192.wav,Raw_recordings_Day1_pt3,171.207063,171.506671,0.299608,W,unknown,unknown
20211120_140133_192.wav,Raw_recordings_Day1_pt3,172.11545,172.819848,0.704398,W,unknown,unknown
20211120_140133_192.wav,Raw_recordings_Day1_pt3,173.042961,173.32982,0.286859,W,unknown,unknown
20211120_140133_192.wav,Raw_recordings_Day1_pt3,203.077107,205.677963,2.600856,NOISE,unknown,unknown
20211120_140133_192.wav,Raw_recordings_Day1_pt3,208.817476,211.590447,2.772971,NOISE,unknown,unknown
20211120_140133_192.wav,Raw_recordings_Day1_pt3,212.616765,214.809643,2.192878,BPS,unknown,unknown
20211120_140133_192.wav,Raw_recordings_Day1_pt3,292.360403,294.664838,2.304435,NOISE,unknown,unknown
20211120_140634_192.wav,Raw_recordings_Day1_pt3,42.001192,44.450988,2.449796,NOISE,unknown,unknown
20211120_140634_192.wav,Raw_recordings_Day1_pt3,53.810128,56.358441,2.548313,NOISE,unknown,unknown
20211120_140634_192.wav,Raw_recordings_Day1_pt3,94.333561,95.60115,1.267589,BPS,unknown,unknown
20211120_140634_192.wav,Raw_recordings_Day1_pt3,99.702752,102.040895,2.338143,NOISE,unknown,unknown
20211120_140634_192.wav,Raw_recordings_Day1_pt3,122.854308,124.364906,1.510598,MW,unknown,unknown
20211120_140634_192.wav,Raw_recordings_Day1_pt3,122.893715,123.724544,0.830829,W,unknown,unknown
20211120_140634_192.wav,Raw_recordings_Day1_pt3,123.980689,124.256537,0.275848,W,unknown,unknown
20211120_140634_192.wav,Raw_recordings_Day1_pt3,146.051839,148.718373,2.666534,NOISE,unknown,unknown
20211120_140634_192.wav,Raw_recordings_Day1_pt3,157.397744,160.166079,2.768335,NOISE,unknown,unknown
20211120_140634_192.wav,Raw_recordings_Day1_pt3,164.504122,165.298828,0.794706,W,unknown,unknown
20211120_140634_192.wav,Raw_recordings_Day1_pt3,167.305296,168.191952,0.886656,W,unknown,unknown
20211120_140634_192.wav,Raw_recordings_Day1_pt3,199.737179,202.259221,2.522042,NOISE,unknown,unknown
20211120_140634_192.wav,Raw_recordings_Day1_pt3,218.012131,220.02845,2.016319,ECT,unknown,unknown
20211120_140634_192.wav,Raw_recordings_Day1_pt3,228.461528,229.995113,1.533585,BPS,unknown,unknown
20211120_140634_192.wav,Raw_recordings_Day1_pt3,230.202,232.139506,1.937506,BPS,unknown,unknown
20211120_140634_192.wav,Raw_recordings_Day1_pt3,288.816486,289.801659,0.985173,BPS,unknown,unknown
20211120_140634_192.wav,Raw_recordings_Day1_pt3,290.001977,291.289269,1.287292,ECT,unknown,unknown
20211120_141135_192.wav,Raw_recordings_Day1_pt4,35.718882,37.847627,2.128745,NOISE,unknown,unknown
20211120_141135_192.wav,Raw_recordings_Day1_pt4,47.973849,50.587068,2.613219,NOISE,unknown,unknown
20211120_141135_192.wav,Raw_recordings_Day1_pt4,56.070423,56.264946,0.194523,W,unknown,unknown
20211120_141135_192.wav,Raw_recordings_Day1_pt4,58.551513,58.859814,0.308301,W,unknown,unknown
20211120_141135_192.wav,Raw_recordings_Day1_pt4,58.588215,59.373649,0.785434,BPS,unknown,unknown
20211120_141135_192.wav,Raw_recordings_Day1_pt4,78.976459,81.4759,2.499441,NOISE,unknown,unknown
20211120_141135_192.wav,Raw_recordings_Day1_pt4,86.441749,88.985233,2.543484,NOISE,unknown,unknown
20211120_141135_192.wav,Raw_recordings_Day1_pt4,92.15633,95.033806,2.877476,NOISE,unknown,unknown
20211120_141135_192.wav,Raw_recordings_Day1_pt4,111.146208,114.412731,3.266523,ECT,unknown,unknown
20211120_141135_192.wav,Raw_recordings_Day1_pt4,169.763785,173.103713,3.339928,NOISE,unknown,unknown
20211120_141135_192.wav,Raw_recordings_Day1_pt4,203.060301,206.337835,3.277534,NOISE,unknown,unknown
20211120_141135_192.wav,Raw_recordings_Day1_pt4,209.931011,212.738753,2.807742,NOISE,unknown,unknown
20211120_141135_192.wav,Raw_recordings_Day1_pt4,229.827441,232.187412,2.359971,NOISE,unknown,unknown
20211120_141135_192.wav,Raw_recordings_Day1_pt4,249.639455,251.111226,1.471771,ECT,unknown,unknown
20211120_141135_192.wav,Raw_recordings_Day1_pt4,251.845276,253.834552,1.989276,BPS,unknown,unknown
20211120_141635_192.wav,Raw_recordings_Day1_pt4,0.17849,2.495674,2.317184,NOISE,unknown,unknown
20211120_141635_192.wav,Raw_recordings_Day1_pt4,3.751479,4.768235,1.016756,ECT,unknown,unknown
20211120_141635_192.wav,Raw_recordings_Day1_pt4,18.429102,20.857843,2.428741,NOISE,unknown,unknown
20211120_141635_192.wav,Raw_recordings_Day1_pt4,46.295869,47.102261,0.806392,BPS,unknown,unknown
20211120_141635_192.wav,Raw_recordings_Day1_pt4,48.377191,49.910293,1.533102,BPS,unknown,unknown
20211120_141635_192.wav,Raw_recordings_Day1_pt4,50.659314,51.663321,1.004007,BPS,unknown,unknown
20211120_141635_192.wav,Raw_recordings_Day1_pt4,79.265539,80.805016,1.539477,NOISE,unknown,unknown
20211120_141635_192.wav,Raw_recordings_Day1_pt4,85.321453,87.660949,2.339496,NOISE,unknown,unknown
20211120_141635_192.wav,Raw_recordings_Day1_pt4,94.12484,95.932052,1.807212,ECT,unknown,unknown
20211120_141635_192.wav,Raw_recordings_Day1_pt4,109.216815,111.228016,2.011201,NOISE,unknown,unknown
20211120_141635_192.wav,Raw_recordings_Day1_pt4,132.442839,134.562409,2.11957,NOISE,unknown,unknown
20211120_141635_192.wav,Raw_recordings_Day1_pt4,153.526981,155.388378,1.861397,NOISE,unknown,unknown
20211120_141635_192.wav,Raw_recordings_Day1_pt4,155.509496,157.852179,2.342683,NOISE,unknown,unknown
20211120_141635_192.wav,Raw_recordings_Day1_pt4,176.848625,177.836695,0.98807,ECT,unknown,unknown
20211120_141635_192.wav,Raw_recordings_Day1_pt4,177.584896,179.481354,1.896458,BPS,unknown,unknown
20211120_141635_192.wav,Raw_recordings_Day1_pt4,196.960634,199.10889,2.148256,ECT,unknown,unknown
20211120_141635_192.wav,Raw_recordings_Day1_pt4,199.223633,201.365514,2.141881,ECT,unknown,unknown
20211120_141635_192.wav,Raw_recordings_Day1_pt4,202.688254,204.581523,1.893269,ECT,unknown,unknown
20211120_141635_192.wav,Raw_recordings_Day1_pt4,205.808643,207.75291,1.944267,ECT,unknown,unknown
20211120_141635_192.wav,Raw_recordings_Day1_pt4,207.807095,209.668491,1.861396,ECT,unknown,unknown
20211120_141635_192.wav,Raw_recordings_Day1_pt4,209.719488,210.952982,1.233494,ECT,unknown,unknown
20211120_141635_192.wav,Raw_recordings_Day1_pt4,210.857363,212.447837,1.590474,ECT,unknown,unknown
20211120_141635_192.wav,Raw_recordings_Day1_pt4,248.177729,249.634336,1.456607,ECT,unknown,unknown
20211120_141635_192.wav,Raw_recordings_Day1_pt4,287.977834,290.553191,2.575357,NOISE,unknown,unknown
20211120_141635_192.wav,Raw_recordings_Day1_pt4,292.6377,295.735778,3.098078,NOISE,unknown,unknown
20211120_141635_192.wav,Raw_recordings_Day1_pt4,297.370875,299.777304,2.406429,NOISE,unknown,unknown
20211120_142136_192.wav,Raw_recordings_Day1_pt4,0.593422,2.951654,2.358232,NOISE,unknown,unknown
20211120_142136_192.wav,Raw_recordings_Day1_pt4,6.308195,8.202818,1.894623,NOISE,unknown,unknown
20211120_142136_192.wav,Raw_recordings_Day1_pt4,11.259557,13.531249,2.271692,NOISE,unknown,unknown
20211120_142136_192.wav,Raw_recordings_Day1_pt4,19.963074,21.795882,1.832808,NOISE,unknown,unknown
20211120_142136_192.wav,Raw_recordings_Day1_pt4,24.738264,26.419625,1.681361,ECT,unknown,unknown
20211120_142136_192.wav,Raw_recordings_Day1_pt4,32.712367,33.729219,1.016852,ECT,unknown,unknown
20211120_142136_192.wav,Raw_recordings_Day1_pt4,35.923643,37.982074,2.058431,BPS,unknown,unknown
20211120_142136_192.wav,Raw_recordings_Day1_pt4,40.630836,43.99974,3.368904,MW,unknown,unknown
20211120_142136_192.wav,Raw_recordings_Day1_pt4,40.667925,40.834825,0.1669,W,unknown,unknown
20211120_142136_192.wav,Raw_recordings_Day1_pt4,41.369523,41.959854,0.590331,BPS,unknown,unknown
20211120_142136_192.wav,Raw_recordings_Day1_pt4,42.018578,42.324561,0.305983,W,unknown,unknown
20211120_142136_192.wav,Raw_recordings_Day1_pt4,42.738719,43.007614,0.268895,W,unknown,unknown
20211120_142136_192.wav,Raw_recordings_Day1_pt4,43.588672,43.835931,0.247259,W,unknown,unknown
20211120_142136_192.wav,Raw_recordings_Day1_pt4,45.786187,46.908125,1.121938,BPS,unknown,unknown
20211120_142136_192.wav,Raw_recordings_Day1_pt4,112.308132,114.280023,1.971891,BPS,unknown,unknown
20211120_142136_192.wav,Raw_recordings_Day1_pt4,120.05043,122.115042,2.064612,ECT,unknown,unknown
20211120_142136_192.wav,Raw_recordings_Day1_pt4,153.473666,155.83808,2.364414,NOISE,unknown,unknown
20211120_142136_192.wav,Raw_recordings_Day1_pt4,158.527022,160.804896,2.277874,NOISE,unknown,unknown
20211120_142136_192.wav,Raw_recordings_Day1_pt4,169.174613,170.401636,1.227023,w,unknown,unknown
20211120_142136_192.wav,Raw_recordings_Day1_pt4,171.396853,174.435048,3.038195,MW,unknown,unknown
20211120_142136_192.wav,Raw_recordings_Day1_pt4,174.849207,175.417903,0.568696,W,unknown,unknown
20211120_142136_192.wav,Raw_recordings_Day1_pt4,174.963565,176.598565,1.635,ECT,unknown,unknown
20211120_142136_192.wav,Raw_recordings_Day1_pt4,176.598565,178.412828,1.814263,MW,unknown,unknown
20211120_142136_192.wav,Raw_recordings_Day1_pt4,179.080427,179.293688,0.213261,w,unknown,unknown
20211120_142136_192.wav,Raw_recordings_Day1_pt4,179.831476,180.035465,0.203989,w,unknown,unknown
20211120_142136_192.wav,Raw_recordings_Day1_pt4,180.165276,180.699974,0.534698,W,unknown,unknown
20211120_142136_192.wav,Raw_recordings_Day1_pt4,180.832875,182.925305,2.09243,MW,unknown,unknown
20211120_142136_192.wav,Raw_recordings_Day1_pt4,183.256014,183.599085,0.343071,W,unknown,unknown
20211120_142136_192.wav,Raw_recordings_Day1_pt4,183.515636,184.637573,1.121937,W,unknown,unknown
20211120_142136_192.wav,Raw_recordings_Day1_pt4,184.717932,184.863197,0.145265,W,unknown,unknown
20211120_142136_192.wav,Raw_recordings_Day1_pt4,184.986827,185.196997,0.21017,W,unknown,unknown
20211120_142136_192.wav,Raw_recordings_Day1_pt4,187.227611,188.482451,1.25484,W,unknown,unknown
20211120_142136_192.wav,Raw_recordings_Day1_pt4,188.878065,189.187139,0.309074,W,unknown,unknown
20211120_142136_192.wav,Raw_recordings_Day1_pt4,189.480759,189.771288,0.290529,W,unknown,unknown
20211120_142136_192.wav,Raw_recordings_Day1_pt4,190.36471,190.673784,0.309074,W,unknown,unknown
20211120_142136_192.wav,Raw_recordings_Day1_pt4,192.030618,192.450958,0.42034,W,unknown,unknown
20211120_142136_192.wav,Raw_recordings_Day1_pt4,196.493643,196.815079,0.321436,W,unknown,unknown
20211120_142136_192.wav,Raw_recordings_Day1_pt4,200.137622,200.486876,0.349254,W,unknown,unknown
20211120_142136_192.wav,Raw_recordings_Day1_pt4,202.038426,203.342717,1.304291,W,unknown,unknown
20211120_142136_192.wav,Raw_recordings_Day1_pt4,208.272444,210.553408,2.280964,MW,unknown,unknown
20211120_142136_192.wav,Raw_recordings_Day1_pt4,211.378635,212.370762,0.992127,W,unknown,unknown
20211120_142136_192.wav,Raw_recordings_Day1_pt4,216.277454,217.155224,0.87777,W,unknown,unknown
20211120_142136_192.wav,Raw_recordings_Day1_pt4,219.096207,221.476075,2.379868,NOISE,unknown,unknown
20211120_142136_192.wav,Raw_recordings_Day1_pt4,224.310281,226.906501,2.59622,NOISE,unknown,unknown
20211120_142136_192.wav,Raw_recordings_Day1_pt4,229.787068,232.259658,2.47259,NOISE,unknown,unknown
20211120_142136_192.wav,Raw_recordings_Day1_pt4,236.348704,238.394772,2.046068,NOISE,unknown,unknown
20211120_142136_192.wav,Raw_recordings_Day1_pt4,243.955009,244.257902,0.302893,W,unknown,unknown
20211120_142136_192.wav,Raw_recordings_Day1_pt4,262.972318,265.49436,2.522042,NOISE,unknown,unknown
20211120_142136_192.wav,Raw_recordings_Day1_pt4,273.589001,275.267272,1.678271,BPS,unknown,unknown
20211120_142136_192.wav,Raw_recordings_Day1_pt4,276.942452,278.333284,1.390832,ECT,unknown,unknown
20211120_142136_192.wav,Raw_recordings_Day1_pt4,280.45353,281.723823,1.270293,ECT,unknown,unknown
20211120_142136_192.wav,Raw_recordings_Day1_pt4,283.028114,284.718747,1.690633,ECT,unknown,unknown
20211120_142636_192.wav,Raw_recordings_Day1_pt4,3.394016,5.202581,1.808565,ECT,unknown,unknown
20211120_142636_192.wav,Raw_recordings_Day1_pt4,11.442973,12.690375,1.247402,BPS,unknown,unknown
20211120_142636_192.wav,Raw_recordings_Day1_pt4,66.173175,71.149262,4.976087,W,unknown,unknown
20211120_142636_192.wav,Raw_recordings_Day1_pt4,72.163411,73.772526,1.609115,W,unknown,unknown
20211120_142636_192.wav,Raw_recordings_Day1_pt4,107.729591,110.417084,2.687493,NOISE,unknown,unknown
20211120_142636_192.wav,Raw_recordings_Day1_pt4,110.511737,113.523758,3.012021,NOISE,unknown,unknown
20211120_142636_192.wav,Raw_recordings_Day1_pt4,114.997653,118.087425,3.089772,NOISE,unknown,unknown
20211120_142636_192.wav,Raw_recordings_Day1_pt4,120.670123,123.012805,2.342682,NOISE,unknown,unknown
20211120_142636_192.wav,Raw_recordings_Day1_pt4,128.678513,130.818366,2.139853,NOISE,unknown,unknown
20211120_142636_192.wav,Raw_recordings_Day1_pt4,132.704682,136.061513,3.356831,NOISE,unknown,unknown
20211120_142636_192.wav,Raw_recordings_Day1_pt4,139.070153,141.723841,2.653688,NOISE,unknown,unknown
20211120_142636_192.wav,Raw_recordings_Day1_pt4,144.100328,147.26109,3.160762,NOISE,unknown,unknown
20211120_142636_192.wav,Raw_recordings_Day1_pt4,150.54355,153.511624,2.968074,NOISE,unknown,unknown
20211120_142636_192.wav,Raw_recordings_Day1_pt4,153.677268,156.131507,2.454239,NOISE,unknown,unknown
20211120_142636_192.wav,Raw_recordings_Day1_pt4,157.118612,159.944705,2.826093,NOISE,unknown,unknown
20211120_142636_192.wav,Raw_recordings_Day1_pt4,162.906018,165.918038,3.01202,NOISE,unknown,unknown
20211120_142636_192.wav,Raw_recordings_Day1_pt4,182.763041,184.209892,1.446851,BPS,unknown,unknown
20211120_142636_192.wav,Raw_recordings_Day1_pt4,187.624192,190.284641,2.660449,NOISE,unknown,unknown
20211120_142636_192.wav,Raw_recordings_Day1_pt4,216.970262,219.363652,2.39339,NOISE,unknown,unknown
20211120_142636_192.wav,Raw_recordings_Day1_pt4,229.1299,231.8681,2.7382,NOISE,unknown,unknown
20211120_142636_192.wav,Raw_recordings_Day1_pt4,234.281773,236.658261,2.376488,NOISE,unknown,unknown
20211120_142636_192.wav,Raw_recordings_Day1_pt4,246.752417,248.939596,2.187179,NOISE,unknown,unknown
20211120_142636_192.wav,Raw_recordings_Day1_pt4,252.333613,254.902788,2.569175,NOISE,unknown,unknown
20211120_142636_192.wav,Raw_recordings_Day1_pt4,258.536819,260.991058,2.454239,NOISE,unknown,unknown
20211120_142636_192.wav,Raw_recordings_Day1_pt4,264.347889,267.282158,2.934269,NOISE,unknown,unknown
20211120_142636_192.wav,Raw_recordings_Day1_pt4,270.740404,273.066184,2.32578,NOISE,unknown,unknown
20211120_143137_192.wav,Raw_recordings_Day1_pt4,0.51229,1.546721,1.034431,BPS,unknown,unknown
20211120_143137_192.wav,Raw_recordings_Day1_pt4,1.622251,3.132849,1.510598,ECT,unknown,unknown
20211120_143137_192.wav,Raw_recordings_Day1_pt4,7.234451,9.671111,2.43666,NOISE,unknown,unknown
20211120_143137_192.wav,Raw_recordings_Day1_pt4,18.563936,20.938202,2.374266,NOISE,unknown,unknown
20211120_143137_192.wav,Raw_recordings_Day1_pt4,30.569906,32.940888,2.370982,NOISE,unknown,unknown
20211120_143137_192.wav,Raw_recordings_Day1_pt4,35.837296,37.981688,2.144392,NOISE,unknown,unknown
20211120_143137_192.wav,Raw_recordings_Day1_pt4,46.83839,48.168373,1.329983,ECT,unknown,unknown
20211120_143137_192.wav,Raw_recordings_Day1_pt4,64.74226,66.594384,1.852124,NOISE,unknown,unknown
20211120_143137_192.wav,Raw_recordings_Day1_pt4,66.949047,69.198524,2.249477,NOISE,unknown,unknown
20211120_143137_192.wav,Raw_recordings_Day1_pt4,85.178024,85.936607,0.758583,BPS,unknown,unknown
20211120_143137_192.wav,Raw_recordings_Day1_pt4,93.233452,93.959196,0.725744,FB,unknown,unknown
20211120_143137_192.wav,Raw_recordings_Day1_pt4,94.185785,95.016614,0.830829,FB,unknown,unknown
20211120_143137_192.wav,Raw_recordings_Day1_pt4,120.83142,122.319031,1.487611,FB,unknown,unknown
20211120_143137_192.wav,Raw_recordings_Day1_pt4,127.290869,128.844158,1.553289,BPS,unknown,unknown
20211120_143137_192.wav,Raw_recordings_Day1_pt4,147.128961,147.306292,0.177331,W,unknown,unknown
20211120_143137_192.wav,Raw_recordings_Day1_pt4,162.080598,162.707824,0.627226,W,unknown,unknown
20211120_143137_192.wav,Raw_recordings_Day1_pt4,178.329378,180.903962,2.574584,NOISE,unknown,unknown
20211120_143137_192.wav,Raw_recordings_Day1_pt4,194.548603,197.04109,2.492487,NOISE,unknown,unknown
20211120_143137_192.wav,Raw_recordings_Day1_pt4,200.659957,203.004668,2.344711,NOISE,unknown,unknown
20211120_143137_192.wav,Raw_recordings_Day1_pt4,205.94705,208.347587,2.400537,NOISE,unknown,unknown
20211120_143137_192.wav,Raw_recordings_Day1_pt4,213.355548,215.309474,1.953926,NOISE,unknown,unknown
20211120_143137_192.wav,Raw_recordings_Day1_pt4,235.374156,236.237824,0.863668,NOISE,unknown,unknown
20211120_143137_192.wav,Raw_recordings_Day1_pt4,236.799372,237.988147,1.188775,NOISE,unknown,unknown
20211120_143137_192.wav,Raw_recordings_Day1_pt4,239.98148,240.937097,0.955617,NOISE,unknown,unknown
20211120_143137_192.wav,Raw_recordings_Day1_pt4,240.671101,241.616866,0.945765,NOISE,unknown,unknown
20211120_143137_192.wav,Raw_recordings_Day1_pt4,241.659557,242.982972,1.323415,NOISE,unknown,unknown
20211120_143137_192.wav,Raw_recordings_Day1_pt4,245.702049,246.972921,1.270872,NOISE,unknown,unknown
20211120_143137_192.wav,Raw_recordings_Day1_pt4,252.299421,253.343704,1.044283,NOISE,unknown,unknown
20211120_143137_192.wav,Raw_recordings_Day1_pt4,268.738668,269.924159,1.185491,NOISE,unknown,unknown
20211120_143137_192.wav,Raw_recordings_Day1_pt4,269.132737,270.285389,1.152652,NOISE,unknown,unknown
20211120_143137_192.wav,Raw_recordings_Day1_pt4,270.738569,272.140798,1.402229,NOISE,unknown,unknown
20211120_143137_192.wav,Raw_recordings_Day1_pt4,275.687419,277.060093,1.372674,NOISE,unknown,unknown
20211120_143137_192.wav,Raw_recordings_Day1_pt4,276.623333,277.398335,0.775002,NOISE,unknown,unknown
20211120_143637_192.wav,Raw_recordings_Day1_pt4,21.262343,23.050141,1.787798,NOISE,unknown,unknown
20211120_143637_192.wav,Raw_recordings_Day1_pt4,26.825671,28.494669,1.668998,NOISE,unknown,unknown
20211120_143637_192.wav,Raw_recordings_Day1_pt4,39.763305,41.035337,1.272032,BPS,unknown,unknown
20211120_143637_192.wav,Raw_recordings_Day1_pt4,68.840385,70.222524,1.382139,ECT,unknown,unknown
20211120_143637_192.wav,Raw_recordings_Day1_pt4,88.358393,89.11176,0.753367,FB,unknown,unknown
20211120_143637_192.wav,Raw_recordings_Day1_pt4,90.435948,91.27914,0.843192,FB,unknown,unknown
20211120_143637_192.wav,Raw_recordings_Day1_pt4,91.861551,93.211817,1.350266,FB,unknown,unknown
20211120_143637_192.wav,Raw_recordings_Day1_pt4,106.117578,108.438529,2.320951,ECT,unknown,unknown
20211120_143637_192.wav,Raw_recordings_Day1_pt4,112.037306,113.190538,1.153232,MW,unknown,unknown
20211120_143637_192.wav,Raw_recordings_Day1_pt4,114.656706,114.842151,0.185445,W,unknown,unknown
20211120_143637_192.wav,Raw_recordings_Day1_pt4,114.868229,115.210141,0.341912,W,unknown,unknown
20211120_143637_192.wav,Raw_recordings_Day1_pt4,115.282581,115.662162,0.379581,W,unknown,unknown
20211120_143637_192.wav,Raw_recordings_Day1_pt4,115.751986,116.050436,0.29845,W,unknown,unknown
20211120_143637_192.wav,Raw_recordings_Day1_pt4,120.871986,122.561268,1.689282,BPS,unknown,unknown
20211120_143637_192.wav,Raw_recordings_Day1_pt4,136.817295,137.26352,0.446225,W,unknown,unknown
20211120_143637_192.wav,Raw_recordings_Day1_pt4,155.138608,156.323713,1.185105,FB,unknown,unknown
20211120_143637_192.wav,Raw_recordings_Day1_pt4,163.393775,164.599162,1.205387,ECT,unknown,unknown
20211120_143637_192.wav,Raw_recordings_Day1_pt4,185.125523,186.414941,1.289418,W,unknown,unknown
20211120_143637_192.wav,Raw_recordings_Day1_pt4,191.616072,192.294103,0.678031,W,unknown,unknown
20211120_143637_192.wav,Raw_recordings_Day1_pt4,199.769825,201.351896,1.582071,BPS,unknown,unknown
20211120_143637_192.wav,Raw_recordings_Day1_pt4,210.25322,211.420939,1.167719,MW,unknown,unknown
20211120_143637_192.wav,Raw_recordings_Day1_pt4,210.25322,210.835631,0.582411,W,unknown,unknown
20211120_143637_192.wav,Raw_recordings_Day1_pt4,211.125388,211.380374,0.254986,W,unknown,unknown
20211120_143637_192.wav,Raw_recordings_Day1_pt4,272.046723,272.898608,0.851885,BPS,unknown,unknown
20211120_143637_192.wav,Raw_recordings_Day1_pt4,286.864878,288.942434,2.077556,ECT,unknown,unknown
20211120_144138_192.wav,Raw_recordings_Day1_pt4,5.535511,7.504311,1.9688,NOISE,unknown,unknown
20211120_144138_192.wav,Raw_recordings_Day1_pt4,17.688291,20.07125,2.382959,NOISE,unknown,unknown
20211120_144138_192.wav,Raw_recordings_Day1_pt4,22.83746,25.480041,2.642581,NOISE,unknown,unknown
20211120_144138_192.wav,Raw_recordings_Day1_pt4,45.569835,47.173928,1.604093,MW,unknown,unknown
20211120_144138_192.wav,Raw_recordings_Day1_pt4,45.597652,45.931451,0.333799,W,unknown,unknown
20211120_144138_192.wav,Raw_recordings_Day1_pt4,46.089079,46.481603,0.392524,W,unknown,unknown
20211120_144138_192.wav,Raw_recordings_Day1_pt4,46.623777,47.007028,0.383251,W,unknown,unknown
20211120_144138_192.wav,Raw_recordings_Day1_pt4,111.637442,113.247716,1.610274,ECT,unknown,unknown
20211120_144138_192.wav,Raw_recordings_Day1_pt4,118.715231,119.852623,1.137392,ECT,unknown,unknown
20211120_144138_192.wav,Raw_recordings_Day1_pt4,133.059344,134.542898,1.483554,BPS,unknown,unknown
20211120_144138_192.wav,Raw_recordings_Day1_pt4,156.456228,158.001597,1.545369,W,unknown,unknown
20211120_144138_192.wav,Raw_recordings_Day1_pt4,161.633213,162.801512,1.168299,BPS,unknown,unknown
20211120_144138_192.wav,Raw_recordings_Day1_pt4,175.538442,177.507242,1.9688,NOISE,unknown,unknown
20211120_144138_192.wav,Raw_recordings_Day1_pt4,180.647431,181.698282,1.050851,ECT,unknown,unknown
20211120_144138_192.wav,Raw_recordings_Day1_pt4,215.189514,215.529496,0.339982,FB,unknown,unknown
20211120_144138_192.wav,Raw_recordings_Day1_pt4,244.2919,245.846541,1.554641,MW,unknown,unknown
20211120_144138_192.wav,Raw_recordings_Day1_pt4,244.347533,244.50207,0.154537,W,unknown,unknown
20211120_144138_192.wav,Raw_recordings_Day1_pt4,244.978043,245.13258,0.154537,W,unknown,unknown
20211120_144138_192.wav,Raw_recordings_Day1_pt4,245.648733,245.775454,0.126721,W,unknown,unknown
20211120_144138_192.wav,Raw_recordings_Day1_pt4,287.466413,288.996328,1.529915,W,unknown,unknown
20211120_144138_192.wav,Raw_recordings_Day1_pt4,293.969325,295.459061,1.489736,W,unknown,unknown
20211120_144138_192.wav,Raw_recordings_Day1_pt4,297.910015,299.449203,1.539188,MW,unknown,unknown
20211120_144138_192.wav,Raw_recordings_Day1_pt4,297.910015,298.574524,0.664509,W,unknown,unknown
20211120_144138_192.wav,Raw_recordings_Day1_pt4,298.197454,299.430658,1.233204,W,unknown,unknown
20211120_144639_192.wav,Raw_recordings_Day1_pt4,0.079683,0.819142,0.739459,MW,ORD,matched
20211120_144639_192.wav,Raw_recordings_Day1_pt4,0.101994,0.455787,0.353793,W,ORD,matched
20211120_144639_192.wav,Raw_recordings_Day1_pt4,0.503597,0.819142,0.315545,W,ORD,matched
20211120_144639_192.wav,Raw_recordings_Day1_pt4,3.827975,4.433566,0.605591,MW,ORD,matched
20211120_144639_192.wav,Raw_recordings_Day1_pt4,4.14352,4.449503,0.305983,W,ORD,matched
20211120_144639_192.wav,Raw_recordings_Day1_pt4,17.702393,18.881702,1.179309,FB,ORD,matched
20211120_144639_192.wav,Raw_recordings_Day1_pt4,18.846642,19.082504,0.235862,W,ORD,matched
20211120_144639_192.wav,Raw_recordings_Day1_pt4,19.621161,20.615606,0.994445,FB,ORD,matched
20211120_144639_192.wav,Raw_recordings_Day1_pt4,21.055457,22.209268,1.153811,FB,ORD,matched
20211120_144639_192.wav,Raw_recordings_Day1_pt4,22.225204,23.366266,1.141062,FB,ORD,matched
20211120_144639_192.wav,Raw_recordings_Day1_pt4,38.506051,39.044709,0.538658,W,ORD,matched
20211120_144639_192.wav,Raw_recordings_Day1_pt4,45.836894,46.888711,1.051817,FB,ORD,matched
20211120_144639_192.wav,Raw_recordings_Day1_pt4,53.135864,54.990886,1.855022,NOISE,ORD,matched
20211120_144639_192.wav,Raw_recordings_Day1_pt4,65.748102,67.016656,1.268554,BPS,ORD,matched
20211120_144639_192.wav,Raw_recordings_Day1_pt4,68.552946,69.142601,0.589655,MW,ORD,matched
20211120_144639_192.wav,Raw_recordings_Day1_pt4,68.552946,68.782434,0.229488,W,ORD,matched
20211120_144639_192.wav,Raw_recordings_Day1_pt4,68.830243,69.12029,0.290047,W,ORD,matched
20211120_144639_192.wav,Raw_recordings_Day1_pt4,92.13595,92.76704,0.63109,W,ORD,matched
20211120_144639_192.wav,Raw_recordings_Day1_pt4,110.380188,111.607307,1.227119,MW,ORD,matched
20211120_144639_192.wav,Raw_recordings_Day1_pt4,110.380188,111.208892,0.828704,W,ORD,matched
20211120_144639_192.wav,Raw_recordings_Day1_pt4,111.208892,111.565872,0.35698,W,ORD,matched
20211120_144639_192.wav,Raw_recordings_Day1_pt4,113.433643,114.670325,1.236682,W,ORD,matched
20211120_144639_192.wav,Raw_recordings_Day1_pt4,115.435282,116.337295,0.902013,W,ORD,matched
20211120_144639_192.wav,Raw_recordings_Day1_pt4,120.42663,122.428269,2.001639,NOISE,ORD,matched
20211120_144639_192.wav,Raw_recordings_Day1_pt4,161.651468,162.626789,0.975321,BPS,ORD,matched
20211120_144639_192.wav,Raw_recordings_Day1_pt4,164.628428,165.342388,0.71396,W,ORD,matched
20211120_144639_192.wav,Raw_recordings_Day1_pt4,167.512955,168.073924,0.560969,BPS,ORD,matched
20211120_144639_192.wav,Raw_recordings_Day1_pt4,168.504213,169.065182,0.560969,b,ORD,matched
20211120_144639_192.wav,Raw_recordings_Day1_pt4,179.599285,180.214438,0.615153,W,ORD,matched
20211120_144639_192.wav,Raw_recordings_Day1_pt4,186.805822,187.028935,0.223113,W,ORD,matched
20211120_144639_192.wav,Raw_recordings_Day1_pt4,204.552838,204.884319,0.331481,FB,ORD,matched
20211120_144639_192.wav,Raw_recordings_Day1_pt4,206.248493,206.968829,0.720336,W,ORD,matched
20211120_144639_192.wav,Raw_recordings_Day1_pt4,207.274812,208.1577,0.882888,FB,ORD,matched
20211120_144639_192.wav,Raw_recordings_Day1_pt4,208.1577,209.168081,1.010381,W,ORD,matched
20211120_144639_192.wav,Raw_recordings_Day1_pt4,211.533075,212.667762,1.134687,ECT,ORD,matched
20211120_144639_192.wav,Raw_recordings_Day1_pt4,216.980211,218.33801,1.357799,FB,ORD,matched
20211120_144639_192.wav,Raw_recordings_Day1_pt4,219.756369,220.371522,0.615153,W,ORD,matched
20211120_144639_192.wav,Raw_recordings_Day1_pt4,238.010169,238.204595,0.194426,W,ORD,matched
20211120_144639_192.wav,Raw_recordings_Day1_pt4,238.026105,238.536077,0.509972,MW,ORD,matched
20211120_144639_192.wav,Raw_recordings_Day1_pt4,238.268342,238.536077,0.267735,W,ORD,matched
20211120_144639_192.wav,Raw_recordings_Day1_pt4,239.281911,240.123364,0.841453,ECT,ORD,matched
20211120_144639_192.wav,Raw_recordings_Day1_pt4,240.209422,240.923382,0.71396,W,ORD,matched
20211120_144639_192.wav,Raw_recordings_Day1_pt4,240.99669,242.026196,1.029506,ECT,ORD,matched
20211120_144639_192.wav,Raw_recordings_Day1_pt4,247.53389,248.085297,0.551407,W,ORD,matched
20211120_144639_192.wav,Raw_recordings_Day1_pt4,253.258323,253.475061,0.216738,W,ORD,matched
20211120_144639_192.wav,Raw_recordings_Day1_pt4,253.57068,253.851165,0.280485,W,ORD,matched
20211120_144639_192.wav,Raw_recordings_Day1_pt4,253.733234,254.351574,0.61834,FB,ORD,matched
20211120_144639_192.wav,Raw_recordings_Day1_pt4,254.918918,256.598637,1.679719,MW,ORD,matched
20211120_144639_192.wav,Raw_recordings_Day1_pt4,254.941229,255.183466,0.242237,W,ORD,matched
20211120_144639_192.wav,Raw_recordings_Day1_pt4,255.212152,255.412953,0.200801,W,ORD,matched
20211120_144639_192.wav,Raw_recordings_Day1_pt4,256.117351,256.585888,0.468537,W,ORD,matched
20211120_144639_192.wav,Raw_recordings_Day1_pt4,257.338096,260.037759,2.699663,W,ORD,matched
20211120_144639_192.wav,Raw_recordings_Day1_pt4,265.032294,266.281725,1.249431,W,ORD,matched
20211120_144639_192.wav,Raw_recordings_Day1_pt4,265.06098,266.772573,1.711593,MW,ORD,matched
20211120_144639_192.wav,Raw_recordings_Day1_pt4,266.46659,266.750261,0.283671,W,ORD,matched
20211120_144639_192.wav,Raw_recordings_Day1_pt4,278.033385,278.406302,0.372917,W,ORD,matched
20211120_145139_192.wav,Raw_recordings_Day1_pt4,8.335719,9.28786,0.952141,NOISE,ORD,matched
20211120_145139_192.wav,Raw_recordings_Day1_pt4,10.04538,10.979556,0.934176,NOISE,ORD,matched
20211120_145139_192.wav,Raw_recordings_Day1_pt4,40.172538,41.546854,1.374316,NOISE,ORD,matched
20211120_145139_192.wav,Raw_recordings_Day1_pt4,55.514573,57.511673,1.9971,NOISE,ORD,matched
20211120_145139_192.wav,Raw_recordings_Day1_pt4,92.031251,93.588211,1.55696,NOISE,ORD,matched
20211120_145139_192.wav,Raw_recordings_Day1_pt4,95.600281,96.417684,0.817403,W,ORD,matched
20211120_145139_192.wav,Raw_recordings_Day1_pt4,102.468865,103.283275,0.81441,ECT,ORD,matched
20211120_145139_192.wav,Raw_recordings_Day1_pt4,134.769778,135.039251,0.269473,FB,ORD,matched
20211120_145139_192.wav,Raw_recordings_Day1_pt4,183.245099,183.598409,0.35331,FB,ORD,matched
20211120_145139_192.wav,Raw_recordings_Day1_pt4,184.322994,184.63738,0.314386,FB,ORD,matched
20211120_145139_192.wav,Raw_recordings_Day1_pt4,186.362012,186.673404,0.311392,FB,ORD,matched
20211120_145139_192.wav,Raw_recordings_Day1_pt4,191.125708,191.604772,0.479064,FB,ORD,matched
20211120_145139_192.wav,Raw_recordings_Day1_pt4,193.242573,193.697684,0.455111,FB,ORD,matched
20211120_145139_192.wav,Raw_recordings_Day1_pt4,199.323696,199.590175,0.266479,FB,ORD,matched
20211120_145139_192.wav,Raw_recordings_Day1_pt4,204.054456,205.285053,1.230597,W,ORD,matched
20211120_145139_192.wav,Raw_recordings_Day1_pt4,239.295626,240.175906,0.88028,MW,ORD,matched
20211120_145139_192.wav,Raw_recordings_Day1_pt4,239.33455,239.487251,0.152701,W,ORD,matched
20211120_145139_192.wav,Raw_recordings_Day1_pt4,239.601029,240.142971,0.541942,W,ORD,matched
20211120_145139_192.wav,Raw_recordings_Day1_pt4,243.894643,244.218012,0.323369,W,ORD,matched
20211120_145139_192.wav,Raw_recordings_Day1_pt4,244.834807,245.188117,0.35331,W,ORD,matched
20211120_145139_192.wav,Raw_recordings_Day1_pt4,248.164304,248.754152,0.589848,W,ORD,matched
20211120_145139_192.wav,Raw_recordings_Day1_pt4,255.80538,258.01207,2.20669,NOISE,ORD,matched
20211120_145139_192.wav,Raw_recordings_Day1_pt4,258.512094,259.063018,0.550924,FB,ORD,matched
20211120_145139_192.wav,Raw_recordings_Day1_pt4,263.060211,264.548304,1.488093,W,ORD,matched
20211120_145139_192.wav,Raw_recordings_Day1_pt4,269.458713,269.668304,0.209591,W,ORD,matched
20211120_145139_192.wav,Raw_recordings_Day1_pt4,270.497684,270.650386,0.152702,W,ORD,matched
20211120_145139_192.wav,Raw_recordings_Day1_pt4,270.704281,271.470784,0.766503,ECT,ORD,matched
20211120_145139_192.wav,Raw_recordings_Day1_pt4,271.650433,271.839064,0.188631,W,ORD,matched
20211120_145139_192.wav,Raw_recordings_Day1_pt4,272.728327,275.051789,2.323462,MW,ORD,matched
20211120_145139_192.wav,Raw_recordings_Day1_pt4,272.782222,272.991813,0.209591,W,ORD,matched
20211120_145139_192.wav,Raw_recordings_Day1_pt4,273.446924,273.722386,0.275462,W,ORD,matched
20211120_145139_192.wav,Raw_recordings_Day1_pt4,273.958924,274.473918,0.514994,W,ORD,matched
20211120_145139_192.wav,Raw_recordings_Day1_pt4,274.686503,275.021848,0.335345,W,ORD,matched
20211120_145139_192.wav,Raw_recordings_Day1_pt4,278.249544,280.73469,2.485146,MW,ORD,matched
20211120_145139_192.wav,Raw_recordings_Day1_pt4,278.249544,278.474105,0.224561,W,ORD,matched
20211120_145139_192.wav,Raw_recordings_Day1_pt4,279.016047,279.411275,0.395228,W,ORD,matched
20211120_145139_192.wav,Raw_recordings_Day1_pt4,279.698713,279.995135,0.296422,W,ORD,matched
20211120_145139_192.wav,Raw_recordings_Day1_pt4,280.465216,280.671813,0.206597,W,ORD,matched
20211120_145139_192.wav,Raw_recordings_Day1_pt4,283.052164,283.213848,0.161684,W,ORD,matched
20211120_145139_192.wav,Raw_recordings_Day1_pt4,284.633076,284.815719,0.182643,W,ORD,matched
20211120_145139_192.wav,Raw_recordings_Day1_pt4,286.148117,286.312795,0.164678,W,ORD,matched
20211120_145640_192.wav,Raw_recordings_Day1_pt4,6.446603,7.11256,0.665957,BPS,ORD,matched
20211120_145640_192.wav,Raw_recordings_Day1_pt4,24.471398,24.833111,0.361713,W,ORD,matched
20211120_145640_192.wav,Raw_recordings_Day1_pt4,24.48492,25.739083,1.254163,MW,ORD,matched
20211120_145640_192.wav,Raw_recordings_Day1_pt4,24.89396,25.201585,0.307625,W,ORD,matched
20211120_145640_192.wav,Raw_recordings_Day1_pt4,25.37737,25.644429,0.267059,W,ORD,matched
20211120_145640_192.wav,Raw_recordings_Day1_pt4,36.472152,36.722309,0.250157,W,ORD,matched
20211120_145640_192.wav,Raw_recordings_Day1_pt4,37.27333,37.601238,0.327908,W,ORD,matched
20211120_145640_192.wav,Raw_recordings_Day1_pt4,39.636295,40.505082,0.868787,W,ORD,matched
20211120_145640_192.wav,Raw_recordings_Day1_pt4,58.952439,59.199215,0.246776,FB,ORD,matched
20211120_145640_192.wav,Raw_recordings_Day1_pt4,59.868553,60.155895,0.287342,FB,ORD,matched
20211120_145640_192.wav,Raw_recordings_Day1_pt4,62.518861,62.961705,0.442844,W,ORD,matched
20211120_145640_192.wav,Raw_recordings_Day1_pt4,62.535763,63.921766,1.386003,MW,ORD,matched
20211120_145640_192.wav,Raw_recordings_Day1_pt4,62.975227,63.921766,0.946539,W,ORD,matched
20211120_145640_192.wav,Raw_recordings_Day1_pt4,65.18269,65.912877,0.730187,W,ORD,matched
20211120_145640_192.wav,Raw_recordings_Day1_pt4,69.837631,70.087787,0.250156,W,ORD,matched
20211120_145640_192.wav,Raw_recordings_Day1_pt4,83.021558,85.374382,2.352824,MW,ORD,matched
20211120_145640_192.wav,Raw_recordings_Day1_pt4,83.062124,83.298759,0.236635,W,ORD,matched
20211120_145640_192.wav,Raw_recordings_Day1_pt4,83.548915,83.826116,0.277201,W,ORD,matched
20211120_145640_192.wav,Raw_recordings_Day1_pt4,83.92415,85.286489,1.362339,ECT,ORD,matched
20211120_145640_192.wav,Raw_recordings_Day1_pt4,84.451507,84.80984,0.358333,W,ORD,matched
20211120_145640_192.wav,Raw_recordings_Day1_pt4,85.046474,85.374382,0.327908,W,ORD,matched
20211120_145640_192.wav,Raw_recordings_Day1_pt4,86.101188,86.72658,0.625392,W,ORD,matched
20211120_145640_192.wav,Raw_recordings_Day1_pt4,86.134993,90.593865,4.458872,MW,ORD,matched
20211120_145640_192.wav,Raw_recordings_Day1_pt4,86.855039,87.095054,0.240015,FB,ORD,matched
20211120_145640_192.wav,Raw_recordings_Day1_pt4,87.182947,87.61903,0.436083,W,ORD,matched
20211120_145640_192.wav,Raw_recordings_Day1_pt4,87.656216,87.865806,0.20959,W,ORD,matched
20211120_145640_192.wav,Raw_recordings_Day1_pt4,88.383022,89.082784,0.699762,W,ORD,matched
20211120_145640_192.wav,Raw_recordings_Day1_pt4,89.589859,90.117216,0.527357,W,ORD,matched
20211120_145640_192.wav,Raw_recordings_Day1_pt4,90.188206,90.48907,0.300864,W,ORD,matched
20211120_145640_192.wav,Raw_recordings_Day1_pt4,91.506599,91.871692,0.365093,W,ORD,matched
20211120_145640_192.wav,Raw_recordings_Day1_pt4,92.351722,92.723577,0.371855,W,ORD,matched
20211120_145640_192.wav,Raw_recordings_Day1_pt4,93.943935,94.349594,0.405659,W,ORD,matched
20211120_145640_192.wav,Raw_recordings_Day1_pt4,94.9378,95.326557,0.388757,W,ORD,matched
20211120_145640_192.wav,Raw_recordings_Day1_pt4,98.659725,98.909881,0.250156,W,ORD,matched
20211120_145640_192.wav,Raw_recordings_Day1_pt4,100.451387,100.731968,0.280581,W,ORD,matched
20211120_145640_192.wav,Raw_recordings_Day1_pt4,101.208617,101.550047,0.34143,W,ORD,matched
20211120_145640_192.wav,Raw_recordings_Day1_pt4,103.061128,103.449885,0.388757,W,ORD,matched
20211120_145640_192.wav,Raw_recordings_Day1_pt4,104.09894,104.44375,0.34481,W,ORD,matched
20211120_145640_192.wav,Raw_recordings_Day1_pt4,105.052239,105.373386,0.321147,W,ORD,matched
20211120_145640_192.wav,Raw_recordings_Day1_pt4,108.919525,109.277857,0.358332,W,ORD,matched
20211120_145640_192.wav,Raw_recordings_Day1_pt4,109.629428,109.947195,0.317767,W,ORD,matched
20211120_145640_192.wav,Raw_recordings_Day1_pt4,155.120739,157.422856,2.302117,NOISE,ORD,matched
20211120_145640_192.wav,Raw_recordings_Day1_pt4,157.541173,160.100208,2.559035,NOISE,ORD,matched
20211120_145640_192.wav,Raw_recordings_Day1_pt4,161.158302,162.946584,1.788282,NOISE,ORD,matched
20211120_145640_192.wav,Raw_recordings_Day1_pt4,196.072047,198.631081,2.559034,NOISE,ORD,matched
20211120_145640_192.wav,Raw_recordings_Day1_pt4,207.575869,210.266742,2.690873,NOISE,ORD,matched
20211120_145640_192.wav,Raw_recordings_Day1_pt4,214.431511,216.909413,2.477902,NOISE,ORD,matched
20211120_145640_192.wav,Raw_recordings_Day1_pt4,280.570881,282.518046,1.947165,ECT,ORD,matched
20211120_150140_192.wav,Raw_recordings_Day1_pt4,7.681449,9.861578,2.180129,NOISE,ORD,matched
20211120_150140_192.wav,Raw_recordings_Day1_pt4,10.330114,12.245696,1.915582,NOISE,ORD,matched
20211120_150140_192.wav,Raw_recordings_Day1_pt4,51.816312,53.531092,1.71478,NOISE,ORD,matched
20211120_150140_192.wav,Raw_recordings_Day1_pt4,73.780156,75.60968,1.829524,NOISE,ORD,matched
20211120_150140_192.wav,Raw_recordings_Day1_pt4,165.511316,168.217354,2.706038,ECT,ORD,matched
20211120_150140_192.wav,Raw_recordings_Day1_pt4,169.868387,171.627789,1.759402,NOISE,ORD,matched
20211120_150140_192.wav,Raw_recordings_Day1_pt4,213.993689,215.042318,1.048629,BPS,ORD,matched
20211120_150140_192.wav,Raw_recordings_Day1_pt4,231.903257,232.416417,0.51316,W,ORD,matched
20211120_150140_192.wav,Raw_recordings_Day1_pt4,233.786965,234.045139,0.258174,W,ORD,matched
20211120_150140_192.wav,Raw_recordings_Day1_pt4,237.433263,238.453207,1.019944,MW,ORD,matched
20211120_150140_192.wav,Raw_recordings_Day1_pt4,237.433263,238.054791,0.621528,W,ORD,matched
20211120_150140_192.wav,Raw_recordings_Day1_pt4,238.124912,238.440457,0.315545,W,ORD,matched
20211120_150140_192.wav,Raw_recordings_Day1_pt4,238.899432,239.498649,0.599217,W,ORD,matched
20211120_150140_192.wav,Raw_recordings_Day1_pt4,239.403029,240.50903,1.106001,ECT,ORD,matched
20211120_150140_192.wav,Raw_recordings_Day1_pt4,240.563214,241.171993,0.608779,W,ORD,matched
20211120_150140_192.wav,Raw_recordings_Day1_pt4,243.25969,244.340192,1.080502,MW,ORD,matched
20211120_150140_192.wav,Raw_recordings_Day1_pt4,243.272439,243.7601,0.487661,W,ORD,matched
20211120_150140_192.wav,Raw_recordings_Day1_pt4,243.79516,244.375253,0.580093,W,ORD,matched
20211120_150140_192.wav,Raw_recordings_Day1_pt4,246.555382,247.023919,0.468537,FB,ORD,matched
20211120_150140_192.wav,Raw_recordings_Day1_pt4,247.113164,247.278904,0.16574,W,ORD,matched
20211120_150140_192.wav,Raw_recordings_Day1_pt4,247.1291,247.680507,0.551407,MW,ORD,matched
20211120_150140_192.wav,Raw_recordings_Day1_pt4,247.352213,247.642259,0.290046,W,ORD,matched
20211120_150140_192.wav,Raw_recordings_Day1_pt4,250.214429,251.648724,1.434295,ECT,ORD,matched
20211120_150140_192.wav,Raw_recordings_Day1_pt4,253.930848,256.515767,2.584919,MW,ORD,matched
20211120_150140_192.wav,Raw_recordings_Day1_pt4,253.949972,254.842422,0.89245,W,ORD,matched
20211120_150140_192.wav,Raw_recordings_Day1_pt4,254.998601,256.515767,1.517166,W,ORD,matched
20211120_150140_192.wav,Raw_recordings_Day1_pt4,256.592263,256.926932,0.334669,FB,ORD,matched
20211120_150140_192.wav,Raw_recordings_Day1_pt4,263.480068,263.642621,0.162553,W,ORD,matched
20211120_150140_192.wav,Raw_recordings_Day1_pt4,264.420328,265.526329,1.106001,NOISE,ORD,matched
20211120_150140_192.wav,Raw_recordings_Day1_pt4,279.231819,280.541809,1.30999,MW,ORD,matched
20211120_150140_192.wav,Raw_recordings_Day1_pt4,279.231819,279.65892,0.427101,W,ORD,matched
20211120_150140_192.wav,Raw_recordings_Day1_pt4,279.795975,280.101958,0.305983,W,ORD,matched
20211120_150140_192.wav,Raw_recordings_Day1_pt4,280.286823,280.570495,0.283672,W,ORD,matched
20211120_150140_192.wav,Raw_recordings_Day1_pt4,283.282907,284.054239,0.771332,W,ORD,matched
20211120_150140_192.wav,Raw_recordings_Day1_pt4,285.061433,285.797705,0.736272,BPS,ORD,matched
20211120_150140_192.wav,Raw_recordings_Day1_pt4,288.143574,288.369874,0.2263,FB,ORD,matched
20211120_150140_192.wav,Raw_recordings_Day1_pt4,289.058336,293.715015,4.656679,MW,ORD,matched
20211120_150140_192.wav,Raw_recordings_Day1_pt4,289.058336,290.046406,0.98807,W,ORD,matched
20211120_150140_192.wav,Raw_recordings_Day1_pt4,290.097404,290.390637,0.293233,W,ORD,matched
20211120_150140_192.wav,Raw_recordings_Day1_pt4,290.457571,290.718932,0.261361,W,ORD,matched
20211120_150140_192.wav,Raw_recordings_Day1_pt4,290.989854,291.158782,0.168928,W,ORD,matched
20211120_150140_192.wav,Raw_recordings_Day1_pt4,291.212967,291.420143,0.207176,W,ORD,matched
20211120_150140_192.wav,Raw_recordings_Day1_pt4,291.627319,292.624951,0.997632,W,ORD,matched
20211120_150140_192.wav,Raw_recordings_Day1_pt4,292.832127,293.26879,0.436663,W,ORD,matched
20211120_150140_192.wav,Raw_recordings_Day1_pt4,293.367597,293.641707,0.27411,W,ORD,matched
20211120_150140_192.wav,Raw_recordings_Day1_pt4,295.381985,296.717474,1.335489,FB,ORD,matched
20211120_150641_192.wav,Raw_recordings_Day1_pt4,0.08345,0.451248,0.367798,W,ORD,matched
20211120_150641_192.wav,Raw_recordings_Day1_pt4,1.248658,1.947165,0.698507,W,ORD,matched
20211120_150641_192.wav,Raw_recordings_Day1_pt4,4.932817,5.146078,0.213261,W,ORD,matched
20211120_150641_192.wav,Raw_recordings_Day1_pt4,11.176107,11.970427,0.79432,W,ORD,matched
20211120_150641_192.wav,Raw_recordings_Day1_pt4,17.784104,18.201354,0.41725,W,ORD,matched
20211120_150641_192.wav,Raw_recordings_Day1_pt4,18.766959,19.091486,0.324527,W,ORD,matched
20211120_150641_192.wav,Raw_recordings_Day1_pt4,19.344927,19.57055,0.225623,W,ORD,matched
20211120_150641_192.wav,Raw_recordings_Day1_pt4,19.975437,20.247422,0.271985,W,ORD,matched
20211120_150641_192.wav,Raw_recordings_Day1_pt4,21.347725,22.120409,0.772684,W,ORD,matched
20211120_150641_192.wav,Raw_recordings_Day1_pt4,27.013047,27.727007,0.71396,W,ORD,matched
20211120_150641_192.wav,Raw_recordings_Day1_pt4,27.764096,28.552234,0.788138,W,ORD,matched
20211120_150641_192.wav,Raw_recordings_Day1_pt4,46.667047,47.486092,0.819045,MW,ORD,matched
20211120_150641_192.wav,Raw_recordings_Day1_pt4,46.691773,46.97303,0.281257,W,ORD,matched
20211120_150641_192.wav,Raw_recordings_Day1_pt4,47.275922,47.507728,0.231806,W,ORD,matched
20211120_150641_192.wav,Raw_recordings_Day1_pt4,60.55064,60.940073,0.389433,W,ORD,matched
20211120_150641_192.wav,Raw_recordings_Day1_pt4,60.961708,61.307871,0.346163,W,ORD,matched
20211120_150641_192.wav,Raw_recordings_Day1_pt4,63.894818,65.430915,1.536097,NOISE,ORD,matched
20211120_150641_192.wav,Raw_recordings_Day1_pt4,71.436218,73.148487,1.712269,NOISE,ORD,matched
20211120_150641_192.wav,Raw_recordings_Day1_pt4,83.406645,84.185511,0.778866,W,ORD,matched
20211120_150641_192.wav,Raw_recordings_Day1_pt4,105.125258,105.650683,0.525425,BPS,ORD,matched
20211120_150641_192.wav,Raw_recordings_Day1_pt4,122.884636,123.267888,0.383252,W,ORD,matched
20211120_150641_192.wav,Raw_recordings_Day1_pt4,131.507794,131.937407,0.429613,W,ORD,matched
20211120_150641_192.wav,Raw_recordings_Day1_pt4,149.733874,150.104762,0.370888,W,ORD,matched
20211120_150641_192.wav,Raw_recordings_Day1_pt4,150.132579,150.460197,0.327618,W,ORD,matched
20211120_150641_192.wav,Raw_recordings_Day1_pt4,151.665585,152.15083,0.485245,FB,ORD,matched
20211120_150641_192.wav,Raw_recordings_Day1_pt4,152.496993,152.799885,0.302892,W,ORD,matched
20211120_150641_192.wav,Raw_recordings_Day1_pt4,152.877154,153.254224,0.37707,W,ORD,matched
20211120_150641_192.wav,Raw_recordings_Day1_pt4,180.224,180.869964,0.645964,W,ORD,matched
20211120_150641_192.wav,Raw_recordings_Day1_pt4,182.508055,183.181836,0.673781,W,ORD,matched
20211120_150641_192.wav,Raw_recordings_Day1_pt4,187.790126,188.466997,0.676871,FB,ORD,matched
20211120_150641_192.wav,Raw_recordings_Day1_pt4,188.946061,189.313859,0.367798,FB,ORD,matched
20211120_150641_192.wav,Raw_recordings_Day1_pt4,218.249345,220.360318,2.110973,NOISE,ORD,matched
20211120_150641_192.wav,Raw_recordings_Day1_pt4,256.729028,257.010285,0.281257,W,ORD,matched
20211120_150641_192.wav,Raw_recordings_Day1_pt4,273.83626,276.26558,2.42932,NOISE,ORD,matched
20211120_150641_192.wav,Raw_recordings_Day1_pt4,278.419824,279.306866,0.887042,BPS,ORD,matched
20211120_150641_192.wav,Raw_recordings_Day1_pt4,284.125326,285.006186,0.88086,ECT,ORD,matched
20211120_150641_192.wav,Raw_recordings_Day1_pt4,292.210695,292.872113,0.661418,W,ORD,matched
20211120_150641_192.wav,Raw_recordings_Day1_pt4,294.612198,295.236527,0.624329,W,ORD,matched
20211120_150641_192.wav,Raw_recordings_Day1_pt4,296.531547,297.273324,0.741777,FB,ORD,matched
20211120_151142_192.wav,Raw_recordings_Day1_pt4,26.480281,27.0285,0.548219,W,ORD,matched
20211120_151142_192.wav,Raw_recordings_Day1_pt4,40.880607,41.141967,0.26136,W,ORD,matched
20211120_151142_192.wav,Raw_recordings_Day1_pt4,42.219282,43.357157,1.137875,W,ORD,matched
20211120_151142_192.wav,Raw_recordings_Day1_pt4,54.433105,54.729526,0.296421,W,ORD,matched
20211120_151142_192.wav,Raw_recordings_Day1_pt4,54.729526,55.51042,0.780894,FB,ORD,matched
20211120_151142_192.wav,Raw_recordings_Day1_pt4,57.470624,59.029225,1.558601,MW,ORD,matched
20211120_151142_192.wav,Raw_recordings_Day1_pt4,57.547119,57.958284,0.411165,W,ORD,matched
20211120_151142_192.wav,Raw_recordings_Day1_pt4,58.155898,58.305702,0.149804,W,ORD,matched
20211120_151142_192.wav,Raw_recordings_Day1_pt4,58.806112,58.997351,0.191239,W,ORD,matched
20211120_151142_192.wav,Raw_recordings_Day1_pt4,61.161544,61.706576,0.545032,FB,ORD,matched
20211120_151142_192.wav,Raw_recordings_Day1_pt4,67.051717,67.236582,0.184865,W,ORD,matched
20211120_151142_192.wav,Raw_recordings_Day1_pt4,67.077216,67.612686,0.53547,MW,ORD,matched
20211120_151142_192.wav,Raw_recordings_Day1_pt4,67.354513,67.587187,0.232674,W,ORD,matched
20211120_151142_192.wav,Raw_recordings_Day1_pt4,89.12393,90.322363,1.198433,RUMORE CON FISCHIO,ORD,matched
20211120_151142_192.wav,Raw_recordings_Day1_pt4,99.278741,100.317809,1.039068,NOISE,ORD,matched
20211120_151142_192.wav,Raw_recordings_Day1_pt4,103.180025,103.514694,0.334669,FB,ORD,matched
20211120_151142_192.wav,Raw_recordings_Day1_pt4,126.34549,128.315255,1.969765,NOISE,ORD,matched
20211120_151142_192.wav,Raw_recordings_Day1_pt4,134.817394,135.132939,0.315545,W,ORD,matched
20211120_151142_192.wav,Raw_recordings_Day1_pt4,136.911466,137.188763,0.277297,W,ORD,matched
20211120_151142_192.wav,Raw_recordings_Day1_pt4,143.614406,144.175375,0.560969,W,ORD,matched
20211120_151142_192.wav,Raw_recordings_Day1_pt4,158.954993,160.217173,1.26218,NOISE,ORD,matched
20211120_151142_192.wav,Raw_recordings_Day1_pt4,195.013179,195.832321,0.819142,FB,ORD,matched
20211120_151142_192.wav,Raw_recordings_Day1_pt4,197.104063,197.986952,0.882889,FB,ORD,matched
20211120_151142_192.wav,Raw_recordings_Day1_pt4,247.138662,247.750628,0.611966,W,ORD,matched
20211120_151142_192.wav,Raw_recordings_Day1_pt4,271.563119,272.831674,1.268555,W,ORD,matched
20211120_151142_192.wav,Raw_recordings_Day1_pt4,275.097861,275.317786,0.219925,W,ORD,matched
20211120_151142_192.wav,Raw_recordings_Day1_pt4,275.132921,275.633331,0.50041,MW,ORD,matched
20211120_151142_192.wav,Raw_recordings_Day1_pt4,275.451654,275.633331,0.181677,W,ORD,matched
20211120_151142_192.wav,Raw_recordings_Day1_pt4,294.916636,295.726216,0.80958,MW,ORD,matched
20211120_151642_192.wav,Raw_recordings_Day1_pt4,3.437287,3.93731,0.500023,MW,ORD,matched
20211120_151642_192.wav,Raw_recordings_Day1_pt4,3.437287,3.557053,0.119766,W,ORD,matched
20211120_151642_192.wav,Raw_recordings_Day1_pt4,3.658854,3.916351,0.257497,W,ORD,matched
20211120_151642_192.wav,Raw_recordings_Day1_pt4,17.303205,19.836257,2.533052,NOISE,ORD,matched
20211120_151642_192.wav,Raw_recordings_Day1_pt4,22.842386,24.953263,2.110877,NOISE,ORD,matched
20211120_151642_192.wav,Raw_recordings_Day1_pt4,34.097404,35.333988,1.236584,W,ORD,matched
20211120_151642_192.wav,Raw_recordings_Day1_pt4,43.597848,44.651789,1.053941,ECT,ORD,matched
20211120_151642_192.wav,Raw_recordings_Day1_pt4,107.43317,107.705637,0.272467,W,ORD,matched
20211120_151642_192.wav,Raw_recordings_Day1_pt4,108.034994,108.433216,0.398222,FB,ORD,matched
20211120_151642_192.wav,Raw_recordings_Day1_pt4,110.04407,110.445287,0.401217,W,ORD,matched
20211120_151642_192.wav,Raw_recordings_Day1_pt4,111.867509,113.077146,1.209637,W,ORD,matched
20211120_151642_192.wav,Raw_recordings_Day1_pt4,121.442807,121.826058,0.383251,FB,ORD,matched
20211120_151642_192.wav,Raw_recordings_Day1_pt4,128.961123,130.425263,1.46414,BPS,ORD,matched
20211120_151642_192.wav,Raw_recordings_Day1_pt4,130.000094,130.31448,0.314386,W,ORD,matched
20211120_151642_192.wav,Raw_recordings_Day1_pt4,131.134877,131.943298,0.808421,MW,ORD,matched
20211120_151642_192.wav,Raw_recordings_Day1_pt4,131.209731,131.509146,0.299415,W,ORD,matched
20211120_151642_192.wav,Raw_recordings_Day1_pt4,131.652865,131.904374,0.251509,W,ORD,matched
20211120_151642_192.wav,Raw_recordings_Day1_pt4,133.146947,134.853614,1.706667,MW,ORD,matched
20211120_151642_192.wav,Raw_recordings_Day1_pt4,133.164912,133.31462,0.149708,W,ORD,matched
20211120_151642_192.wav,Raw_recordings_Day1_pt4,133.464327,134.308678,0.844351,W,ORD,matched
20211120_151642_192.wav,Raw_recordings_Day1_pt4,134.479345,134.874573,0.395228,W,ORD,matched
20211120_151642_192.wav,Raw_recordings_Day1_pt4,154.204819,154.626994,0.422175,W,ORD,matched
20211120_151642_192.wav,Raw_recordings_Day1_pt4,166.040702,167.570713,1.530011,ECT,ORD,matched
20211120_151642_192.wav,Raw_recordings_Day1_pt4,175.732772,176.400468,0.667696,W,ORD,matched
20211120_151642_192.wav,Raw_recordings_Day1_pt4,180.484491,181.068351,0.58386,FB,ORD,matched
20211120_151642_192.wav,Raw_recordings_Day1_pt4,182.547462,183.445708,0.898246,BPS,ORD,matched
20211120_151642_192.wav,Raw_recordings_Day1_pt4,182.745076,183.520561,0.775485,W,ORD,matched
20211120_151642_192.wav,Raw_recordings_Day1_pt4,200.117146,201.311813,1.194667,BPS,ORD,matched
20211120_151642_192.wav,Raw_recordings_Day1_pt4,214.450152,215.531041,1.080889,BPS,ORD,matched
20211120_151642_192.wav,Raw_recordings_Day1_pt4,215.78255,216.061006,0.278456,FB,ORD,matched
20211120_151642_192.wav,Raw_recordings_Day1_pt4,219.36655,220.812725,1.446175,W,ORD,matched
20211120_151642_192.wav,Raw_recordings_Day1_pt4,221.070222,221.243883,0.173661,FB,ORD,matched
20211120_151642_192.wav,Raw_recordings_Day1_pt4,223.378713,224.408702,1.029989,ECT,ORD,matched
20211120_151642_192.wav,Raw_recordings_Day1_pt4,226.193216,226.37586,0.182644,W,ORD,matched
20211120_151642_192.wav,Raw_recordings_Day1_pt4,226.205193,227.211228,1.006035,MW,ORD,matched
20211120_151642_192.wav,Raw_recordings_Day1_pt4,226.519579,226.684257,0.164678,W,ORD,matched
20211120_151642_192.wav,Raw_recordings_Day1_pt4,226.750129,227.178292,0.428163,W,ORD,matched
20211120_151642_192.wav,Raw_recordings_Day1_pt4,229.241263,229.334082,0.092819,W,ORD,matched
20211120_151642_192.wav,Raw_recordings_Day1_pt4,233.304327,234.187602,0.883275,MW,ORD,matched
20211120_151642_192.wav,Raw_recordings_Day1_pt4,233.331275,233.588772,0.257497,W,ORD,matched
20211120_151642_192.wav,Raw_recordings_Day1_pt4,233.648655,233.780398,0.131743,W,ORD,matched
20211120_151642_192.wav,Raw_recordings_Day1_pt4,234.007953,234.160655,0.152702,W,ORD,matched
20211120_151642_192.wav,Raw_recordings_Day1_pt4,238.600982,240.469333,1.868351,ECT,ORD,matched
20211120_151642_192.wav,Raw_recordings_Day1_pt4,239.307602,239.592047,0.284445,W,ORD,matched
20211120_151642_192.wav,Raw_recordings_Day1_pt4,239.319579,239.993263,0.673684,MW,ORD,matched
20211120_151642_192.wav,Raw_recordings_Day1_pt4,239.70283,239.930386,0.227556,W,ORD,matched
20211120_151642_192.wav,Raw_recordings_Day1_pt4,242.098152,242.385591,0.287439,W,ORD,matched
20211120_151642_192.wav,Raw_recordings_Day1_pt4,242.113123,243.104187,0.991064,MW,ORD,matched
20211120_151642_192.wav,Raw_recordings_Day1_pt4,242.511345,242.807766,0.296421,W,ORD,matched
20211120_151642_192.wav,Raw_recordings_Day1_pt4,242.93352,243.017357,0.083837,W,ORD,matched
20211120_151642_192.wav,Raw_recordings_Day1_pt4,243.244912,243.496421,0.251509,FB,ORD,matched
20211120_151642_192.wav,Raw_recordings_Day1_pt4,243.643135,243.816795,0.17366,FB,ORD,matched
20211120_151642_192.wav,Raw_recordings_Day1_pt4,252.957942,254.260398,1.302456,ECT,ORD,matched
20211120_151642_192.wav,Raw_recordings_Day1_pt4,264.093193,264.58124,0.488047,W,ORD,matched
20211120_151642_192.wav,Raw_recordings_Day1_pt4,266.659181,267.081357,0.422176,W,ORD,matched
20211120_151642_192.wav,Raw_recordings_Day1_pt4,269.812023,270.60248,0.790457,MW,ORD,matched
20211120_151642_192.wav,Raw_recordings_Day1_pt4,269.868912,270.162339,0.293427,W,ORD,matched
20211120_151642_192.wav,Raw_recordings_Day1_pt4,270.994713,271.892959,0.898246,MW,ORD,matched
20211120_151642_192.wav,Raw_recordings_Day1_pt4,271.027649,271.309099,0.28145,W,ORD,matched
20211120_151642_192.wav,Raw_recordings_Day1_pt4,271.455813,271.851041,0.395228,W,ORD,matched
20211120_151642_192.wav,Raw_recordings_Day1_pt4,273.815205,274.27331,0.458105,W,ORD,matched
20211120_152143_192.wav,Raw_recordings_Day1_pt4,0.028976,1.208285,1.179309,W,PLAY,matched
20211120_152143_192.wav,Raw_recordings_Day1_pt4,1.153231,1.877623,0.724392,BPS,PLAY,matched
20211120_152143_192.wav,Raw_recordings_Day1_pt4,6.21528,7.327946,1.112666,FB,PLAY,matched
20211120_152143_192.wav,Raw_recordings_Day1_pt4,7.327946,7.603214,0.275268,FB,PLAY,matched
20211120_152143_192.wav,Raw_recordings_Day1_pt4,10.439932,11.149836,0.709904,FB,PLAY,matched
20211120_152143_192.wav,Raw_recordings_Day1_pt4,19.697657,20.358302,0.660645,FB,PLAY,matched
20211120_152143_192.wav,Raw_recordings_Day1_pt4,20.442332,20.992869,0.550537,FB,PLAY,matched
20211120_152143_192.wav,Raw_recordings_Day1_pt4,26.35047,26.637329,0.286859,W,PLAY,matched
20211120_152143_192.wav,Raw_recordings_Day1_pt4,28.891636,30.17236,1.280724,BPS,PLAY,matched
20211120_152143_192.wav,Raw_recordings_Day1_pt4,41.449689,42.295778,0.846089,BPS,PLAY,matched
20211120_152143_192.wav,Raw_recordings_Day1_pt4,46.39004,46.856548,0.466508,W,PLAY,matched
20211120_152143_192.wav,Raw_recordings_Day1_pt4,52.744403,54.572767,1.828364,ECT,PLAY,matched
20211120_152143_192.wav,Raw_recordings_Day1_pt4,56.73725,57.018314,0.281064,W,PLAY,matched
20211120_152143_192.wav,Raw_recordings_Day1_pt4,61.86884,62.97571,1.10687,W,PLAY,matched
20211120_152143_192.wav,Raw_recordings_Day1_pt4,72.045093,73.467799,1.422706,ECT,PLAY,matched
20211120_152143_192.wav,Raw_recordings_Day1_pt4,75.174465,77.089757,1.915292,ECT,PLAY,matched
20211120_152143_192.wav,Raw_recordings_Day1_pt4,89.479751,91.673209,2.193458,ECT,PLAY,matched
20211120_152143_192.wav,Raw_recordings_Day1_pt4,93.742071,95.161879,1.419808,ECT,PLAY,matched
20211120_152143_192.wav,Raw_recordings_Day1_pt4,95.944222,97.349542,1.40532,ECT,PLAY,matched
20211120_152143_192.wav,Raw_recordings_Day1_pt4,102.599932,103.38807,0.788138,MW,PLAY,matched
20211120_152143_192.wav,Raw_recordings_Day1_pt4,102.61442,103.089621,0.475201,W,PLAY,matched
20211120_152143_192.wav,Raw_recordings_Day1_pt4,103.185241,103.367787,0.182546,W,PLAY,matched
20211120_152143_192.wav,Raw_recordings_Day1_pt4,120.480815,121.242875,0.76206,W,PLAY,matched
20211120_152143_192.wav,Raw_recordings_Day1_pt4,181.468795,181.804912,0.336117,W,PLAY,matched
20211120_152143_192.wav,Raw_recordings_Day1_pt4,183.175461,183.317442,0.141981,W,PLAY,matched
20211120_152143_192.wav,Raw_recordings_Day1_pt4,185.812247,186.110696,0.298449,FB,PLAY,matched
20211120_152143_192.wav,Raw_recordings_Day1_pt4,211.142773,211.86137,0.718597,W,PLAY,matched
20211120_152643_192.wav,Raw_recordings_Day1_pt5,28.385334,30.595211,2.209877,NOISE,PLAY,matched
20211120_152643_192.wav,Raw_recordings_Day1_pt5,35.664021,37.518464,1.854443,NOISE,PLAY,matched
20211120_152643_192.wav,Raw_recordings_Day1_pt5,44.917689,47.300648,2.382959,NOISE,PLAY,matched
20211120_152643_192.wav,Raw_recordings_Day1_pt5,105.823765,106.741714,0.917949,BPS,PLAY,matched
20211120_152643_192.wav,Raw_recordings_Day1_pt5,106.794256,107.573122,0.778866,BPS,PLAY,matched
20211120_152643_192.wav,Raw_recordings_Day1_pt5,113.822593,115.012527,1.189934,FB,PLAY,matched
20211120_152643_192.wav,Raw_recordings_Day1_pt5,118.644144,118.777046,0.132902,W,PLAY,matched
20211120_152643_192.wav,Raw_recordings_Day1_pt5,120.328596,120.838568,0.509972,FB,PLAY,matched
20211120_152643_192.wav,Raw_recordings_Day1_pt5,120.894201,121.126006,0.231805,W,PLAY,matched
20211120_152643_192.wav,Raw_recordings_Day1_pt5,121.537075,122.73319,1.196115,BPS,PLAY,matched
20211120_152643_192.wav,Raw_recordings_Day1_pt5,121.796696,122.068681,0.271985,W,PLAY,matched
20211120_152643_192.wav,Raw_recordings_Day1_pt5,122.448842,122.717736,0.268894,W,PLAY,matched
20211120_152643_192.wav,Raw_recordings_Day1_pt5,123.051536,124.056026,1.00449,BPS,PLAY,matched
20211120_152643_192.wav,Raw_recordings_Day1_pt5,123.168984,124.729806,1.560822,MW,PLAY,matched
20211120_152643_192.wav,Raw_recordings_Day1_pt5,123.168984,123.490421,0.321437,W,PLAY,matched
20211120_152643_192.wav,Raw_recordings_Day1_pt5,123.731498,124.040572,0.309074,W,PLAY,matched
20211120_152643_192.wav,Raw_recordings_Day1_pt5,124.414551,124.671082,0.256531,W,PLAY,matched
20211120_152643_192.wav,Raw_recordings_Day1_pt5,127.842179,128.104892,0.262713,W,PLAY,matched
20211120_152643_192.wav,Raw_recordings_Day1_pt5,137.519279,138.526859,1.00758,BPS,PLAY,matched
20211120_152643_192.wav,Raw_recordings_Day1_pt5,142.878618,143.419497,0.540879,FB,PLAY,matched
20211120_152643_192.wav,Raw_recordings_Day1_pt5,147.310735,148.621208,1.310473,FB,PLAY,matched
20211120_152643_192.wav,Raw_recordings_Day1_pt5,153.458212,154.017636,0.559424,FB,PLAY,matched
20211120_152643_192.wav,Raw_recordings_Day1_pt5,159.791134,160.27638,0.485246,FB,PLAY,matched
20211120_152643_192.wav,Raw_recordings_Day1_pt5,161.172693,162.115368,0.942675,BPS,PLAY,matched
20211120_152643_192.wav,Raw_recordings_Day1_pt5,162.937505,163.873998,0.936493,BPS,PLAY,matched
20211120_152643_192.wav,Raw_recordings_Day1_pt5,164.059442,165.048478,0.989036,BPS,PLAY,matched
20211120_152643_192.wav,Raw_recordings_Day1_pt5,165.360643,166.250775,0.890132,BPS,PLAY,matched
20211120_152643_192.wav,Raw_recordings_Day1_pt5,168.052675,169.950388,1.897713,MW,PLAY,matched
20211120_152643_192.wav,Raw_recordings_Day1_pt5,168.052675,168.312297,0.259622,W,PLAY,matched
20211120_152643_192.wav,Raw_recordings_Day1_pt5,168.791362,169.066437,0.275075,W,PLAY,matched
20211120_152643_192.wav,Raw_recordings_Day1_pt5,169.400237,169.653677,0.25344,W,PLAY,matched
20211120_152643_192.wav,Raw_recordings_Day1_pt5,171.403035,171.616296,0.213261,W,PLAY,matched
20211120_152643_192.wav,Raw_recordings_Day1_pt5,174.283602,174.69467,0.411068,BPS,PLAY,matched
20211120_152643_192.wav,Raw_recordings_Day1_pt5,174.747213,175.27882,0.531607,FB,PLAY,matched
20211120_152643_192.wav,Raw_recordings_Day1_pt5,176.555294,176.848915,0.293621,W,PLAY,matched
20211120_152643_192.wav,Raw_recordings_Day1_pt5,176.58002,178.063574,1.483554,MW,PLAY,matched
20211120_152643_192.wav,Raw_recordings_Day1_pt5,177.099264,177.399066,0.299802,W,PLAY,matched
20211120_152643_192.wav,Raw_recordings_Day1_pt5,177.732865,178.032667,0.299802,W,PLAY,matched
20211120_152643_192.wav,Raw_recordings_Day1_pt5,178.437554,180.68452,2.246966,MW,PLAY,matched
20211120_152643_192.wav,Raw_recordings_Day1_pt5,178.499368,178.894983,0.395615,W,PLAY,matched
20211120_152643_192.wav,Raw_recordings_Day1_pt5,179.098972,179.401864,0.302892,W,PLAY,matched
20211120_152643_192.wav,Raw_recordings_Day1_pt5,179.689302,179.952015,0.262713,W,PLAY,matched
20211120_152643_192.wav,Raw_recordings_Day1_pt5,180.313631,180.554709,0.241078,W,PLAY,matched
20211120_152643_192.wav,Raw_recordings_Day1_pt5,182.406061,183.101477,0.695416,W,PLAY,matched
20211120_152643_192.wav,Raw_recordings_Day1_pt5,182.424605,188.510267,6.085662,MW,PLAY,matched
20211120_152643_192.wav,Raw_recordings_Day1_pt5,183.181836,183.799983,0.618147,W,PLAY,matched
20211120_152643_192.wav,Raw_recordings_Day1_pt5,183.824709,184.671571,0.846862,W,PLAY,matched
20211120_152643_192.wav,Raw_recordings_Day1_pt5,184.891014,185.530796,0.639782,W,PLAY,matched
20211120_152643_192.wav,Raw_recordings_Day1_pt5,185.580248,186.13349,0.553242,W,PLAY,matched
20211120_152643_192.wav,Raw_recordings_Day1_pt5,185.759511,186.80109,1.041579,BPS,PLAY,matched
20211120_152643_192.wav,Raw_recordings_Day1_pt5,186.170579,186.764001,0.593422,W,PLAY,matched
20211120_152643_192.wav,Raw_recordings_Day1_pt5,186.819634,187.771581,0.951947,W,PLAY,matched
20211120_152643_192.wav,Raw_recordings_Day1_pt5,187.910664,188.161014,0.25035,W,PLAY,matched
20211120_152643_192.wav,Raw_recordings_Day1_pt5,188.340277,188.998604,0.658327,W,PLAY,matched
20211120_152643_192.wav,Raw_recordings_Day1_pt5,189.044965,189.378765,0.3338,W,PLAY,matched
20211120_152643_192.wav,Raw_recordings_Day1_pt5,189.48385,196.339106,6.855256,MW,PLAY,matched
20211120_152643_192.wav,Raw_recordings_Day1_pt5,189.517848,189.77747,0.259622,FB,PLAY,matched
20211120_152643_192.wav,Raw_recordings_Day1_pt5,189.65075,190.333803,0.683053,W,PLAY,matched
20211120_152643_192.wav,Raw_recordings_Day1_pt5,190.420343,190.890135,0.469792,W,PLAY,matched
20211120_152643_192.wav,Raw_recordings_Day1_pt5,190.905589,191.387744,0.482155,W,PLAY,matched
20211120_152643_192.wav,Raw_recordings_Day1_pt5,191.424833,191.950258,0.525425,W,PLAY,matched
20211120_152643_192.wav,Raw_recordings_Day1_pt5,191.974984,192.410778,0.435794,W,PLAY,matched
20211120_152643_192.wav,Raw_recordings_Day1_pt5,192.410778,192.982565,0.571787,W,PLAY,matched
20211120_152643_192.wav,Raw_recordings_Day1_pt5,193.1711,193.829427,0.658327,W,PLAY,matched
20211120_152643_192.wav,Raw_recordings_Day1_pt5,193.854153,194.373397,0.519244,W,PLAY,matched
20211120_152643_192.wav,Raw_recordings_Day1_pt5,193.96851,195.334616,1.366106,BPS,PLAY,matched
20211120_152643_192.wav,Raw_recordings_Day1_pt5,194.38576,194.951365,0.565605,W,PLAY,matched
20211120_152643_192.wav,Raw_recordings_Day1_pt5,194.951365,195.557149,0.605784,W,PLAY,matched
20211120_152643_192.wav,Raw_recordings_Day1_pt5,195.557149,196.030032,0.472883,W,PLAY,matched
20211120_152643_192.wav,Raw_recordings_Day1_pt5,196.030032,196.308198,0.278166,W,PLAY,matched
20211120_152643_192.wav,Raw_recordings_Day1_pt5,197.473407,198.082282,0.608875,W,PLAY,matched
20211120_152643_192.wav,Raw_recordings_Day1_pt5,197.507405,200.956668,3.449263,MW,PLAY,matched
20211120_152643_192.wav,Raw_recordings_Day1_pt5,198.103917,198.675703,0.571786,W,PLAY,matched
20211120_152643_192.wav,Raw_recordings_Day1_pt5,198.694248,199.256762,0.562514,W,PLAY,matched
20211120_152643_192.wav,Raw_recordings_Day1_pt5,199.312395,199.825458,0.513063,W,PLAY,matched
20211120_152643_192.wav,Raw_recordings_Day1_pt5,199.881091,200.369428,0.488337,W,PLAY,matched
20211120_152643_192.wav,Raw_recordings_Day1_pt5,200.384881,200.92576,0.540879,W,PLAY,matched
20211120_152643_192.wav,Raw_recordings_Day1_pt5,201.228653,202.440222,1.211569,MW,PLAY,matched
20211120_152643_192.wav,Raw_recordings_Day1_pt5,201.228653,201.825165,0.596512,W,PLAY,matched
20211120_152643_192.wav,Raw_recordings_Day1_pt5,201.8468,202.440222,0.593422,W,PLAY,matched
20211120_152643_192.wav,Raw_recordings_Day1_pt5,203.596158,206.384003,2.787845,MW,PLAY,matched
20211120_152643_192.wav,Raw_recordings_Day1_pt5,203.614702,204.217396,0.602694,W,PLAY,matched
20211120_152643_192.wav,Raw_recordings_Day1_pt5,204.260666,204.801545,0.540879,W,PLAY,matched
20211120_152643_192.wav,Raw_recordings_Day1_pt5,204.439929,206.544721,2.104792,BPS,PLAY,matched
20211120_152643_192.wav,Raw_recordings_Day1_pt5,204.854088,205.289882,0.435794,W,PLAY,matched
20211120_152643_192.wav,Raw_recordings_Day1_pt5,205.360969,205.852396,0.491427,W,PLAY,matched
20211120_152643_192.wav,Raw_recordings_Day1_pt5,205.883304,206.368549,0.485245,W,PLAY,matched
20211120_152643_192.wav,Raw_recordings_Day1_pt5,206.693077,207.283408,0.590331,W,PLAY,matched
20211120_152643_192.wav,Raw_recordings_Day1_pt5,207.246319,208.306442,1.060123,BPS,PLAY,matched
20211120_152643_192.wav,Raw_recordings_Day1_pt5,210.717217,212.009145,1.291928,FB,PLAY,matched
20211120_152643_192.wav,Raw_recordings_Day1_pt5,212.009145,212.57475,0.565605,W,PLAY,matched
20211120_152643_192.wav,Raw_recordings_Day1_pt5,212.73856,213.056905,0.318345,FB,PLAY,matched
20211120_152643_192.wav,Raw_recordings_Day1_pt5,213.199079,213.749231,0.550152,W,PLAY,matched
20211120_152643_192.wav,Raw_recordings_Day1_pt5,213.322709,214.073758,0.751049,ECT,PLAY,matched
20211120_152643_192.wav,Raw_recordings_Day1_pt5,214.243749,215.229694,0.985945,FB,PLAY,matched
20211120_152643_192.wav,Raw_recordings_Day1_pt5,219.009666,219.581453,0.571787,FB,PLAY,matched
20211120_152643_192.wav,Raw_recordings_Day1_pt5,226.282172,226.999223,0.717051,FB,PLAY,matched
20211120_152643_192.wav,Raw_recordings_Day1_pt5,228.995839,229.654166,0.658327,FB,PLAY,matched
20211120_152643_192.wav,Raw_recordings_Day1_pt5,230.578297,231.320074,0.741777,BPS,PLAY,matched
20211120_152643_192.wav,Raw_recordings_Day1_pt5,231.922768,232.995254,1.072486,BPS,PLAY,matched
20211120_152643_192.wav,Raw_recordings_Day1_pt5,235.752192,237.313014,1.560822,BPS,PLAY,matched
20211120_152643_192.wav,Raw_recordings_Day1_pt5,238.036247,239.365264,1.329017,BPS,PLAY,matched
20211120_152643_192.wav,Raw_recordings_Day1_pt5,239.34981,240.456294,1.106484,FB,PLAY,matched
20211120_152643_192.wav,Raw_recordings_Day1_pt5,242.873251,244.019915,1.146664,BPS,PLAY,matched
20211120_152643_192.wav,Raw_recordings_Day1_pt5,244.149726,245.080038,0.930312,FB,PLAY,matched
20211120_152643_192.wav,Raw_recordings_Day1_pt5,245.457108,246.532684,1.075576,FB,PLAY,matched
20211120_152643_192.wav,Raw_recordings_Day1_pt5,248.563299,249.539972,0.976673,FB,PLAY,matched
20211120_152643_192.wav,Raw_recordings_Day1_pt5,249.632694,250.334292,0.701598,FB,PLAY,matched
20211120_152643_192.wav,Raw_recordings_Day1_pt5,252.414358,253.208678,0.79432,FB,PLAY,matched
20211120_152643_192.wav,Raw_recordings_Day1_pt5,253.700105,254.784954,1.084849,FB,PLAY,matched
20211120_152643_192.wav,Raw_recordings_Day1_pt5,256.914472,257.903508,0.989036,FB,PLAY,matched
20211120_152643_192.wav,Raw_recordings_Day1_pt5,269.249606,270.093377,0.843771,FB,PLAY,matched
20211120_152643_192.wav,Raw_recordings_Day1_pt5,274.50386,275.641251,1.137391,BPS,PLAY,matched
20211120_152643_192.wav,Raw_recordings_Day1_pt5,275.740155,277.137168,1.397013,BPS,PLAY,matched
20211120_152643_192.wav,Raw_recordings_Day1_pt5,284.851649,285.383256,0.531607,FB,PLAY,matched
20211120_152643_192.wav,Raw_recordings_Day1_pt5,285.65215,285.958133,0.305983,W,PLAY,matched
20211120_152643_192.wav,Raw_recordings_Day1_pt5,293.833333,294.7451,0.911767,FB,PLAY,matched
20211120_153144_192.wav,Raw_recordings_Day1_pt5,3.861997,4.257295,0.395298,FB,PLAY,matched
20211120_153144_192.wav,Raw_recordings_Day1_pt5,6.403197,7.529482,1.126285,FB,PLAY,matched
20211120_153144_192.wav,Raw_recordings_Day1_pt5,17.609577,18.280956,0.671379,FB,PLAY,matched
20211120_153144_192.wav,Raw_recordings_Day1_pt5,18.265269,18.839392,0.574123,FB,PLAY,matched
20211120_153144_192.wav,Raw_recordings_Day1_pt5,22.713939,24.135128,1.421189,BPS,PLAY,matched
20211120_153144_192.wav,Raw_recordings_Day1_pt5,24.232384,25.71632,1.483936,BPS,PLAY,matched
20211120_153144_192.wav,Raw_recordings_Day1_pt5,26.155539,26.641819,0.48628,FB,PLAY,matched
20211120_153144_192.wav,Raw_recordings_Day1_pt5,26.811232,27.52967,0.718438,FB,PLAY,matched
20211120_153144_192.wav,Raw_recordings_Day1_pt5,27.997125,28.815957,0.818832,BPS,PLAY,matched
20211120_153144_192.wav,Raw_recordings_Day1_pt5,28.856741,29.245764,0.389023,FB,PLAY,matched
20211120_153144_192.wav,Raw_recordings_Day1_pt5,39.372918,40.68744,1.314522,ECT,PLAY,matched
20211120_153144_192.wav,Raw_recordings_Day1_pt5,39.423115,40.787834,1.364719,W,PLAY,matched
20211120_153144_192.wav,Raw_recordings_Day1_pt5,44.15414,45.126698,0.972558,BPS,PLAY,matched
20211120_153144_192.wav,Raw_recordings_Day1_pt5,50.027136,50.246746,0.21961,FB,PLAY,matched
20211120_153144_192.wav,Raw_recordings_Day1_pt5,52.907163,53.653837,0.746674,FB,PLAY,matched
20211120_153144_192.wav,Raw_recordings_Day1_pt5,55.429539,56.524452,1.094913,BPS,PLAY,matched
20211120_153144_192.wav,Raw_recordings_Day1_pt5,68.022599,68.326915,0.304316,FB,PLAY,matched
20211120_153144_192.wav,Raw_recordings_Day1_pt5,71.630476,72.540288,0.909812,FB,PLAY,matched
20211120_153144_192.wav,Raw_recordings_Day1_pt5,73.654024,74.962272,1.308248,PbS,PLAY,matched
20211120_153144_192.wav,Raw_recordings_Day1_pt5,77.217979,78.162302,0.944323,BPS,PLAY,matched
20211120_153144_192.wav,Raw_recordings_Day1_pt5,88.302005,89.214954,0.912949,FB,PLAY,matched
20211120_153144_192.wav,Raw_recordings_Day1_pt5,89.90202,90.711439,0.809419,ECT,PLAY,matched
20211120_153144_192.wav,Raw_recordings_Day1_pt5,90.818107,91.593016,0.774909,FB,PLAY,matched
20211120_153144_192.wav,Raw_recordings_Day1_pt5,93.318522,94.008725,0.690203,FB,PLAY,matched
20211120_153144_192.wav,Raw_recordings_Day1_pt5,95.690309,97.230716,1.540407,BPS,PLAY,matched
20211120_153144_192.wav,Raw_recordings_Day1_pt5,100.098194,101.083301,0.985107,FB,PLAY,matched
20211120_153144_192.wav,Raw_recordings_Day1_pt5,101.083301,102.018212,0.934911,FB,PLAY,matched
20211120_153144_192.wav,Raw_recordings_Day1_pt5,101.952329,102.827631,0.875302,FB,PLAY,matched
20211120_153144_192.wav,Raw_recordings_Day1_pt5,103.24489,103.690384,0.445494,W,PLAY,matched
20211120_153144_192.wav,Raw_recordings_Day1_pt5,103.78764,104.101369,0.313729,FB,PLAY,matched
20211120_153144_192.wav,Raw_recordings_Day1_pt5,108.261408,109.246515,0.985107,BPS,PLAY,matched
20211120_153144_192.wav,Raw_recordings_Day1_pt5,112.40576,113.808126,1.402366,BPS,PLAY,matched
20211120_153144_192.wav,Raw_recordings_Day1_pt5,119.072489,119.90387,0.831381,BPS,PLAY,matched
20211120_153144_192.wav,Raw_recordings_Day1_pt5,128.368263,129.212192,0.843929,FB,PLAY,matched
20211120_153144_192.wav,Raw_recordings_Day1_pt5,132.029474,132.798108,0.768634,FB,PLAY,matched
20211120_153144_192.wav,Raw_recordings_Day1_pt5,143.97939,145.664111,1.684721,ECT,PLAY,matched
20211120_153144_192.wav,Raw_recordings_Day1_pt5,149.632776,151.49946,1.866684,ECT,PLAY,matched
20211120_153144_192.wav,Raw_recordings_Day1_pt5,152.92065,154.859492,1.938842,ECT,PLAY,matched
20211120_153144_192.wav,Raw_recordings_Day1_pt5,158.809333,159.38973,0.580397,FB,PLAY,matched
20211120_153144_192.wav,Raw_recordings_Day1_pt5,162.009363,163.088588,1.079225,ECT,PLAY,matched
20211120_153144_192.wav,Raw_recordings_Day1_pt5,165.237628,165.909007,0.671379,FB,PLAY,matched
20211120_153144_192.wav,Raw_recordings_Day1_pt5,170.138066,170.291793,0.153727,W,PLAY,matched
20211120_153144_192.wav,Raw_recordings_Day1_pt5,172.591423,173.413391,0.821968,ECT,PLAY,matched
20211120_153144_192.wav,Raw_recordings_Day1_pt5,183.095051,183.637801,0.54275,FB,PLAY,matched
20211120_153144_192.wav,Raw_recordings_Day1_pt5,184.732713,185.501348,0.768635,W,PLAY,matched
20211120_153144_192.wav,Raw_recordings_Day1_pt5,193.052791,194.185351,1.13256,W,PLAY,matched
20211120_153144_192.wav,Raw_recordings_Day1_pt5,196.284194,198.66853,2.384336,ECT,PLAY,matched
20211120_153144_192.wav,Raw_recordings_Day1_pt5,199.029318,200.095994,1.066676,FB,PLAY,matched
20211120_153144_192.wav,Raw_recordings_Day1_pt5,204.475643,205.190944,0.715301,W,PLAY,matched
20211120_153144_192.wav,Raw_recordings_Day1_pt5,207.559594,207.876459,0.316865,W,PLAY,matched
20211120_153144_192.wav,Raw_recordings_Day1_pt5,212.460032,213.611415,1.151383,FB,PLAY,matched
20211120_153144_192.wav,Raw_recordings_Day1_pt5,217.25694,218.549501,1.292561,BPS,PLAY,matched
20211120_153144_192.wav,Raw_recordings_Day1_pt5,229.131561,230.712752,1.581191,FB,PLAY,matched
20211120_153144_192.wav,Raw_recordings_Day1_pt5,233.850036,234.436709,0.586673,W,PLAY,matched
20211120_153144_192.wav,Raw_recordings_Day1_pt5,235.264952,236.042998,0.778046,FB,PLAY,matched
20211120_153144_192.wav,Raw_recordings_Day1_pt5,236.764574,237.081439,0.316865,W,PLAY,matched
20211120_153144_192.wav,Raw_recordings_Day1_pt5,238.52459,239.522246,0.997656,FB,PLAY,matched
20211120_153144_192.wav,Raw_recordings_Day1_pt5,240.81167,241.125399,0.313729,W,PLAY,matched
20211120_153144_192.wav,Raw_recordings_Day1_pt5,249.774892,251.371769,1.596877,BPS,PLAY,matched
20211120_153144_192.wav,Raw_recordings_Day1_pt5,252.827469,253.06904,0.241571,W,PLAY,matched
20211120_153144_192.wav,Raw_recordings_Day1_pt5,253.432965,253.65885,0.225885,W,PLAY,matched
20211120_153144_192.wav,Raw_recordings_Day1_pt5,254.088658,254.30513,0.216472,W,PLAY,matched
20211120_153144_192.wav,Raw_recordings_Day1_pt5,254.565525,254.832194,0.266669,W,PLAY,matched
20211120_153144_192.wav,Raw_recordings_Day1_pt5,261.759318,263.048742,1.289424,FB,PLAY,matched
20211120_153144_192.wav,Raw_recordings_Day1_pt5,263.610316,264.262871,0.652555,FB,PLAY,matched
20211120_153144_192.wav,Raw_recordings_Day1_pt5,279.990077,280.514004,0.523927,W,PLAY,matched
20211120_153144_192.wav,Raw_recordings_Day1_pt5,280.674005,281.910095,1.23609,W,PLAY,matched
20211120_153144_192.wav,Raw_recordings_Day1_pt5,283.500698,284.981496,1.480798,FB,PLAY,matched
20211120_153644_192.wav,Raw_recordings_Day1_pt5,1.796491,2.312258,0.515767,W,PLAY,matched
20211120_153644_192.wav,Raw_recordings_Day1_pt5,2.752688,3.372767,0.620079,FB,PLAY,matched
20211120_153644_192.wav,Raw_recordings_Day1_pt5,3.062728,3.352484,0.289756,W,PLAY,matched
20211120_153644_192.wav,Raw_recordings_Day1_pt5,33.750855,34.084075,0.33322,W,PLAY,matched
20211120_153644_192.wav,Raw_recordings_Day1_pt5,48.59219,49.403509,0.811319,FB,PLAY,matched
20211120_153644_192.wav,Raw_recordings_Day1_pt5,110.498698,110.956514,0.457816,W,PLAY,matched
20211120_153644_192.wav,Raw_recordings_Day1_pt5,111.883735,112.141619,0.257884,W,PLAY,matched
20211120_153644_192.wav,Raw_recordings_Day1_pt5,112.897883,113.18764,0.289757,W,PLAY,matched
20211120_153644_192.wav,Raw_recordings_Day1_pt5,126.310719,127.017725,0.707006,FB,PLAY,matched
20211120_153644_192.wav,Raw_recordings_Day1_pt5,157.50592,159.056118,1.550198,ECT,PLAY,matched
20211120_153644_192.wav,Raw_recordings_Day1_pt5,180.243124,181.39056,1.147436,W,PLAY,matched
20211120_153644_192.wav,Raw_recordings_Day1_pt5,193.140192,193.441539,0.301347,W,PLAY,matched
20211120_153644_192.wav,Raw_recordings_Day1_pt5,194.052926,194.380351,0.327425,W,PLAY,matched
20211120_153644_192.wav,Raw_recordings_Day1_pt5,194.846859,195.136616,0.289757,W,PLAY,matched
20211120_153644_192.wav,Raw_recordings_Day1_pt5,197.338766,197.59665,0.257884,W,PLAY,matched
20211120_153644_192.wav,Raw_recordings_Day1_pt5,215.205161,215.825241,0.62008,FB,PLAY,matched
20211120_153644_192.wav,Raw_recordings_Day1_pt5,218.670651,219.9224,1.251749,BPS,PLAY,matched
20211120_153644_192.wav,Raw_recordings_Day1_pt5,225.314771,226.004392,0.689621,W,PLAY,matched
20211120_153644_192.wav,Raw_recordings_Day1_pt5,228.88747,229.75674,0.86927,FB,PLAY,matched
20211120_153644_192.wav,Raw_recordings_Day1_pt5,270.105354,270.696457,0.591103,FB,PLAY,matched
20211120_153644_192.wav,Raw_recordings_Day1_pt5,273.822932,275.848331,2.025399,BPS,PLAY,matched
20211120_153644_192.wav,Raw_recordings_Day1_pt5,277.89691,278.288081,0.391171,W,PLAY,matched
20211120_154145_192.wav,Raw_recordings_Day1_pt5,5.624949,6.997237,1.372288,W,PLAY,matched
20211120_154145_192.wav,Raw_recordings_Day1_pt5,9.470213,14.623439,5.153226,MW,PLAY,matched
20211120_154145_192.wav,Raw_recordings_Day1_pt5,9.470213,9.698928,0.228715,W,PLAY,matched
20211120_154145_192.wav,Raw_recordings_Day1_pt5,9.945511,10.306451,0.36094,W,PLAY,matched
20211120_154145_192.wav,Raw_recordings_Day1_pt5,10.520871,10.860369,0.339498,W,PLAY,matched
20211120_154145_192.wav,Raw_recordings_Day1_pt5,11.0462,11.389271,0.343071,W,PLAY,matched
20211120_154145_192.wav,Raw_recordings_Day1_pt5,11.907453,12.250525,0.343072,W,PLAY,matched
20211120_154145_192.wav,Raw_recordings_Day1_pt5,12.586449,12.850901,0.264452,W,PLAY,matched
20211120_154145_192.wav,Raw_recordings_Day1_pt5,13.190399,13.411966,0.221567,W,PLAY,matched
20211120_154145_192.wav,Raw_recordings_Day1_pt5,13.526323,13.772906,0.246583,W,PLAY,matched
20211120_154145_192.wav,Raw_recordings_Day1_pt5,14.266072,14.587702,0.32163,W,PLAY,matched
20211120_154145_192.wav,Raw_recordings_Day1_pt5,19.533655,26.523744,6.990089,MW,PLAY,matched
20211120_154145_192.wav,Raw_recordings_Day1_pt5,19.565818,19.866006,0.300188,W,PLAY,matched
20211120_154145_192.wav,Raw_recordings_Day1_pt5,20.259109,20.530707,0.271598,W,PLAY,matched
20211120_154145_192.wav,Raw_recordings_Day1_pt5,20.898795,21.227572,0.328777,W,PLAY,matched
20211120_154145_192.wav,Raw_recordings_Day1_pt5,21.467008,21.78149,0.314482,W,PLAY,matched
20211120_154145_192.wav,Raw_recordings_Day1_pt5,22.081678,22.27823,0.196552,W,PLAY,matched
20211120_154145_192.wav,Raw_recordings_Day1_pt5,22.860737,23.150204,0.289467,W,PLAY,matched
20211120_154145_192.wav,Raw_recordings_Day1_pt5,28.346314,31.71628,3.369966,MW,PLAY,matched
20211120_154145_192.wav,Raw_recordings_Day1_pt5,29.211141,29.800795,0.589654,W,PLAY,matched
20211120_154145_192.wav,Raw_recordings_Day1_pt5,29.904432,30.490513,0.586081,W,PLAY,matched
20211120_154145_192.wav,Raw_recordings_Day1_pt5,30.544118,31.026563,0.482445,W,PLAY,matched
20211120_154145_192.wav,Raw_recordings_Day1_pt5,32.749069,34.753895,2.004826,MW,PLAY,matched
20211120_154145_192.wav,Raw_recordings_Day1_pt5,33.428066,34.060604,0.632538,W,PLAY,matched
20211120_154145_192.wav,Raw_recordings_Day1_pt5,34.096341,34.753895,0.657554,W,PLAY,matched
20211120_154145_192.wav,Raw_recordings_Day1_pt5,35.66518,37.644991,1.979811,MW,PLAY,matched
20211120_154145_192.wav,Raw_recordings_Day1_pt5,36.322735,36.937405,0.61467,W,PLAY,matched
20211120_154145_192.wav,Raw_recordings_Day1_pt5,36.983863,37.691448,0.707585,W,PLAY,matched
20211120_154145_192.wav,Raw_recordings_Day1_pt5,63.829237,64.468923,0.639686,W,PLAY,matched
20211120_154145_192.wav,Raw_recordings_Day1_pt5,63.886415,65.569612,1.683197,MW,PLAY,matched
20211120_154145_192.wav,Raw_recordings_Day1_pt5,64.522528,65.008546,0.486018,W,PLAY,matched
20211120_154145_192.wav,Raw_recordings_Day1_pt5,65.058578,65.583906,0.525328,W,PLAY,matched
20211120_154145_192.wav,Raw_recordings_Day1_pt5,66.01632,69.121835,3.105515,MW,PLAY,matched
20211120_154145_192.wav,Raw_recordings_Day1_pt5,66.037762,66.720332,0.68257,W,PLAY,matched
20211120_154145_192.wav,Raw_recordings_Day1_pt5,66.720332,67.281397,0.561065,W,PLAY,matched
20211120_154145_192.wav,Raw_recordings_Day1_pt5,67.306413,67.871052,0.564639,W,PLAY,matched
20211120_154145_192.wav,Raw_recordings_Day1_pt5,67.910363,68.457133,0.54677,W,PLAY,matched
20211120_154145_192.wav,Raw_recordings_Day1_pt5,69.414876,72.062962,2.648086,MW,PLAY,matched
20211120_154145_192.wav,Raw_recordings_Day1_pt5,70.129609,70.722837,0.593228,W,PLAY,matched
20211120_154145_192.wav,Raw_recordings_Day1_pt5,70.765721,71.341081,0.57536,W,PLAY,matched
20211120_154145_192.wav,Raw_recordings_Day1_pt5,72.398886,73.067162,0.668276,W,PLAY,matched
20211120_154145_192.wav,Raw_recordings_Day1_pt5,72.456065,74.907599,2.451534,MW,PLAY,matched
20211120_154145_192.wav,Raw_recordings_Day1_pt5,73.092177,73.642522,0.550345,W,PLAY,matched
20211120_154145_192.wav,Raw_recordings_Day1_pt5,73.696127,74.239324,0.543197,W,PLAY,matched
20211120_154145_192.wav,Raw_recordings_Day1_pt5,74.300076,74.907599,0.607523,W,PLAY,matched
20211120_154145_192.wav,Raw_recordings_Day1_pt5,75.318571,76.669416,1.350845,MW,PLAY,matched
20211120_154145_192.wav,Raw_recordings_Day1_pt5,75.318571,75.968978,0.650407,W,PLAY,matched
20211120_154145_192.wav,Raw_recordings_Day1_pt5,76.011862,76.669416,0.657554,W,PLAY,matched
20211120_154145_192.wav,Raw_recordings_Day1_pt5,77.012488,79.624838,2.61235,MW,PLAY,matched
20211120_154145_192.wav,Raw_recordings_Day1_pt5,77.041078,77.723648,0.68257,W,PLAY,matched
20211120_154145_192.wav,Raw_recordings_Day1_pt5,77.737942,78.302581,0.564639,W,PLAY,matched
20211120_154145_192.wav,Raw_recordings_Day1_pt5,78.341892,78.931547,0.589655,W,PLAY,matched
20211120_154145_192.wav,Raw_recordings_Day1_pt5,78.970857,79.592675,0.621818,W,PLAY,matched
20211120_154145_192.wav,Raw_recordings_Day1_pt5,80.918504,81.526028,0.607524,W,PLAY,matched
20211120_154145_192.wav,Raw_recordings_Day1_pt5,80.954241,83.352171,2.39793,MW,PLAY,matched
20211120_154145_192.wav,Raw_recordings_Day1_pt5,81.54747,82.087093,0.539623,W,PLAY,matched
20211120_154145_192.wav,Raw_recordings_Day1_pt5,82.154993,82.741074,0.586081,W,PLAY,matched
20211120_154145_192.wav,Raw_recordings_Day1_pt5,82.769663,83.377186,0.607523,W,PLAY,matched
20211120_154145_192.wav,Raw_recordings_Day1_pt5,83.7417,84.417123,0.675423,W,PLAY,matched
20211120_154145_192.wav,Raw_recordings_Day1_pt5,83.759568,85.671479,1.911911,MW,PLAY,matched
20211120_154145_192.wav,Raw_recordings_Day1_pt5,84.438565,85.02822,0.589655,W,PLAY,matched
20211120_154145_192.wav,Raw_recordings_Day1_pt5,85.042514,85.742953,0.700439,W,PLAY,matched
20211120_154145_192.wav,Raw_recordings_Day1_pt5,86.118188,86.797184,0.678996,W,PLAY,matched
20211120_154145_192.wav,Raw_recordings_Day1_pt5,86.132482,90.081382,3.9489,MW,PLAY,matched
20211120_154145_192.wav,Raw_recordings_Day1_pt5,86.832921,87.426149,0.593228,W,PLAY,matched
20211120_154145_192.wav,Raw_recordings_Day1_pt5,87.465459,88.090851,0.625392,W,PLAY,matched
20211120_154145_192.wav,Raw_recordings_Day1_pt5,88.112293,88.737684,0.625391,W,PLAY,matched
20211120_154145_192.wav,Raw_recordings_Day1_pt5,88.791289,89.352355,0.561066,W,PLAY,matched
20211120_154145_192.wav,Raw_recordings_Day1_pt5,89.373797,89.999188,0.625391,W,PLAY,matched
20211120_154145_192.wav,Raw_recordings_Day1_pt5,91.932541,92.629406,0.696865,W,PLAY,matched
20211120_154145_192.wav,Raw_recordings_Day1_pt5,91.953983,93.336992,1.383009,MW,PLAY,matched
20211120_154145_192.wav,Raw_recordings_Day1_pt5,92.6437,93.336992,0.693292,W,PLAY,matched
20211120_154145_192.wav,Raw_recordings_Day1_pt5,93.848026,95.881441,2.033415,MW,PLAY,matched
20211120_154145_192.wav,Raw_recordings_Day1_pt5,93.880189,94.54489,0.664701,W,PLAY,matched
20211120_154145_192.wav,Raw_recordings_Day1_pt5,94.57348,95.234608,0.661128,W,PLAY,matched
20211120_154145_192.wav,Raw_recordings_Day1_pt5,95.25605,95.881441,0.625391,W,PLAY,matched
20211120_154145_192.wav,Raw_recordings_Day1_pt5,106.949083,107.6388,0.689717,W,PLAY,matched
20211120_154145_192.wav,Raw_recordings_Day1_pt5,107.742437,109.679363,1.936926,W,PLAY,matched
20211120_154145_192.wav,Raw_recordings_Day1_pt5,112.638358,113.324502,0.686144,W,PLAY,matched
20211120_154145_192.wav,Raw_recordings_Day1_pt5,151.884351,152.34178,0.457429,FB,PLAY,matched
20211120_154145_192.wav,Raw_recordings_Day1_pt5,152.152376,153.067234,0.914858,W,PLAY,matched
20211120_154145_192.wav,Raw_recordings_Day1_pt5,162.841209,163.473748,0.632539,W,PLAY,matched
20211120_154145_192.wav,Raw_recordings_Day1_pt5,193.492537,194.864824,1.372287,BPS,PLAY,matched
20211120_154145_192.wav,Raw_recordings_Day1_pt5,208.419737,209.34889,0.929153,FB,PLAY,matched
20211120_154646_192.wav,Raw_recordings_Day1_pt5,34.674889,35.267731,0.592842,W,PLAY,matched
20211120_154646_192.wav,Raw_recordings_Day1_pt5,105.47171,106.128299,0.656589,W,PLAY,matched
20211120_154646_192.wav,Raw_recordings_Day1_pt5,121.210712,121.720684,0.509972,W,PLAY,matched
20211120_154646_192.wav,Raw_recordings_Day1_pt5,176.156976,177.702827,1.545851,ECT,PLAY,matched
20211120_154646_192.wav,Raw_recordings_Day1_pt5,183.338015,184.173093,0.835078,FB,PLAY,matched
20211120_154646_192.wav,Raw_recordings_Day1_pt5,248.088484,248.764197,0.675713,W,PLAY,matched
20211120_154646_192.wav,Raw_recordings_Day1_pt5,263.027468,265.022732,1.995264,BPS,PLAY,matched
20211120_154646_192.wav,Raw_recordings_Day1_pt5,273.44364,275.107423,1.663783,BPS,PLAY,matched
20211120_154646_192.wav,Raw_recordings_Day1_pt5,287.244749,287.467862,0.223113,W,PLAY,matched
20211120_154646_192.wav,Raw_recordings_Day1_pt5,288.060704,289.813732,1.753028,MW,PLAY,matched
20211120_154646_192.wav,Raw_recordings_Day1_pt5,288.153136,288.369874,0.216738,W,PLAY,matched
20211120_154646_192.wav,Raw_recordings_Day1_pt5,288.85116,289.087022,0.235862,W,PLAY,matched
20211120_154646_192.wav,Raw_recordings_Day1_pt5,289.523685,289.775484,0.251799,W,PLAY,matched
20211120_155146_192.wav,Raw_recordings_Day1_pt5,18.43229,20.759036,2.326746,NOISE,PLAY,matched
20211120_155146_192.wav,Raw_recordings_Day1_pt5,34.611142,35.675708,1.064566,FB,PLAY,matched
20211120_155146_192.wav,Raw_recordings_Day1_pt5,42.340401,42.866309,0.525908,W,PLAY,matched
20211120_155146_192.wav,Raw_recordings_Day1_pt5,147.949166,148.981859,1.032693,FB,PLAY,matched
20211120_155146_192.wav,Raw_recordings_Day1_pt5,149.507767,150.785883,1.278116,FB,PLAY,matched
20211120_155146_192.wav,Raw_recordings_Day1_pt5,156.940604,158.754191,1.813587,ECT,PLAY,matched
20211120_155146_192.wav,Raw_recordings_Day1_pt5,186.436093,187.398664,0.962571,FB,PLAY,matched
20211120_155146_192.wav,Raw_recordings_Day1_pt5,187.777956,188.370798,0.592842,W,PLAY,matched
20211120_155146_192.wav,Raw_recordings_Day1_pt5,250.587346,250.896516,0.30917,W,PLAY,matched
20211120_155146_192.wav,Raw_recordings_Day1_pt5,251.779405,252.228817,0.449412,W,PLAY,matched
20211120_155647_192.wav,Raw_recordings_Day1_pt5,17.982877,21.249497,3.26662,MW,PLAY,matched
20211120_155647_192.wav,Raw_recordings_Day1_pt5,18.084678,18.411041,0.326363,W,PLAY,matched
20211120_155647_192.wav,Raw_recordings_Day1_pt5,18.479906,18.890105,0.410199,W,PLAY,matched
20211120_155647_192.wav,Raw_recordings_Day1_pt5,19.264374,19.566784,0.30241,W,PLAY,matched
20211120_155647_192.wav,Raw_recordings_Day1_pt5,19.620678,19.890152,0.269474,W,PLAY,matched
20211120_155647_192.wav,Raw_recordings_Day1_pt5,19.941053,20.231485,0.290432,W,PLAY,matched
20211120_155647_192.wav,Raw_recordings_Day1_pt5,20.282386,20.55186,0.269474,W,PLAY,matched
20211120_155647_192.wav,Raw_recordings_Day1_pt5,20.60276,20.875228,0.272468,W,PLAY,matched
20211120_155647_192.wav,Raw_recordings_Day1_pt5,43.666713,44.328421,0.661708,FB,PLAY,matched
20211120_155647_192.wav,Raw_recordings_Day1_pt5,54.66124,55.502596,0.841356,BPS,PLAY,matched
20211120_155647_192.wav,Raw_recordings_Day1_pt5,72.641123,73.895673,1.25455,ECT,PLAY,matched
20211120_155647_192.wav,Raw_recordings_Day1_pt5,181.610292,182.454643,0.844351,FB,PLAY,matched
20211120_155647_192.wav,Raw_recordings_Day1_pt5,195.922339,197.847579,1.92524,BPS,PLAY,matched
20211120_155647_192.wav,Raw_recordings_Day1_pt5,203.126269,204.395789,1.26952,FB,PLAY,matched
20211120_155647_192.wav,Raw_recordings_Day1_pt5,228.600515,229.720327,1.119812,ECT,PLAY,matched
20211120_155647_192.wav,Raw_recordings_Day1_pt5,259.060023,260.96131,1.901287,NOISE,PLAY,matched
20211120_155647_192.wav,Raw_recordings_Day1_pt5,281.905404,282.989287,1.083883,FB,PLAY,matched
20211120_160147_192.wav,Raw_recordings_Day1_pt5,57.931047,58.351194,0.420147,W,PLAY,matched
20211120_160147_192.wav,Raw_recordings_Day1_pt5,57.945535,59.220464,1.274929,MW,PLAY,matched
20211120_160147_192.wav,Raw_recordings_Day1_pt5,58.475789,59.156718,0.680929,W,PLAY,matched
20211120_160147_192.wav,Raw_recordings_Day1_pt5,99.151828,99.516921,0.365093,W,PLAY,matched
20211120_160147_192.wav,Raw_recordings_Day1_pt5,131.934895,132.824448,0.889553,BPS,PLAY,matched
20211120_160147_192.wav,Raw_recordings_Day1_pt5,199.375756,201.00129,1.625534,ECT,PLAY,matched
20211120_160147_192.wav,Raw_recordings_Day1_pt5,214.950175,216.737974,1.787799,ECT,PLAY,matched
20211120_160147_192.wav,Raw_recordings_Day1_pt5,280.188885,281.272575,1.08369,W,PLAY,matched
20211120_160648_192.wav,Raw_recordings_Day1_pt5,8.863656,10.019785,1.156129,ECT,FFR,matched
20211120_160648_192.wav,Raw_recordings_Day1_pt5,30.762498,31.93891,1.176412,BPS,FFR,matched
20211120_160648_192.wav,Raw_recordings_Day1_pt5,52.076514,53.313775,1.237261,W,FFR,matched
20211120_160648_192.wav,Raw_recordings_Day1_pt5,63.631043,64.482928,0.851885,W,FFR,matched
20211120_160648_192.wav,Raw_recordings_Day1_pt5,68.292745,69.158151,0.865406,FB,FFR,matched
20211120_160648_192.wav,Raw_recordings_Day1_pt5,75.30389,76.152394,0.848504,BPS,FFR,matched
20211120_160648_192.wav,Raw_recordings_Day1_pt5,125.128995,125.561698,0.432703,FB,FFR,matched
20211120_160648_192.wav,Raw_recordings_Day1_pt5,136.950583,138.120234,1.169651,MW,FFR,matched
20211120_160648_192.wav,Raw_recordings_Day1_pt5,136.99791,137.704433,0.706523,W,FFR,matched
20211120_160648_192.wav,Raw_recordings_Day1_pt5,137.812609,138.083048,0.270439,W,FFR,matched
20211120_160648_192.wav,Raw_recordings_Day1_pt5,139.073533,139.651598,0.578065,W,FFR,matched
20211120_160648_192.wav,Raw_recordings_Day1_pt5,170.10647,170.904267,0.797797,BPS,FFR,matched
20211120_160648_192.wav,Raw_recordings_Day1_pt5,253.692571,254.672915,0.980344,BPS,FFR,matched
20211120_160648_192.wav,Raw_recordings_Day1_pt5,254.818276,255.582267,0.763991,BPS,FFR,matched
20211120_160648_192.wav,Raw_recordings_Day1_pt5,271.53482,271.659898,0.125078,W,FFR,matched
20211120_160648_192.wav,Raw_recordings_Day1_pt5,272.56249,272.97153,0.40904,W,FFR,matched
20211120_161148_192.wav,Raw_recordings_Day1_pt5,11.512611,13.616244,2.103633,NOISE,FFR,matched
20211120_161148_192.wav,Raw_recordings_Day1_pt5,20.99171,21.99253,1.00082,ECT,FFR,matched
20211120_161148_192.wav,Raw_recordings_Day1_pt5,30.266821,32.290771,2.02395,ECT,FFR,matched
20211120_161148_192.wav,Raw_recordings_Day1_pt5,52.020301,53.154988,1.134687,ECT,FFR,matched
20211120_161148_192.wav,Raw_recordings_Day1_pt5,57.496122,57.840353,0.344231,W,FFR,matched
20211120_161148_192.wav,Raw_recordings_Day1_pt5,75.214452,76.119651,0.905199,FB,FFR,matched
20211120_161148_192.wav,Raw_recordings_Day1_pt5,119.518243,119.970843,0.4526,W,FFR,matched
20211120_161148_192.wav,Raw_recordings_Day1_pt5,158.116727,160.669772,2.553045,NOISE,FFR,matched
20211120_161148_192.wav,Raw_recordings_Day1_pt5,166.206153,167.159162,0.953009,FB,FFR,matched
20211120_161148_192.wav,Raw_recordings_Day1_pt5,178.375353,179.063814,0.688461,FB,FFR,matched
20211120_161148_192.wav,Raw_recordings_Day1_pt5,179.063814,180.083758,1.019944,W,FFR,matched
20211120_161148_192.wav,Raw_recordings_Day1_pt5,185.690259,186.206606,0.516347,W,FFR,matched
20211120_161148_192.wav,Raw_recordings_Day1_pt5,189.801906,191.290386,1.48848,BPS,FFR,matched
20211120_161148_192.wav,Raw_recordings_Day1_pt5,194.248222,195.523151,1.274929,BPS,FFR,matched
20211120_161148_192.wav,Raw_recordings_Day1_pt5,195.838696,197.225182,1.386486,W,FFR,matched
20211120_161148_192.wav,Raw_recordings_Day1_pt5,203.791067,204.498653,0.707586,W,FFR,matched
20211120_161148_192.wav,Raw_recordings_Day1_pt5,205.856453,207.214252,1.357799,ECT,FFR,matched
20211120_161148_192.wav,Raw_recordings_Day1_pt5,207.638166,209.225453,1.587287,BPS,FFR,matched
20211120_161649_192.wav,Raw_recordings_Day1_pt5,1.982515,2.718787,0.736272,BPS,FFR,matched
20211120_161649_192.wav,Raw_recordings_Day1_pt5,6.903742,8.538839,1.635097,ECT,FFR,matched
20211120_161649_192.wav,Raw_recordings_Day1_pt5,12.076767,14.11028,2.033513,NOISE,FFR,matched
20211120_161649_192.wav,Raw_recordings_Day1_pt5,25.967122,27.175117,1.207995,FB,FFR,matched
20211120_161649_192.wav,Raw_recordings_Day1_pt5,39.710859,40.386572,0.675713,FB,FFR,matched
20211120_161649_192.wav,Raw_recordings_Day1_pt5,62.532093,62.927321,0.395228,W,FFR,matched
20211120_161649_192.wav,Raw_recordings_Day1_pt5,62.599027,63.548849,0.949822,MW,FFR,matched
20211120_161649_192.wav,Raw_recordings_Day1_pt5,63.230117,63.561598,0.331481,W,FFR,matched
20211120_161649_192.wav,Raw_recordings_Day1_pt5,69.942619,71.517157,1.574538,ECT,FFR,matched
20211120_161649_192.wav,Raw_recordings_Day1_pt5,74.863846,76.208896,1.34505,ECT,FFR,matched
20211120_161649_192.wav,Raw_recordings_Day1_pt5,79.437655,81.028129,1.590474,ECT,FFR,matched
20211120_161649_192.wav,Raw_recordings_Day1_pt5,142.355414,143.353046,0.997632,FB,FFR,matched
20211120_161649_192.wav,Raw_recordings_Day1_pt5,153.415425,153.759656,0.344231,W,FFR,matched
20211120_161649_192.wav,Raw_recordings_Day1_pt5,186.799448,188.651282,1.851834,ECT,FFR,matched
20211120_161649_192.wav,Raw_recordings_Day1_pt5,254.067903,255.849616,1.781713,NOISE,FFR,matched
20211120_161649_192.wav,Raw_recordings_Day1_pt5,263.435445,264.856992,1.421547,MW,FFR,matched
20211120_161649_192.wav,Raw_recordings_Day1_pt5,263.435445,264.343832,0.908387,W,FFR,matched
20211120_161649_192.wav,Raw_recordings_Day1_pt5,264.484075,264.901614,0.417539,W,FFR,matched
20211120_162150_192.wav,Raw_recordings_Day1_pt5,12.588961,13.329289,0.740328,W,FFR,matched
20211120_162150_192.wav,Raw_recordings_Day1_pt5,30.116823,31.445357,1.328534,NOISE,FFR,matched
20211120_162150_192.wav,Raw_recordings_Day1_pt5,32.756989,33.483796,0.726807,FB,FFR,matched
20211120_162150_192.wav,Raw_recordings_Day1_pt5,35.938034,37.804067,1.866033,ECT,FFR,matched
20211120_162150_192.wav,Raw_recordings_Day1_pt5,137.697672,138.208127,0.510455,W,FFR,matched
20211120_162150_192.wav,Raw_recordings_Day1_pt5,138.755767,139.154665,0.398898,W,FFR,matched
20211120_162150_192.wav,Raw_recordings_Day1_pt5,141.483826,144.090187,2.606361,MW,FFR,matched
20211120_162150_192.wav,Raw_recordings_Day1_pt5,141.497348,141.750885,0.253537,W,FFR,matched
20211120_162150_192.wav,Raw_recordings_Day1_pt5,142.051749,142.372896,0.321147,W,FFR,matched
20211120_162150_192.wav,Raw_recordings_Day1_pt5,142.474311,142.643335,0.169024,W,FFR,matched
20211120_162150_192.wav,Raw_recordings_Day1_pt5,143.01857,143.35662,0.33805,W,FFR,matched
20211120_162150_192.wav,Raw_recordings_Day1_pt5,143.745376,144.090187,0.344811,W,FFR,matched
20211120_162150_192.wav,Raw_recordings_Day1_pt5,149.265723,149.590251,0.324528,W,FFR,matched
20211120_162150_192.wav,Raw_recordings_Day1_pt5,155.577106,156.408708,0.831602,ECT,FFR,matched
20211120_162150_192.wav,Raw_recordings_Day1_pt5,157.733862,158.328829,0.594967,W,FFR,matched
20211120_162150_192.wav,Raw_recordings_Day1_pt5,160.103588,160.360506,0.256918,W,FFR,matched
20211120_162150_192.wav,Raw_recordings_Day1_pt5,168.926678,171.326829,2.400151,MW,FFR,matched
20211120_162150_192.wav,Raw_recordings_Day1_pt5,168.957102,169.481079,0.523977,W,FFR,matched
20211120_162150_192.wav,Raw_recordings_Day1_pt5,169.721094,170.021958,0.300864,W,FFR,matched
20211120_162150_192.wav,Raw_recordings_Day1_pt5,170.390432,170.772428,0.381996,W,FFR,matched
20211120_162150_192.wav,Raw_recordings_Day1_pt5,170.968497,171.249078,0.280581,W,FFR,matched
20211120_162150_192.wav,Raw_recordings_Day1_pt5,179.179717,179.396069,0.216352,W,FFR,matched
20211120_162150_192.wav,Raw_recordings_Day1_pt5,179.514386,179.717216,0.20283,W,FFR,matched
20211120_162150_192.wav,Raw_recordings_Day1_pt5,181.11674,181.241819,0.125079,W,FFR,matched
20211120_162150_192.wav,Raw_recordings_Day1_pt5,181.38718,181.549444,0.162264,W,FFR,matched
20211120_162150_192.wav,Raw_recordings_Day1_pt5,191.072296,191.346116,0.27382,W,FFR,matched
20211120_162150_192.wav,Raw_recordings_Day1_pt5,192.985656,197.826523,4.840867,MW,FFR,matched
20211120_162150_192.wav,Raw_recordings_Day1_pt5,192.985656,193.276378,0.290722,W,FFR,matched
20211120_162150_192.wav,Raw_recordings_Day1_pt5,193.685418,193.989662,0.304244,W,FFR,matched
20211120_162150_192.wav,Raw_recordings_Day1_pt5,194.290526,194.58801,0.297484,W,FFR,matched
20211120_162150_192.wav,Raw_recordings_Day1_pt5,194.844927,195.838793,0.993866,W,FFR,matched
20211120_162150_192.wav,Raw_recordings_Day1_pt5,196.061905,196.372911,0.311006,W,FFR,matched
20211120_162150_192.wav,Raw_recordings_Day1_pt5,196.467565,196.815756,0.348191,W,FFR,matched
20211120_162150_192.wav,Raw_recordings_Day1_pt5,197.008444,197.319449,0.311005,W,FFR,matched
20211120_162150_192.wav,Raw_recordings_Day1_pt5,197.46143,197.779196,0.317766,W,FFR,matched
20211120_162150_192.wav,Raw_recordings_Day1_pt5,200.919676,201.541686,0.62201,FB,FFR,matched
20211120_162650_192.wav,Raw_recordings_Day1_pt5,4.424005,5.421637,0.997632,BPS,FFR,matched
20211120_162650_192.wav,Raw_recordings_Day1_pt5,12.733356,13.115835,0.382479,W,FFR,matched
20211120_162650_192.wav,Raw_recordings_Day1_pt5,13.772423,14.138965,0.366542,W,FFR,matched
20211120_162650_192.wav,Raw_recordings_Day1_pt5,33.25653,33.811124,0.554594,FB,FFR,matched
20211120_162650_192.wav,Raw_recordings_Day1_pt5,59.354332,60.307341,0.953009,W,FFR,matched
20211120_162650_192.wav,Raw_recordings_Day1_pt5,60.638823,61.550397,0.911574,W,FFR,matched
20211120_162650_192.wav,Raw_recordings_Day1_pt5,65.15526,66.302696,1.147436,W,FFR,matched
20211120_162650_192.wav,Raw_recordings_Day1_pt5,76.444758,77.314898,0.87014,W,FFR,matched
20211120_162650_192.wav,Raw_recordings_Day1_pt5,81.656032,82.465612,0.80958,W,FFR,matched
20211120_162650_192.wav,Raw_recordings_Day1_pt5,88.3016,88.853007,0.551407,W,FFR,matched
20211120_162650_192.wav,Raw_recordings_Day1_pt5,113.666318,115.601023,1.934705,ECT,FFR,matched
20211120_162650_192.wav,Raw_recordings_Day1_pt5,125.586907,126.514418,0.927511,W,FFR,matched
20211120_162650_192.wav,Raw_recordings_Day1_pt5,147.981039,150.610581,2.629542,ECT,FFR,matched
20211120_162650_192.wav,Raw_recordings_Day1_pt5,179.478166,180.427989,0.949823,FB,FFR,matched
20211120_162650_192.wav,Raw_recordings_Day1_pt5,181.757102,182.397754,0.640652,BPS,FFR,matched
20211120_162650_192.wav,Raw_recordings_Day1_pt5,276.513032,277.156872,0.64384,FB,FFR,matched
20211120_162650_192.wav,Raw_recordings_Day1_pt5,277.297114,277.797523,0.500409,FB,FFR,matched
20211120_162650_192.wav,Raw_recordings_Day1_pt5,287.515672,288.567488,1.051816,MW,FFR,matched
20211120_162650_192.wav,Raw_recordings_Day1_pt5,287.792969,288.114889,0.32192,W,FFR,matched
20211120_162650_192.wav,Raw_recordings_Day1_pt5,288.140387,288.49418,0.353793,W,FFR,matched
20211120_162650_192.wav,Raw_recordings_Day1_pt5,289.134832,289.762735,0.627903,W,FFR,matched
20211120_163151_192.wav,Raw_recordings_Day1_pt5,46.886489,47.704859,0.81837,BPS,FFR,matched
20211120_163151_192.wav,Raw_recordings_Day1_pt5,50.931879,51.925357,0.993478,W,FFR,matched
20211120_163151_192.wav,Raw_recordings_Day1_pt5,79.932173,82.894741,2.962568,MW,FFR,matched
20211120_163151_192.wav,Raw_recordings_Day1_pt5,79.982204,80.32885,0.346646,W,FFR,matched
20211120_163151_192.wav,Raw_recordings_Day1_pt5,80.357439,81.093614,0.736175,W,FFR,matched
20211120_163151_192.wav,Raw_recordings_Day1_pt5,81.311608,81.647532,0.335924,W,FFR,matched
20211120_163151_192.wav,Raw_recordings_Day1_pt5,82.058504,82.340823,0.282319,W,FFR,matched
20211120_163151_192.wav,Raw_recordings_Day1_pt5,82.44446,82.833989,0.389529,W,FFR,matched
20211120_163151_192.wav,Raw_recordings_Day1_pt5,89.423828,90.113545,0.689717,W,FFR,matched
20211120_163151_192.wav,Raw_recordings_Day1_pt5,95.04163,96.106582,1.064952,BPS,FFR,matched
20211120_163151_192.wav,Raw_recordings_Day1_pt5,103.600558,104.340307,0.739749,W,FFR,matched
20211120_163151_192.wav,Raw_recordings_Day1_pt5,105.473159,107.156355,1.683196,W,FFR,matched
20211120_163151_192.wav,Raw_recordings_Day1_pt5,108.307076,108.378549,0.071473,W,FFR,matched
20211120_163151_192.wav,Raw_recordings_Day1_pt5,109.60789,109.711526,0.103636,W,FFR,matched
20211120_163151_192.wav,Raw_recordings_Day1_pt5,122.980546,124.156281,1.175735,MW,FFR,matched
20211120_163151_192.wav,Raw_recordings_Day1_pt5,122.980546,123.362928,0.382382,W,FFR,matched
20211120_163151_192.wav,Raw_recordings_Day1_pt5,123.377222,123.731015,0.353793,W,FFR,matched
20211120_163151_192.wav,Raw_recordings_Day1_pt5,123.863241,124.099103,0.235862,W,FFR,matched
20211120_163151_192.wav,Raw_recordings_Day1_pt5,145.144418,145.823414,0.678996,MW,FFR,matched
20211120_163151_192.wav,Raw_recordings_Day1_pt5,145.162286,145.391001,0.228715,W,FFR,matched
20211120_163151_192.wav,Raw_recordings_Day1_pt5,145.530374,145.798399,0.268025,W,FFR,matched
20211120_163151_192.wav,Raw_recordings_Day1_pt5,161.694062,162.708983,1.014921,BPS,FFR,matched
20211120_163151_192.wav,Raw_recordings_Day1_pt5,194.704009,195.390153,0.686144,W,FFR,matched
20211120_163151_192.wav,Raw_recordings_Day1_pt5,198.427768,200.09667,1.668902,ECT,FFR,matched
20211120_163151_192.wav,Raw_recordings_Day1_pt5,232.656335,233.410378,0.754043,W,FFR,matched
20211120_163151_192.wav,Raw_recordings_Day1_pt5,277.609471,278.252731,0.64326,W,FFR,matched
20211120_163651_192.wav,Raw_recordings_Day1_pt5,3.028923,3.48867,0.459747,W,FFR,matched
20211120_163651_192.wav,Raw_recordings_Day1_pt5,13.440845,14.025671,0.584826,W,FFR,matched
20211120_163651_192.wav,Raw_recordings_Day1_pt5,22.007018,22.662833,0.655815,W,FFR,matched
20211120_163651_192.wav,Raw_recordings_Day1_pt5,74.299883,75.121343,0.82146,W,FFR,matched
20211120_163651_192.wav,Raw_recordings_Day1_pt5,114.176193,115.836016,1.659823,NOISE,FFR,matched
20211120_163651_192.wav,Raw_recordings_Day1_pt5,126.494714,128.154537,1.659823,BPS,FFR,matched
20211120_163651_192.wav,Raw_recordings_Day1_pt5,181.762415,182.969251,1.206836,BPS,FFR,matched
20211120_163651_192.wav,Raw_recordings_Day1_pt5,218.366406,218.832915,0.466509,W,FFR,matched
20211120_163651_192.wav,Raw_recordings_Day1_pt5,224.305935,224.816389,0.510454,W,FFR,matched
20211120_163651_192.wav,Raw_recordings_Day1_pt5,233.463694,234.606301,1.142607,BPS,FFR,matched
20211120_163651_192.wav,Raw_recordings_Day1_pt5,236.222177,237.249847,1.02767,BPS,FFR,matched
20211120_163651_192.wav,Raw_recordings_Day1_pt5,248.199268,249.517661,1.318393,W,FFR,matched
20211120_163651_192.wav,Raw_recordings_Day1_pt5,258.601049,259.963388,1.362339,ECT,FFR,matched
20211120_163651_192.wav,Raw_recordings_Day1_pt5,270.933092,271.254239,0.321147,W,FFR,matched
20211120_163651_192.wav,Raw_recordings_Day1_pt5,296.290179,297.45983,1.169651,ECT,FFR,matched
20211120_163651_192.wav,Raw_recordings_Day1_pt5,297.513918,299.150077,1.636159,ECT,FFR,matched
20211120_164152_192.wav,Raw_recordings_Day1_pt6,32.507509,33.667694,1.160185,W,FFR,matched
20211120_164152_192.wav,Raw_recordings_Day1_pt6,40.303701,41.72206,1.418359,ECT,FFR,matched
20211120_164152_192.wav,Raw_recordings_Day1_pt6,45.231303,46.060007,0.828704,FB,FFR,matched
20211120_164152_192.wav,Raw_recordings_Day1_pt6,69.359339,71.37054,2.011201,ECT,FFR,matched
20211120_164152_192.wav,Raw_recordings_Day1_pt6,77.81212,78.570703,0.758583,W,FFR,matched
20211120_164152_192.wav,Raw_recordings_Day1_pt6,124.359787,125.688901,1.329114,ECT,FFR,matched
20211120_164152_192.wav,Raw_recordings_Day1_pt6,131.241218,132.640453,1.399235,NOISE,FFR,matched
20211120_164152_192.wav,Raw_recordings_Day1_pt6,143.021564,143.171368,0.149804,W,FFR,matched
20211120_164152_192.wav,Raw_recordings_Day1_pt6,143.942701,144.102067,0.159366,W,FFR,matched
20211120_164152_192.wav,Raw_recordings_Day1_pt6,147.279828,147.974664,0.694836,W,FFR,matched
20211120_164152_192.wav,Raw_recordings_Day1_pt6,148.593005,150.08786,1.494855,W,FFR,matched
20211120_164152_192.wav,Raw_recordings_Day1_pt6,160.733519,161.826771,1.093252,BPS,FFR,matched
20211120_164152_192.wav,Raw_recordings_Day1_pt6,162.515233,163.713666,1.198433,BPS,FFR,matched
20211120_164152_192.wav,Raw_recordings_Day1_pt6,190.324627,191.127832,0.803205,W,FFR,matched
20211120_164152_192.wav,Raw_recordings_Day1_pt6,235.202137,235.963907,0.76177,W,FFR,matched
20211120_164152_192.wav,Raw_recordings_Day1_pt6,236.384634,239.265974,2.88134,MW,FFR,matched
20211120_164152_192.wav,Raw_recordings_Day1_pt6,236.384634,237.238836,0.854202,W,FFR,matched
20211120_164152_192.wav,Raw_recordings_Day1_pt6,237.238836,237.414139,0.175303,W,FFR,matched
20211120_164152_192.wav,Raw_recordings_Day1_pt6,237.512946,237.822117,0.309171,W,FFR,matched
20211120_164152_192.wav,Raw_recordings_Day1_pt6,237.838053,238.319339,0.481286,W,FFR,matched
20211120_164152_192.wav,Raw_recordings_Day1_pt6,238.3544,238.797437,0.443037,W,FFR,matched
20211120_164152_192.wav,Raw_recordings_Day1_pt6,238.851622,239.189478,0.337856,W,FFR,matched
20211120_164152_192.wav,Raw_recordings_Day1_pt6,247.597637,249.146676,1.549039,ECT,FFR,matched
20211120_164653_192.wav,Raw_recordings_Day1_pt6,46.993892,49.049716,2.055824,ECT,ORD,matched
20211120_164653_192.wav,Raw_recordings_Day1_pt6,51.749379,52.982873,1.233494,BPS,ORD,matched
20211120_164653_192.wav,Raw_recordings_Day1_pt6,68.237401,69.308342,1.070941,BPS,ORD,matched
20211120_164653_192.wav,Raw_recordings_Day1_pt6,71.080493,72.122748,1.042255,BPS,ORD,matched
20211120_164653_192.wav,Raw_recordings_Day1_pt6,74.828786,76.50213,1.673344,ECT,ORD,matched
20211120_164653_192.wav,Raw_recordings_Day1_pt6,102.517062,104.93624,2.419178,NOISE,ORD,matched
20211120_164653_192.wav,Raw_recordings_Day1_pt6,135.333741,136.650105,1.316364,BPS,ORD,matched
20211120_164653_192.wav,Raw_recordings_Day1_pt6,140.49083,140.742628,0.251798,W,ORD,matched
20211120_164653_192.wav,Raw_recordings_Day1_pt6,140.516328,141.670139,1.153811,MW,ORD,matched
20211120_164653_192.wav,Raw_recordings_Day1_pt6,140.812749,141.255787,0.443038,W,ORD,matched
20211120_164653_192.wav,Raw_recordings_Day1_pt6,141.233476,141.644641,0.411165,W,ORD,matched
20211120_164653_192.wav,Raw_recordings_Day1_pt6,163.653107,164.051522,0.398415,W,ORD,matched
20211120_164653_192.wav,Raw_recordings_Day1_pt6,164.609304,164.880226,0.270922,W,ORD,matched
20211120_164653_192.wav,Raw_recordings_Day1_pt6,175.392018,176.360964,0.968946,W,ORD,matched
20211120_164653_192.wav,Raw_recordings_Day1_pt6,194.19085,195.40522,1.21437,BPS,ORD,matched
20211120_164653_192.wav,Raw_recordings_Day1_pt6,196.221175,197.438732,1.217557,BPS,ORD,matched
20211120_164653_192.wav,Raw_recordings_Day1_pt6,198.888964,199.669859,0.780895,W,ORD,matched
20211120_164653_192.wav,Raw_recordings_Day1_pt6,215.198497,216.068636,0.870139,BPS,ORD,matched
20211120_164653_192.wav,Raw_recordings_Day1_pt6,217.39775,218.322074,0.924324,W,ORD,matched
20211120_164653_192.wav,Raw_recordings_Day1_pt6,219.300582,220.00498,0.704398,FB,ORD,matched
20211120_164653_192.wav,Raw_recordings_Day1_pt6,220.068727,220.623321,0.554594,FB,ORD,matched
20211120_164653_192.wav,Raw_recordings_Day1_pt6,221.531708,221.904625,0.372917,W,ORD,matched
20211120_164653_192.wav,Raw_recordings_Day1_pt6,253.806542,254.899794,1.093252,ECT,ORD,matched
20211120_164653_192.wav,Raw_recordings_Day1_pt6,273.430891,274.696258,1.265367,ECT,ORD,matched
20211120_164653_192.wav,Raw_recordings_Day1_pt6,288.653546,289.332446,0.6789,W,ORD,matched
20211120_164653_192.wav,Raw_recordings_Day1_pt6,289.450377,290.119715,0.669338,BPS,ORD,matched
20211120_164653_192.wav,Raw_recordings_Day1_pt6,290.228084,290.87511,0.647026,FB,ORD,matched
20211120_164653_192.wav,Raw_recordings_Day1_pt6,298.98366,299.681684,0.698024,MW,ORD,matched
20211120_164653_192.wav,Raw_recordings_Day1_pt6,299.002784,299.104779,0.101995,W,ORD,matched
20211120_164653_192.wav,Raw_recordings_Day1_pt6,299.248208,299.369327,0.121119,W,ORD,matched
20211120_164653_192.wav,Raw_recordings_Day1_pt6,299.541442,299.681684,0.140242,W,ORD,matched
20211120_165153_192.wav,Raw_recordings_Day1_pt6,2.792095,3.678171,0.886076,BPS,ORD,matched
20211120_165153_192.wav,Raw_recordings_Day1_pt6,4.28695,5.35789,1.07094,BPS,ORD,matched
20211120_165153_192.wav,Raw_recordings_Day1_pt6,6.253528,6.467079,0.213551,W,ORD,matched
20211120_165153_192.wav,Raw_recordings_Day1_pt6,6.569073,6.814497,0.245424,W,ORD,matched
20211120_165153_192.wav,Raw_recordings_Day1_pt6,8.347599,9.106182,0.758583,BPS,ORD,matched
20211120_165153_192.wav,Raw_recordings_Day1_pt6,12.456059,13.775611,1.319552,W,ORD,matched
20211120_165153_192.wav,Raw_recordings_Day1_pt6,13.150895,14.285582,1.134687,BPS,ORD,matched
20211120_165153_192.wav,Raw_recordings_Day1_pt6,13.931789,14.633001,0.701212,W,ORD,matched
20211120_165153_192.wav,Raw_recordings_Day1_pt6,16.57408,17.635459,1.061379,ECT,ORD,matched
20211120_165153_192.wav,Raw_recordings_Day1_pt6,19.869772,20.583733,0.713961,MW,ORD,matched
20211120_165153_192.wav,Raw_recordings_Day1_pt6,19.911208,20.188505,0.277297,W,ORD,matched
20211120_165153_192.wav,Raw_recordings_Day1_pt6,20.239502,20.618793,0.379291,W,ORD,matched
20211120_165153_192.wav,Raw_recordings_Day1_pt6,23.624439,24.736815,1.112376,BPS,ORD,matched
20211120_165153_192.wav,Raw_recordings_Day1_pt6,25.001363,26.247606,1.246243,BPS,ORD,matched
20211120_165153_192.wav,Raw_recordings_Day1_pt6,28.902646,29.530549,0.627903,ECT,ORD,matched
20211120_165153_192.wav,Raw_recordings_Day1_pt6,30.642925,31.63737,0.994445,BPS,ORD,matched
20211120_165153_192.wav,Raw_recordings_Day1_pt6,34.939436,35.427097,0.487661,W,ORD,matched
20211120_165153_192.wav,Raw_recordings_Day1_pt6,38.168195,38.920403,0.752208,BPS,ORD,matched
20211120_165153_192.wav,Raw_recordings_Day1_pt6,41.680625,42.381836,0.701211,BPS,ORD,matched
20211120_165153_192.wav,Raw_recordings_Day1_pt6,41.699749,42.843998,1.144249,W,ORD,matched
20211120_165153_192.wav,Raw_recordings_Day1_pt6,46.420174,47.188319,0.768145,MW,ORD,matched
20211120_165153_192.wav,Raw_recordings_Day1_pt6,46.471171,46.659224,0.188053,W,ORD,matched
20211120_165153_192.wav,Raw_recordings_Day1_pt6,46.707033,47.137322,0.430289,W,ORD,matched
20211120_165153_192.wav,Raw_recordings_Day1_pt6,52.896815,53.789265,0.89245,W,ORD,matched
20211120_165153_192.wav,Raw_recordings_Day1_pt6,57.282572,58.108088,0.825516,MW,ORD,matched
20211120_165153_192.wav,Raw_recordings_Day1_pt6,57.722422,58.092152,0.36973,W,ORD,matched
20211120_165153_192.wav,Raw_recordings_Day1_pt6,69.1681,69.907559,0.739459,ECT,ORD,matched
20211120_165153_192.wav,Raw_recordings_Day1_pt6,70.296412,70.96575,0.669338,BPS,ORD,matched
20211120_165153_192.wav,Raw_recordings_Day1_pt6,72.059002,73.027948,0.968946,W,ORD,matched
20211120_165153_192.wav,Raw_recordings_Day1_pt6,74.302877,76.22802,1.925143,ECT,ORD,matched
20211120_165153_192.wav,Raw_recordings_Day1_pt6,77.557134,78.041607,0.484473,W,ORD,matched
20211120_165153_192.wav,Raw_recordings_Day1_pt6,87.629075,88.145422,0.516347,W,ORD,matched
20211120_165153_192.wav,Raw_recordings_Day1_pt6,97.245229,97.391846,0.146617,W,ORD,matched
20211120_165153_192.wav,Raw_recordings_Day1_pt6,97.436469,97.614959,0.17849,W,ORD,matched
20211120_165153_192.wav,Raw_recordings_Day1_pt6,98.367167,99.116188,0.749021,FB,ORD,matched
20211120_165153_192.wav,Raw_recordings_Day1_pt6,101.165637,101.870035,0.704398,BPS,ORD,matched
20211120_165153_192.wav,Raw_recordings_Day1_pt6,102.810295,103.99598,1.185685,MW,ORD,matched
20211120_165153_192.wav,Raw_recordings_Day1_pt6,102.858105,103.199149,0.341044,W,ORD,matched
20211120_165153_192.wav,Raw_recordings_Day1_pt6,103.199149,103.54338,0.344231,W,ORD,matched
20211120_165153_192.wav,Raw_recordings_Day1_pt6,103.565691,103.967294,0.401603,W,ORD,matched
20211120_165153_192.wav,Raw_recordings_Day1_pt6,115.326913,115.798637,0.471724,FB,ORD,matched
20211120_165153_192.wav,Raw_recordings_Day1_pt6,117.507042,118.090323,0.583281,BPS,ORD,matched
20211120_165153_192.wav,Raw_recordings_Day1_pt6,118.144507,118.67679,0.532283,FB,ORD,matched
20211120_165153_192.wav,Raw_recordings_Day1_pt6,119.298318,120.315074,1.016756,FB,ORD,matched
20211120_165153_192.wav,Raw_recordings_Day1_pt6,130.833241,131.948804,1.115563,BPS,ORD,matched
20211120_165153_192.wav,Raw_recordings_Day1_pt6,136.841345,137.647737,0.806392,BPS,ORD,matched
20211120_165153_192.wav,Raw_recordings_Day1_pt6,137.660487,138.154522,0.494035,W,ORD,matched
20211120_165153_192.wav,Raw_recordings_Day1_pt6,138.04934,138.718678,0.669338,BPS,ORD,matched
20211120_165153_192.wav,Raw_recordings_Day1_pt6,139.152154,140.082852,0.930698,M,ORD,matched
20211120_165153_192.wav,Raw_recordings_Day1_pt6,139.219088,139.547382,0.328294,W,ORD,matched
20211120_165153_192.wav,Raw_recordings_Day1_pt6,139.547382,139.885238,0.337856,W,ORD,matched
20211120_165153_192.wav,Raw_recordings_Day1_pt6,139.885238,140.235844,0.350606,W,ORD,matched
20211120_165153_192.wav,Raw_recordings_Day1_pt6,141.625517,141.768946,0.143429,W,ORD,matched
20211120_165153_192.wav,Raw_recordings_Day1_pt6,144.819214,145.067826,0.248612,W,ORD,matched
20211120_165153_192.wav,Raw_recordings_Day1_pt6,145.3005,145.689354,0.388854,W,ORD,matched
20211120_165153_192.wav,Raw_recordings_Day1_pt6,153.259246,154.639357,1.380111,BPS,ORD,matched
20211120_165153_192.wav,Raw_recordings_Day1_pt6,155.270447,155.93341,0.662963,BPS,ORD,matched
20211120_165153_192.wav,Raw_recordings_Day1_pt6,157.603568,158.040231,0.436663,FB,ORD,matched
20211120_165153_192.wav,Raw_recordings_Day1_pt6,159.117546,159.866567,0.749021,W,ORD,matched
20211120_165153_192.wav,Raw_recordings_Day1_pt6,189.865653,190.49993,0.634277,BPS,ORD,matched
20211120_165153_192.wav,Raw_recordings_Day1_pt6,240.442096,240.646085,0.203989,W,ORD,matched
20211120_165153_192.wav,Raw_recordings_Day1_pt6,241.490726,242.31943,0.828704,W,ORD,matched
20211120_165153_192.wav,Raw_recordings_Day1_pt6,246.048598,247.454207,1.405609,W,ORD,matched
20211120_165153_192.wav,Raw_recordings_Day1_pt6,249.082929,250.338735,1.255806,MW,ORD,matched
20211120_165153_192.wav,Raw_recordings_Day1_pt6,249.082929,249.337915,0.254986,W,ORD,matched
20211120_165153_192.wav,Raw_recordings_Day1_pt6,249.337915,249.516405,0.17849,W,ORD,matched
20211120_165153_192.wav,Raw_recordings_Day1_pt6,249.529154,249.742705,0.213551,W,ORD,matched
20211120_165153_192.wav,Raw_recordings_Day1_pt6,249.742705,250.004066,0.261361,W,ORD,matched
20211120_165153_192.wav,Raw_recordings_Day1_pt6,250.039126,250.297299,0.258173,W,ORD,matched
20211120_165153_192.wav,Raw_recordings_Day1_pt6,252.639982,253.809729,1.169747,BPS,ORD,matched
20211120_165153_192.wav,Raw_recordings_Day1_pt6,257.283912,257.758823,0.474911,MW,ORD,matched
20211120_165153_192.wav,Raw_recordings_Day1_pt6,257.283912,257.465589,0.181677,W,ORD,matched
20211120_165153_192.wav,Raw_recordings_Day1_pt6,257.54846,257.730137,0.181677,W,ORD,matched
20211120_165153_192.wav,Raw_recordings_Day1_pt6,258.552466,259.575597,1.023131,ECT,ORD,matched
20211120_165153_192.wav,Raw_recordings_Day1_pt6,271.091396,271.792607,0.701211,W,ORD,matched
20211120_165654_192.wav,Raw_recordings_Day1_pt6,2.068573,2.575357,0.506784,W,ORD,matched
20211120_165654_192.wav,Raw_recordings_Day1_pt6,32.867676,34.550583,1.682907,W,ORD,matched
20211120_165654_192.wav,Raw_recordings_Day1_pt6,32.8868,35.382474,2.495674,MW,ORD,matched
20211120_165654_192.wav,Raw_recordings_Day1_pt6,34.075672,34.276473,0.200801,W,ORD,matched
20211120_165654_192.wav,Raw_recordings_Day1_pt6,34.448589,34.662139,0.21355,W,ORD,matched
20211120_165654_192.wav,Raw_recordings_Day1_pt6,34.792819,35.05418,0.261361,W,ORD,matched
20211120_165654_192.wav,Raw_recordings_Day1_pt6,37.508419,37.862212,0.353793,W,ORD,matched
20211120_165654_192.wav,Raw_recordings_Day1_pt6,38.843907,40.182583,1.338676,ECT,ORD,matched
20211120_165654_192.wav,Raw_recordings_Day1_pt6,44.335665,45.145245,0.80958,FB,ORD,matched
20211120_165654_192.wav,Raw_recordings_Day1_pt6,49.785988,50.308709,0.522721,W,ORD,matched
20211120_165654_192.wav,Raw_recordings_Day1_pt6,50.729435,51.484831,0.755396,BPS,ORD,matched
20211120_165654_192.wav,Raw_recordings_Day1_pt6,52.074486,52.221102,0.146616,W,ORD,matched
20211120_165654_192.wav,Raw_recordings_Day1_pt6,52.288036,53.30798,1.019944,W,ORD,matched
20211120_165654_192.wav,Raw_recordings_Day1_pt6,57.276197,58.484192,1.207995,ECT,ORD,matched
20211120_165654_192.wav,Raw_recordings_Day1_pt6,65.279565,67.191959,1.912394,W,ORD,matched
20211120_165654_192.wav,Raw_recordings_Day1_pt6,67.513879,68.078035,0.564156,FB,ORD,matched
20211120_165654_192.wav,Raw_recordings_Day1_pt6,69.308342,69.878873,0.570531,BPS,ORD,matched
20211120_165654_192.wav,Raw_recordings_Day1_pt6,74.098889,75.753109,1.65422,W,ORD,matched
20211120_165654_192.wav,Raw_recordings_Day1_pt6,75.858291,76.961105,1.102814,W,ORD,matched
20211120_165654_192.wav,Raw_recordings_Day1_pt6,77.684627,78.414524,0.729897,BPS,ORD,matched
20211120_165654_192.wav,Raw_recordings_Day1_pt6,95.756749,96.359153,0.602404,W,ORD,matched
20211120_165654_192.wav,Raw_recordings_Day1_pt6,96.846814,97.532088,0.685274,W,ORD,matched
20211120_165654_192.wav,Raw_recordings_Day1_pt6,98.430913,99.332926,0.902013,W,ORD,matched
20211120_165654_192.wav,Raw_recordings_Day1_pt6,101.391937,102.63818,1.246243,ECT,ORD,matched
20211120_165654_192.wav,Raw_recordings_Day1_pt6,103.581628,105.044609,1.462981,ECT,ORD,matched
20211120_165654_192.wav,Raw_recordings_Day1_pt6,120.668867,121.660125,0.991258,BPS,ORD,matched
20211120_165654_192.wav,Raw_recordings_Day1_pt6,121.711122,122.18922,0.478098,W,ORD,matched
20211120_165654_192.wav,Raw_recordings_Day1_pt6,132.892251,135.407049,2.514798,MW,ORD,matched
20211120_165654_192.wav,Raw_recordings_Day1_pt6,142.811201,143.349859,0.538658,W,ORD,matched
20211120_165654_192.wav,Raw_recordings_Day1_pt6,155.515871,156.398759,0.882888,BPS,ORD,matched
20211120_165654_192.wav,Raw_recordings_Day1_pt6,156.927855,158.113539,1.185684,W,ORD,matched
20211120_165654_192.wav,Raw_recordings_Day1_pt6,160.347853,161.5176,1.169747,MW,ORD,matched
20211120_165654_192.wav,Raw_recordings_Day1_pt6,160.360602,160.583715,0.223113,W,ORD,matched
20211120_165654_192.wav,Raw_recordings_Day1_pt6,160.924758,161.045877,0.121119,W,ORD,matched
20211120_165654_192.wav,Raw_recordings_Day1_pt6,161.217992,161.488915,0.270923,W,ORD,matched
20211120_165654_192.wav,Raw_recordings_Day1_pt6,163.372623,163.990963,0.61834,MW,ORD,matched
20211120_165654_192.wav,Raw_recordings_Day1_pt6,163.394934,163.694542,0.299608,W,ORD,matched
20211120_165654_192.wav,Raw_recordings_Day1_pt6,163.73279,163.990963,0.258173,W,ORD,matched
20211120_165654_192.wav,Raw_recordings_Day1_pt6,166.371894,167.548016,1.176122,MW,ORD,matched
20211120_165654_192.wav,Raw_recordings_Day1_pt6,166.371894,166.496199,0.124305,W,ORD,matched
20211120_165654_192.wav,Raw_recordings_Day1_pt6,166.521698,166.655565,0.133867,W,ORD,matched
20211120_165654_192.wav,Raw_recordings_Day1_pt6,166.763934,166.923301,0.159367,W,ORD,matched
20211120_165654_192.wav,Raw_recordings_Day1_pt6,167.022108,167.206972,0.184864,W,ORD,matched
20211120_165654_192.wav,Raw_recordings_Day1_pt6,167.350402,167.548016,0.197614,W,ORD,matched
20211120_165654_192.wav,Raw_recordings_Day1_pt6,172.867658,173.658114,0.790456,MW,ORD,matched
20211120_165654_192.wav,Raw_recordings_Day1_pt6,173.444564,173.658114,0.21355,W,ORD,matched
20211120_165654_192.wav,Raw_recordings_Day1_pt6,182.582619,184.201779,1.61916,MW,ORD,matched
20211120_165654_192.wav,Raw_recordings_Day1_pt6,182.646366,182.773859,0.127493,W,ORD,matched
20211120_165654_192.wav,Raw_recordings_Day1_pt6,182.799357,183.000158,0.200801,W,ORD,matched
20211120_165654_192.wav,Raw_recordings_Day1_pt6,183.079842,183.242395,0.162553,W,ORD,matched
20211120_165654_192.wav,Raw_recordings_Day1_pt6,183.341202,183.634436,0.293234,W,ORD,matched
20211120_165654_192.wav,Raw_recordings_Day1_pt6,183.704557,183.809739,0.105182,W,ORD,matched
20211120_165654_192.wav,Raw_recordings_Day1_pt6,186.028115,187.29667,1.268555,BPS,ORD,matched
20211120_165654_192.wav,Raw_recordings_Day1_pt6,187.60584,188.842522,1.236682,MW,ORD,matched
20211120_165654_192.wav,Raw_recordings_Day1_pt6,188.488729,188.651282,0.162553,W,ORD,matched
20211120_165654_192.wav,Raw_recordings_Day1_pt6,188.651282,188.842522,0.19124,W,ORD,matched
20211120_165654_192.wav,Raw_recordings_Day1_pt6,190.276817,190.662483,0.385666,W,ORD,matched
20211120_165654_192.wav,Raw_recordings_Day1_pt6,197.39411,198.56067,1.16656,W,ORD,matched
20211120_165654_192.wav,Raw_recordings_Day1_pt6,198.241938,198.908088,0.66615,BPS,ORD,matched
20211120_165654_192.wav,Raw_recordings_Day1_pt6,200.396568,201.44201,1.045442,W,ORD,matched
20211120_165654_192.wav,Raw_recordings_Day1_pt6,205.843703,206.203871,0.360168,W,ORD,matched
20211120_165654_192.wav,Raw_recordings_Day1_pt6,210.162526,210.615126,0.4526,W,ORD,matched
20211120_165654_192.wav,Raw_recordings_Day1_pt6,210.675685,211.759375,1.08369,W,ORD,matched
20211120_165654_192.wav,Raw_recordings_Day1_pt6,211.268527,212.12273,0.854203,BPS,ORD,matched
20211120_165654_192.wav,Raw_recordings_Day1_pt6,212.690074,213.212795,0.522721,W,ORD,matched
20211120_165654_192.wav,Raw_recordings_Day1_pt6,215.102877,216.811282,1.708405,ECT,ORD,matched
20211120_165654_192.wav,Raw_recordings_Day1_pt6,223.520598,224.795527,1.274929,BPS,ORD,matched
20211120_165654_192.wav,Raw_recordings_Day1_pt6,233.06663,233.777404,0.710774,W,ORD,matched
20211120_165654_192.wav,Raw_recordings_Day1_pt6,237.324894,238.185471,0.860577,W,ORD,matched
20211120_165654_192.wav,Raw_recordings_Day1_pt6,243.218255,243.629419,0.411164,W,ORD,matched
20211120_165654_192.wav,Raw_recordings_Day1_pt6,249.258232,250.294112,1.03588,BPS,ORD,matched
20211120_165654_192.wav,Raw_recordings_Day1_pt6,254.912543,255.626504,0.713961,FB,ORD,matched
20211120_165654_192.wav,Raw_recordings_Day1_pt6,271.065897,271.279448,0.213551,W,ORD,matched
20211120_165654_192.wav,Raw_recordings_Day1_pt6,272.200584,272.423697,0.223113,W,ORD,matched
20211120_170154_192.wav,Raw_recordings_Day1_pt6,2.12295,2.477902,0.354952,FB,ORD,matched
20211120_170154_192.wav,Raw_recordings_Day1_pt6,66.96083,67.843139,0.882309,W,ORD,matched
20211120_170154_192.wav,Raw_recordings_Day1_pt6,83.183822,83.51173,0.327908,W,ORD,matched
20211120_170154_192.wav,Raw_recordings_Day1_pt6,84.421083,85.28987,0.868787,W,ORD,matched
20211120_170154_192.wav,Raw_recordings_Day1_pt6,91.969726,92.994016,1.02429,ECT,ORD,matched
20211120_170154_192.wav,Raw_recordings_Day1_pt6,115.254571,115.359366,0.104795,W,ORD,matched
20211120_170154_192.wav,Raw_recordings_Day1_pt6,116.88735,118.60126,1.71391,MW,ORD,matched
20211120_170154_192.wav,Raw_recordings_Day1_pt6,116.934676,118.229406,1.29473,W,ORD,matched
20211120_170154_192.wav,Raw_recordings_Day1_pt6,118.249689,118.526889,0.2772,W,ORD,matched
20211120_170154_192.wav,Raw_recordings_Day1_pt6,120.37602,120.883094,0.507074,W,ORD,matched
20211120_170154_192.wav,Raw_recordings_Day1_pt6,230.29279,231.560475,1.267685,MW,ORD,matched
20211120_170154_192.wav,Raw_recordings_Day1_pt6,230.29279,230.586893,0.294103,W,ORD,matched
20211120_170154_192.wav,Raw_recordings_Day1_pt6,230.671405,231.607802,0.936397,W,ORD,matched
20211120_170154_192.wav,Raw_recordings_Day1_pt6,233.081698,233.794982,0.713284,FB,ORD,matched
20211120_170154_192.wav,Raw_recordings_Day1_pt6,234.521788,234.930828,0.40904,W,ORD,matched
20211120_170154_192.wav,Raw_recordings_Day1_pt6,235.059287,235.451424,0.392137,W,ORD,matched
20211120_170154_192.wav,Raw_recordings_Day1_pt6,266.582396,266.788606,0.20621,W,ORD,matched
20211120_170655_192.wav,Raw_recordings_Day1_pt6,16.956559,19.591413,2.634854,ECT,ORD,matched
20211120_170655_192.wav,Raw_recordings_Day1_pt6,29.042889,30.045833,1.002944,MW,ORD,matched
20211120_170655_192.wav,Raw_recordings_Day1_pt6,30.509057,30.946783,0.437726,W,ORD,matched
20211120_170655_192.wav,Raw_recordings_Day1_pt6,31.843483,32.183464,0.339981,W,ORD,matched
20211120_170655_192.wav,Raw_recordings_Day1_pt6,32.752933,33.101413,0.34848,W,ORD,matched
20211120_170655_192.wav,Raw_recordings_Day1_pt6,33.449894,33.840872,0.390978,W,ORD,matched
20211120_170655_192.wav,Raw_recordings_Day1_pt6,92.003145,94.544504,2.541359,W,ORD,matched
20211120_170655_192.wav,Raw_recordings_Day1_pt6,94.705995,95.632444,0.926449,ECT,ORD,matched
20211120_170655_192.wav,Raw_recordings_Day1_pt6,96.218911,97.574586,1.355675,W,ORD,matched
20211120_170655_192.wav,Raw_recordings_Day1_pt6,107.264048,107.850516,0.586468,W,ORD,matched
20211120_170655_192.wav,Raw_recordings_Day1_pt6,108.164998,108.772715,0.607717,W,ORD,matched
20211120_170655_192.wav,Raw_recordings_Day1_pt6,152.596283,153.488733,0.89245,W,ORD,matched
20211120_170655_192.wav,Raw_recordings_Day1_pt6,194.617951,196.334856,1.716905,BPS,ORD,matched
20211120_170655_192.wav,Raw_recordings_Day1_pt6,199.088703,199.534929,0.446226,MW,ORD,matched
20211120_170655_192.wav,Raw_recordings_Day1_pt6,199.126951,199.279943,0.152992,W,ORD,matched
20211120_170655_192.wav,Raw_recordings_Day1_pt6,199.279943,199.51368,0.233737,W,ORD,matched
20211120_170655_192.wav,Raw_recordings_Day1_pt6,204.672893,205.361355,0.688462,FB,ORD,matched
20211120_170655_192.wav,Raw_recordings_Day1_pt6,205.378354,205.539845,0.161491,W,ORD,matched
20211120_170655_192.wav,Raw_recordings_Day1_pt6,205.718335,205.901075,0.18274,W,ORD,matched
20211120_170655_192.wav,Raw_recordings_Day1_pt6,221.30647,221.820692,0.514222,FB,ORD,matched
20211120_170655_192.wav,Raw_recordings_Day1_pt6,278.26181,279.269004,1.007194,W,ORD,matched
20211120_171155_192.wav,Raw_recordings_Day1_pt6,40.052869,40.828644,0.775775,W,ORD,matched
20211120_171155_192.wav,Raw_recordings_Day1_pt6,51.986206,53.80356,1.817354,ECT,ORD,matched
20211120_171155_192.wav,Raw_recordings_Day1_pt6,64.123533,65.001302,0.877769,W,ORD,matched
20211120_171155_192.wav,Raw_recordings_Day1_pt6,137.306018,137.754175,0.448157,W,ORD,matched
20211120_171155_192.wav,Raw_recordings_Day1_pt6,138.7803,139.698249,0.917949,MW,ORD,matched
20211120_171155_192.wav,Raw_recordings_Day1_pt6,138.7803,139.018286,0.237986,W,ORD,matched
20211120_171155_192.wav,Raw_recordings_Day1_pt6,139.104827,139.429354,0.324527,W,ORD,matched
20211120_171155_192.wav,Raw_recordings_Day1_pt6,139.481897,139.682795,0.200898,W,ORD,matched
20211120_171155_192.wav,Raw_recordings_Day1_pt6,157.516351,158.319943,0.803592,W,ORD,matched
20211120_171155_192.wav,Raw_recordings_Day1_pt6,161.821748,162.866418,1.04467,MW,ORD,matched
20211120_171155_192.wav,Raw_recordings_Day1_pt6,161.849565,162.66552,0.815955,W,ORD,matched
20211120_171155_192.wav,Raw_recordings_Day1_pt6,162.705699,162.841692,0.135993,W,ORD,matched
20211120_171155_192.wav,Raw_recordings_Day1_pt6,176.026778,176.926183,0.899405,W,ORD,matched
20211120_171155_192.wav,Raw_recordings_Day1_pt6,190.358529,190.670693,0.312164,W,ORD,matched
20211120_171155_192.wav,Raw_recordings_Day1_pt6,208.890591,209.972349,1.081758,BPS,ORD,matched
20211120_171155_192.wav,Raw_recordings_Day1_pt6,217.507568,217.816641,0.309073,W,ORD,matched
20211120_171155_192.wav,Raw_recordings_Day1_pt6,218.338976,218.904581,0.565605,W,ORD,matched
20211120_171656_192.wav,Raw_recordings_Day1_pt6,94.038009,95.926257,1.888248,ECT,ORD,matched
20211120_171656_192.wav,Raw_recordings_Day1_pt6,153.325697,153.87411,0.548413,W,ORD,matched
20211120_171656_192.wav,Raw_recordings_Day1_pt6,169.469392,171.117914,1.648522,ECT,ORD,matched
20211120_171656_192.wav,Raw_recordings_Day1_pt6,200.357837,202.308479,1.950642,NOISE,ORD,matched
20211120_171656_192.wav,Raw_recordings_Day1_pt6,222.202398,223.29594,1.093542,NOISE,ORD,matched
20211120_172157_192.wav,Raw_recordings_Day1_pt6,50.844179,51.631448,0.787269,FB,ORD,matched
20211120_172157_192.wav,Raw_recordings_Day1_pt6,73.547482,75.565057,2.017575,NOISE,ORD,matched
20211120_172157_192.wav,Raw_recordings_Day1_pt6,75.686175,77.773872,2.087697,NOISE,ORD,matched
20211120_172157_192.wav,Raw_recordings_Day1_pt6,81.337299,83.737354,2.400055,NOISE,ORD,matched
20211120_172157_192.wav,Raw_recordings_Day1_pt6,84.237763,86.044976,1.807213,NOISE,ORD,matched
20211120_172157_192.wav,Raw_recordings_Day1_pt6,123.977308,126.042694,2.065386,NOISE,ORD,matched
20211120_172157_192.wav,Raw_recordings_Day1_pt6,168.921752,171.685161,2.763409,NOISE,ORD,matched
20211120_172157_192.wav,Raw_recordings_Day1_pt6,214.723586,217.404125,2.680539,NOISE,ORD,matched
20211120_172157_192.wav,Raw_recordings_Day1_pt6,220.467142,221.786694,1.319552,ECT,ORD,matched
20211120_172157_192.wav,Raw_recordings_Day1_pt6,267.696896,267.916822,0.219926,W,ORD,matched
20211120_172157_192.wav,Raw_recordings_Day1_pt6,274.132102,274.342465,0.210363,W,ORD,matched
20211120_172157_192.wav,Raw_recordings_Day1_pt6,275.528149,275.964813,0.436664,W,ORD,matched
20211120_172157_192.wav,Raw_recordings_Day1_pt6,276.984756,277.383171,0.398415,W,ORD,matched
20211120_172157_192.wav,Raw_recordings_Day1_pt6,279.419871,279.770477,0.350606,W,ORD,matched
20211120_172157_192.wav,Raw_recordings_Day1_pt6,281.023095,281.418323,0.395228,W,ORD,matched
20211120_172157_192.wav,Raw_recordings_Day1_pt6,282.581696,283.101229,0.519533,W,ORD,matched
20211120_172157_192.wav,Raw_recordings_Day1_pt6,284.079737,284.522775,0.443038,W,ORD,matched
20211120_172157_192.wav,Raw_recordings_Day1_pt6,285.026372,285.491722,0.46535,W,ORD,matched
20211120_172157_192.wav,Raw_recordings_Day1_pt6,286.157872,286.537164,0.379292,W,ORD,matched
20211120_172157_192.wav,Raw_recordings_Day1_pt6,286.951516,287.311683,0.360167,W,ORD,matched
20211120_172157_192.wav,Raw_recordings_Day1_pt6,287.729222,288.063891,0.334669,W,ORD,matched
20211120_172157_192.wav,Raw_recordings_Day1_pt6,288.554739,288.934031,0.379292,W,ORD,matched
20211120_172157_192.wav,Raw_recordings_Day1_pt6,289.373881,289.721299,0.347418,W,ORD,matched
20211120_172157_192.wav,Raw_recordings_Day1_pt6,290.091029,290.492632,0.401603,W,ORD,matched
20211120_172157_192.wav,Raw_recordings_Day1_pt6,291.021727,291.452016,0.430289,W,ORD,matched
20211120_172157_192.wav,Raw_recordings_Day1_pt6,292.532518,292.870375,0.337857,W,ORD,matched
20211120_172657_192.wav,Raw_recordings_Day1_pt6,197.961357,200.027322,2.065965,ECT,unknown,unknown
20211120_172657_192.wav,Raw_recordings_Day1_pt6,202.973567,204.296982,1.323415,ECT,unknown,unknown
20211120_172657_192.wav,Raw_recordings_Day1_pt6,245.469567,247.643322,2.173755,ECT,unknown,unknown
20211120_173158_192.wav,Raw_recordings_Day1_pt6,19.69447,19.869772,0.175302,W,unknown,unknown
20211120_173158_192.wav,Raw_recordings_Day1_pt6,37.505231,39.29332,1.788089,W,unknown,unknown
20211120_173158_192.wav,Raw_recordings_Day1_pt6,69.837437,70.086049,0.248612,W,unknown,unknown
20211120_173158_192.wav,Raw_recordings_Day1_pt6,73.050259,73.327556,0.277297,W,unknown,unknown
20211120_173158_192.wav,Raw_recordings_Day1_pt6,73.75147,74.162635,0.411165,W,unknown,unknown
20211120_173158_192.wav,Raw_recordings_Day1_pt6,74.433557,74.745915,0.312358,W,unknown,unknown
20211120_173158_192.wav,Raw_recordings_Day1_pt6,76.897358,77.330834,0.433476,W,unknown,unknown
20211120_173158_192.wav,Raw_recordings_Day1_pt6,263.805175,264.302397,0.497222,W,unknown,unknown
20211120_173158_192.wav,Raw_recordings_Day1_pt6,269.191751,270.469868,1.278117,W,unknown,unknown
20211120_173658_192.wav,Raw_recordings_Day1_pt6,37.553041,38.085324,0.532283,FB,unknown,unknown
20211120_173658_192.wav,Raw_recordings_Day1_pt6,54.225929,56.138323,1.912394,ECT,unknown,unknown
20211120_173658_192.wav,Raw_recordings_Day1_pt6,70.487651,72.122748,1.635097,BPS,unknown,unknown
20211120_173658_192.wav,Raw_recordings_Day1_pt6,81.123749,84.231389,3.10764,ECT,unknown,unknown
20211120_173658_192.wav,Raw_recordings_Day1_pt6,141.800819,143.066187,1.265368,BPS,unknown,unknown
20211120_173658_192.wav,Raw_recordings_Day1_pt6,236.123273,236.410132,0.286859,W,unknown,unknown
20211120_173658_192.wav,Raw_recordings_Day1_pt6,237.057159,237.308958,0.251799,W,unknown,unknown
20211120_173658_192.wav,Raw_recordings_Day1_pt6,238.921743,239.224539,0.302796,W,unknown,unknown
20211120_173658_192.wav,Raw_recordings_Day1_pt6,280.372881,283.018359,2.645478,NOISE,unknown,unknown
20211120_173658_192.wav,Raw_recordings_Day1_pt6,298.327072,300.051414,1.724342,NOISE,unknown,unknown
20211120_174159_192.wav,Raw_recordings_Day1_pt6,6.224842,7.920498,1.695656,NOISE,unknown,unknown
20211120_174159_192.wav,Raw_recordings_Day1_pt6,36.921951,38.789723,1.867772,NOISE,unknown,unknown
20211120_174159_192.wav,Raw_recordings_Day1_pt6,40.616059,42.442395,1.826336,NOISE,unknown,unknown
20211120_174159_192.wav,Raw_recordings_Day1_pt6,84.110271,84.199516,0.089245,W,unknown,unknown
20211120_174159_192.wav,Raw_recordings_Day1_pt6,89.834703,90.099251,0.264548,W,unknown,unknown
20211120_174159_192.wav,Raw_recordings_Day1_pt6,91.654664,91.976584,0.32192,W,unknown,unknown
20211120_174159_192.wav,Raw_recordings_Day1_pt6,93.659491,94.179024,0.519533,W,unknown,unknown
20211120_174159_192.wav,Raw_recordings_Day1_pt6,94.179024,94.861111,0.682087,W,unknown,unknown
20211120_174159_192.wav,Raw_recordings_Day1_pt6,96.062732,97.366347,1.303615,MW,unknown,unknown
20211120_174159_192.wav,Raw_recordings_Day1_pt6,96.097793,96.671511,0.573718,W,unknown,unknown
20211120_174159_192.wav,Raw_recordings_Day1_pt6,96.413338,97.270728,0.85739,W,unknown,unknown
20211120_174159_192.wav,Raw_recordings_Day1_pt6,97.834884,98.539282,0.704398,W,unknown,unknown
20211120_174159_192.wav,Raw_recordings_Day1_pt6,99.052441,99.737716,0.685275,W,unknown,unknown
20211120_174159_192.wav,Raw_recordings_Day1_pt6,99.151248,100.48355,1.332302,MW,unknown,unknown
20211120_174159_192.wav,Raw_recordings_Day1_pt6,99.696281,100.407054,0.710773,W,unknown,unknown
20211120_174159_192.wav,Raw_recordings_Day1_pt6,100.901089,102.274825,1.373736,MW,unknown,unknown
20211120_174159_192.wav,Raw_recordings_Day1_pt6,100.901089,101.570427,0.669338,W,unknown,unknown
20211120_174159_192.wav,Raw_recordings_Day1_pt6,101.487556,102.341759,0.854203,W,unknown,unknown
20211120_174159_192.wav,Raw_recordings_Day1_pt6,102.950538,104.375271,1.424733,MW,unknown,unknown
20211120_174159_192.wav,Raw_recordings_Day1_pt6,102.950538,103.702746,0.752208,W,unknown,unknown
20211120_174159_192.wav,Raw_recordings_Day1_pt6,103.565691,104.282839,0.717148,W,unknown,unknown
20211120_174159_192.wav,Raw_recordings_Day1_pt6,106.016743,107.514784,1.498041,MW,unknown,unknown
20211120_174159_192.wav,Raw_recordings_Day1_pt6,106.032679,106.714766,0.682087,W,unknown,unknown
20211120_174159_192.wav,Raw_recordings_Day1_pt6,106.714766,107.581718,0.866952,W,unknown,unknown
20211120_174159_192.wav,Raw_recordings_Day1_pt6,107.983321,110.083767,2.100446,MW,unknown,unknown
20211120_174159_192.wav,Raw_recordings_Day1_pt6,108.027943,108.710031,0.682088,W,unknown,unknown
20211120_174159_192.wav,Raw_recordings_Day1_pt6,108.620786,109.290123,0.669337,W,unknown,unknown
20211120_174159_192.wav,Raw_recordings_Day1_pt6,109.232752,110.023208,0.790456,W,unknown,unknown
20211120_174159_192.wav,Raw_recordings_Day1_pt6,110.61605,112.566692,1.950642,MW,unknown,unknown
20211120_174159_192.wav,Raw_recordings_Day1_pt6,110.61605,111.301324,0.685274,W,unknown,unknown
20211120_174159_192.wav,Raw_recordings_Day1_pt6,111.192955,111.91329,0.720335,W,unknown,unknown
20211120_174159_192.wav,Raw_recordings_Day1_pt6,111.801734,112.566692,0.764958,W,unknown,unknown
20211120_174159_192.wav,Raw_recordings_Day1_pt6,113.000168,113.80656,0.806392,W,unknown,unknown
20211120_174159_192.wav,Raw_recordings_Day1_pt6,113.038415,114.590642,1.552227,MW,unknown,unknown
20211120_174159_192.wav,Raw_recordings_Day1_pt6,113.790624,114.648014,0.85739,W,unknown,unknown
20211120_174159_192.wav,Raw_recordings_Day1_pt6,116.534909,117.883147,1.348238,MW,unknown,unknown
20211120_174159_192.wav,Raw_recordings_Day1_pt6,116.534909,117.191497,0.656588,W,unknown,unknown
20211120_174159_192.wav,Raw_recordings_Day1_pt6,117.108627,117.835337,0.72671,W,unknown,unknown
20211120_174159_192.wav,Raw_recordings_Day1_pt6,118.584358,120.060088,1.47573,MW,unknown,unknown
20211120_174159_192.wav,Raw_recordings_Day1_pt6,118.584358,119.298318,0.71396,W,unknown,unknown
20211120_174159_192.wav,Raw_recordings_Day1_pt6,119.186762,120.018653,0.831891,W,unknown,unknown
20211120_174159_192.wav,Raw_recordings_Day1_pt6,120.825046,121.707934,0.882888,W,unknown,unknown
20211120_174159_192.wav,Raw_recordings_Day1_pt6,120.911104,122.297589,1.386485,MW,unknown,unknown
20211120_174159_192.wav,Raw_recordings_Day1_pt6,121.526257,122.316713,0.790456,W,unknown,unknown
20211120_174159_192.wav,Raw_recordings_Day1_pt6,122.912743,123.735072,0.822329,W,unknown,unknown
20211120_174159_192.wav,Raw_recordings_Day1_pt6,125.328733,126.798089,1.469356,MW,unknown,unknown
20211120_174159_192.wav,Raw_recordings_Day1_pt6,125.386105,126.065005,0.6789,W,unknown,unknown
20211120_174159_192.wav,Raw_recordings_Day1_pt6,125.969385,126.763029,0.793644,W,unknown,unknown
20211120_174159_192.wav,Raw_recordings_Day1_pt6,127.282563,128.006085,0.723522,W,unknown,unknown
20211120_174159_192.wav,Raw_recordings_Day1_pt6,127.311248,128.637175,1.325927,MW,unknown,unknown
20211120_174159_192.wav,Raw_recordings_Day1_pt6,127.897716,128.723233,0.825517,W,unknown,unknown
20211120_174159_192.wav,Raw_recordings_Day1_pt6,129.198144,130.587817,1.389673,MW,unknown,unknown
20211120_174159_192.wav,Raw_recordings_Day1_pt6,129.198144,129.966289,0.768145,W,unknown,unknown
20211120_174159_192.wav,Raw_recordings_Day1_pt6,129.864294,130.610128,0.745834,W,unknown,unknown
20211120_174159_192.wav,Raw_recordings_Day1_pt6,131.056353,131.792625,0.736272,W,unknown,unknown
20211120_174159_192.wav,Raw_recordings_Day1_pt6,131.136036,132.36953,1.233494,MW,unknown,unknown
20211120_174159_192.wav,Raw_recordings_Day1_pt6,131.652383,132.404591,0.752208,W,unknown,unknown
20211120_174159_192.wav,Raw_recordings_Day1_pt6,132.940061,133.720955,0.780894,W,unknown,unknown
20211120_174159_192.wav,Raw_recordings_Day1_pt6,134.234114,134.954449,0.720335,W,unknown,unknown
20211120_174159_192.wav,Raw_recordings_Day1_pt6,134.278737,135.560041,1.281304,MW,unknown,unknown
20211120_174159_192.wav,Raw_recordings_Day1_pt6,134.798271,135.560041,0.76177,W,unknown,unknown
20211120_174159_192.wav,Raw_recordings_Day1_pt6,211.032666,212.377716,1.34505,MW,unknown,unknown
20211120_174159_192.wav,Raw_recordings_Day1_pt6,211.032666,211.730689,0.698023,W,unknown,unknown
20211120_174159_192.wav,Raw_recordings_Day1_pt6,211.676505,212.352217,0.675712,W,unknown,unknown
20211120_174159_192.wav,Raw_recordings_Day1_pt6,213.015181,213.786513,0.771332,W,unknown,unknown
20211120_174159_192.wav,Raw_recordings_Day1_pt6,213.980939,214.749084,0.768145,W,unknown,unknown
20211120_174159_192.wav,Raw_recordings_Day1_pt6,215.252681,216.527611,1.27493,MW,unknown,unknown
20211120_174159_192.wav,Raw_recordings_Day1_pt6,215.252681,215.931581,0.6789,W,unknown,unknown
20211120_174159_192.wav,Raw_recordings_Day1_pt6,215.845523,216.508487,0.662964,W,unknown,unknown
20211120_174159_192.wav,Raw_recordings_Day1_pt6,216.884591,218.200955,1.316364,MW,unknown,unknown
20211120_174159_192.wav,Raw_recordings_Day1_pt6,216.884591,217.598551,0.71396,W,unknown,unknown
20211120_174159_192.wav,Raw_recordings_Day1_pt6,217.512493,218.261514,0.749021,W,unknown,unknown
20211120_174159_192.wav,Raw_recordings_Day1_pt6,219.95717,221.930123,1.972953,MW,unknown,unknown
20211120_174159_192.wav,Raw_recordings_Day1_pt6,220.036853,220.801811,0.764958,W,unknown,unknown
20211120_174159_192.wav,Raw_recordings_Day1_pt6,220.642445,221.381904,0.739459,W,unknown,unknown
20211120_174159_192.wav,Raw_recordings_Day1_pt6,221.212976,221.952435,0.739459,W,unknown,unknown
20211120_174159_192.wav,Raw_recordings_Day1_pt6,222.408222,223.11262,0.704398,W,unknown,unknown
20211120_174159_192.wav,Raw_recordings_Day1_pt6,222.465594,223.817019,1.351425,MW,unknown,unknown
20211120_174159_192.wav,Raw_recordings_Day1_pt6,222.969191,223.699088,0.729897,W,unknown,unknown
20211120_174159_192.wav,Raw_recordings_Day1_pt6,224.068817,224.789152,0.720335,W,unknown,unknown
20211120_174159_192.wav,Raw_recordings_Day1_pt6,224.10069,225.324623,1.223933,MW,unknown,unknown
20211120_174159_192.wav,Raw_recordings_Day1_pt6,224.687158,225.407493,0.720335,W,unknown,unknown
20211120_174159_192.wav,Raw_recordings_Day1_pt6,225.703914,226.535805,0.831891,W,unknown,unknown
20211120_174159_192.wav,Raw_recordings_Day1_pt6,225.729413,227.418694,1.689281,MW,unknown,unknown
20211120_174159_192.wav,Raw_recordings_Day1_pt6,226.554929,227.335823,0.780894,W,unknown,unknown
20211120_174159_192.wav,Raw_recordings_Day1_pt6,227.539812,228.075282,0.53547,W,unknown,unknown
20211120_174159_192.wav,Raw_recordings_Day1_pt6,227.555749,238.74644,11.190691,MW,unknown,unknown
20211120_174159_192.wav,Raw_recordings_Day1_pt6,228.001974,228.486447,0.484473,W,unknown,unknown
20211120_174159_192.wav,Raw_recordings_Day1_pt6,228.448199,229.095226,0.647027,W,unknown,unknown
20211120_174159_192.wav,Raw_recordings_Day1_pt6,229.06654,229.464955,0.398415,W,unknown,unknown
20211120_174159_192.wav,Raw_recordings_Day1_pt6,229.544638,230.392466,0.847828,W,unknown,unknown
20211120_174159_192.wav,Raw_recordings_Day1_pt6,230.335095,231.052242,0.717147,W,unknown,unknown
20211120_174159_192.wav,Raw_recordings_Day1_pt6,231.195672,231.785327,0.589655,W,unknown,unknown
20211120_174159_192.wav,Raw_recordings_Day1_pt6,231.884134,232.298486,0.414352,W,unknown,unknown
20211120_174159_192.wav,Raw_recordings_Day1_pt6,232.384543,233.312054,0.927511,W,unknown,unknown
20211120_174159_192.wav,Raw_recordings_Day1_pt6,233.359864,234.092949,0.733085,W,unknown,unknown
20211120_174159_192.wav,Raw_recordings_Day1_pt6,234.15032,234.768661,0.618341,W,unknown,unknown
20211120_174159_192.wav,Raw_recordings_Day1_pt6,234.752724,235.119267,0.366543,W,unknown,unknown
20211120_174159_192.wav,Raw_recordings_Day1_pt6,235.224448,235.785417,0.560969,W,unknown,unknown
20211120_174159_192.wav,Raw_recordings_Day1_pt6,235.785417,236.180645,0.395228,W,unknown,unknown
20211120_174159_192.wav,Raw_recordings_Day1_pt6,236.180645,236.760738,0.580093,W,unknown,unknown
20211120_174159_192.wav,Raw_recordings_Day1_pt6,236.642807,237.038035,0.395228,W,unknown,unknown
20211120_174159_192.wav,Raw_recordings_Day1_pt6,237.133655,237.9018,0.768145,W,unknown,unknown
20211120_174159_192.wav,Raw_recordings_Day1_pt6,237.971921,238.66357,0.691649,W,unknown,unknown
20211120_174159_192.wav,Raw_recordings_Day1_pt6,239.026925,239.779133,0.752208,W,unknown,unknown
20211120_174159_192.wav,Raw_recordings_Day1_pt6,239.779133,240.454846,0.675713,W,unknown,unknown
20211120_174159_192.wav,Raw_recordings_Day1_pt6,240.658834,241.433354,0.77452,W,unknown,unknown
20211120_174159_192.wav,Raw_recordings_Day1_pt6,276.806266,279.30194,2.495674,NOISE,unknown,unknown
20211120_174159_192.wav,Raw_recordings_Day1_pt6,282.734687,285.141116,2.406429,NOISE,unknown,unknown
20211120_174159_192.wav,Raw_recordings_Day1_pt6,287.072634,289.641616,2.568982,NOISE,unknown,unknown
20211120_174159_192.wav,Raw_recordings_Day1_pt6,289.724487,292.491083,2.766596,NOISE,unknown,unknown
20211120_174159_192.wav,Raw_recordings_Day1_pt6,292.965994,295.417046,2.451052,NOISE,unknown,unknown
20211120_174159_192.wav,Raw_recordings_Day1_pt6,295.608285,298.362132,2.753847,NOISE,unknown,unknown
20211120_174700_192.wav,Raw_recordings_Day1_pt6,2.919298,4.470269,1.550971,NOISE,unknown,unknown
20211120_174700_192.wav,Raw_recordings_Day1_pt6,6.542222,8.709988,2.167766,NOISE,unknown,unknown
20211120_174700_192.wav,Raw_recordings_Day1_pt6,12.231111,14.856982,2.625871,NOISE,unknown,unknown
20211120_174700_192.wav,Raw_recordings_Day1_pt6,19.237427,21.129731,1.892304,NOISE,unknown,unknown
20211120_174700_192.wav,Raw_recordings_Day1_pt6,22.10283,24.66283,2.56,NOISE,unknown,unknown
20211120_174700_192.wav,Raw_recordings_Day1_pt6,27.393497,30.441544,3.048047,NOISE,unknown,unknown
20211120_174700_192.wav,Raw_recordings_Day1_pt6,47.355509,48.852585,1.497076,ECT,unknown,unknown
20211120_174700_192.wav,Raw_recordings_Day1_pt6,49.104094,50.427509,1.323415,BPS,unknown,unknown
20211120_174700_192.wav,Raw_recordings_Day1_pt6,69.185871,71.590175,2.404304,NOISE,unknown,unknown
20211120_174700_192.wav,Raw_recordings_Day1_pt6,90.737778,92.692959,1.955181,NOISE,unknown,unknown
20211120_174700_192.wav,Raw_recordings_Day1_pt6,113.870596,114.107135,0.236539,W,unknown,unknown
20211120_174700_192.wav,Raw_recordings_Day1_pt6,116.451556,116.679111,0.227555,W,unknown,unknown
20211120_174700_192.wav,Raw_recordings_Day1_pt6,117.21207,117.535439,0.323369,W,unknown,unknown
20211120_174700_192.wav,Raw_recordings_Day1_pt6,142.485708,144.587602,2.101894,NOISE,unknown,unknown
20211120_174700_192.wav,Raw_recordings_Day1_pt6,163.75317,163.905871,0.152701,W,unknown,unknown
20211120_174700_192.wav,Raw_recordings_Day1_pt6,179.508398,181.21207,1.703672,NOISE,unknown,unknown
20211120_174700_192.wav,Raw_recordings_Day1_pt6,191.008936,193.69469,2.685754,NOISE,unknown,unknown
20211120_174700_192.wav,Raw_recordings_Day1_pt6,209.207392,210.967953,1.760561,ECT,unknown,unknown
20211120_174700_192.wav,Raw_recordings_Day1_pt6,211.177544,212.471018,1.293474,ECT,unknown,unknown
20211120_174700_192.wav,Raw_recordings_Day1_pt6,212.776421,214.264515,1.488094,ECT,unknown,unknown
20211120_174700_192.wav,Raw_recordings_Day1_pt6,221.504374,223.166129,1.661755,ECT,unknown,unknown
20211120_174700_192.wav,Raw_recordings_Day1_pt6,232.666573,233.801357,1.134784,BPS,unknown,unknown
20211120_174700_192.wav,Raw_recordings_Day1_pt6,234.58283,235.897263,1.314433,BPS,unknown,unknown
20211120_174700_192.wav,Raw_recordings_Day1_pt6,290.696234,292.762199,2.065965,NOISE,unknown,unknown
20211120_174700_192.wav,Raw_recordings_Day1_pt6,296.403088,299.005006,2.601918,NOISE,unknown,unknown
20211120_175200_192.wav,Raw_recordings_Day1_pt6,24.402726,26.862373,2.459647,NOISE,unknown,unknown
20211120_175200_192.wav,Raw_recordings_Day1_pt6,30.106875,32.862074,2.755199,NOISE,unknown,unknown
20211120_175200_192.wav,Raw_recordings_Day1_pt6,50.013929,52.94646,2.932531,NOISE,unknown,unknown
20211120_175200_192.wav,Raw_recordings_Day1_pt6,55.238628,58.469994,3.231366,NOISE,unknown,unknown
20211120_175200_192.wav,Raw_recordings_Day1_pt6,65.129761,65.310376,0.180615,W,unknown,unknown
20211120_175200_192.wav,Raw_recordings_Day1_pt6,69.057316,70.121302,1.063986,W,unknown,unknown
20211120_175200_192.wav,Raw_recordings_Day1_pt6,70.436558,71.759973,1.323415,W,unknown,unknown
20211120_175200_192.wav,Raw_recordings_Day1_pt6,73.204893,74.718775,1.513882,BPS,unknown,unknown
20211120_175200_192.wav,Raw_recordings_Day1_pt6,76.107868,76.373865,0.265997,W,unknown,unknown
20211120_175200_192.wav,Raw_recordings_Day1_pt6,76.754798,78.203002,1.448204,MW,unknown,unknown
20211120_175200_192.wav,Raw_recordings_Day1_pt6,76.767934,77.533084,0.76515,W,unknown,unknown
20211120_175200_192.wav,Raw_recordings_Day1_pt6,77.372173,78.055226,0.683053,W,unknown,unknown
20211120_175200_192.wav,Raw_recordings_Day1_pt6,78.150459,78.869635,0.719176,BPS,unknown,unknown
20211120_175200_192.wav,Raw_recordings_Day1_pt6,78.465714,78.777686,0.311972,W,unknown,unknown
20211120_175200_192.wav,Raw_recordings_Day1_pt6,79.115928,79.421332,0.305404,W,unknown,unknown
20211120_175200_192.wav,Raw_recordings_Day1_pt6,79.736587,80.041991,0.305404,W,unknown,unknown
20211120_175200_192.wav,Raw_recordings_Day1_pt6,80.327691,80.688921,0.36123,W,unknown,unknown
20211120_175200_192.wav,Raw_recordings_Day1_pt6,80.636378,80.895807,0.259429,W,unknown,unknown
20211120_175200_192.wav,Raw_recordings_Day1_pt6,80.849832,81.168371,0.318539,W,unknown,unknown
20211120_175200_192.wav,Raw_recordings_Day1_pt6,92.182601,94.133243,1.950642,NOISE,unknown,unknown
20211120_175200_192.wav,Raw_recordings_Day1_pt6,127.074131,129.56005,2.485919,NOISE,unknown,unknown
20211120_175200_192.wav,Raw_recordings_Day1_pt6,137.070349,139.03741,1.967061,ECT,unknown,unknown
20211120_175200_192.wav,Raw_recordings_Day1_pt6,147.31286,148.902272,1.589412,BPS,unknown,unknown
20211120_175200_192.wav,Raw_recordings_Day1_pt6,189.717973,191.69817,1.980197,ECT,unknown,unknown
20211120_175200_192.wav,Raw_recordings_Day1_pt6,193.757181,195.42869,1.671509,BPS,unknown,unknown
20211120_175200_192.wav,Raw_recordings_Day1_pt6,249.521234,251.179608,1.658374,BPS,unknown,unknown
20211120_175200_192.wav,Raw_recordings_Day1_pt6,257.396048,259.074125,1.678077,BPS,unknown,unknown
20211120_175200_192.wav,Raw_recordings_Day1_pt6,268.709113,269.914307,1.205194,BPS,unknown,unknown
20211120_175200_192.wav,Raw_recordings_Day1_pt6,274.163685,276.022378,1.858693,ECT,unknown,unknown
20211120_175701_192.wav,Raw_recordings_Day1_pt7,1.170713,3.551064,2.380351,NOISE,unknown,unknown
20211120_175701_192.wav,Raw_recordings_Day1_pt7,11.728094,11.928702,0.200608,W,unknown,unknown
20211120_175701_192.wav,Raw_recordings_Day1_pt7,11.781988,12.581427,0.799439,MW,unknown,unknown
20211120_175701_192.wav,Raw_recordings_Day1_pt7,11.997567,12.171228,0.173661,W,unknown,unknown
20211120_175701_192.wav,Raw_recordings_Day1_pt7,42.672655,44.121825,1.44917,ECT,unknown,unknown
20211120_175701_192.wav,Raw_recordings_Day1_pt7,43.235556,43.567906,0.33235,MW,unknown,unknown
20211120_175701_192.wav,Raw_recordings_Day1_pt7,43.271485,43.373287,0.101802,W,unknown,unknown
20211120_175701_192.wav,Raw_recordings_Day1_pt7,43.436164,43.549942,0.113778,W,unknown,unknown
20211120_175701_192.wav,Raw_recordings_Day1_pt7,49.631064,50.726924,1.09586,MW,unknown,unknown
20211120_175701_192.wav,Raw_recordings_Day1_pt7,49.631064,49.747836,0.116772,W,unknown,unknown
20211120_175701_192.wav,Raw_recordings_Day1_pt7,49.765801,49.933474,0.167673,W,unknown,unknown
20211120_175701_192.wav,Raw_recordings_Day1_pt7,49.933474,50.122105,0.188631,W,unknown,unknown
20211120_175701_192.wav,Raw_recordings_Day1_pt7,50.122105,50.322713,0.200608,W,unknown,unknown
20211120_175701_192.wav,Raw_recordings_Day1_pt7,50.322713,50.520327,0.197614,W,unknown,unknown
20211120_175701_192.wav,Raw_recordings_Day1_pt7,50.520327,50.726924,0.206597,W,unknown,unknown
20211120_175701_192.wav,Raw_recordings_Day1_pt7,53.12524,54.128281,1.003041,MW,unknown,unknown
20211120_175701_192.wav,Raw_recordings_Day1_pt7,53.140211,53.289918,0.149707,W,unknown,unknown
20211120_175701_192.wav,Raw_recordings_Day1_pt7,53.301895,53.481544,0.179649,W,unknown,unknown
20211120_175701_192.wav,Raw_recordings_Day1_pt7,53.481544,53.667181,0.185637,W,unknown,unknown
20211120_175701_192.wav,Raw_recordings_Day1_pt7,53.667181,53.864795,0.197614,W,unknown,unknown
20211120_175701_192.wav,Raw_recordings_Day1_pt7,53.879766,54.080374,0.200608,W,unknown,unknown
20211120_175701_192.wav,Raw_recordings_Day1_pt7,57.305076,57.487719,0.182643,W,unknown,unknown
20211120_175701_192.wav,Raw_recordings_Day1_pt7,58.63448,59.565661,0.931181,MW,unknown,unknown
20211120_175701_192.wav,Raw_recordings_Day1_pt7,58.667415,58.781193,0.113778,W,unknown,unknown
20211120_175701_192.wav,Raw_recordings_Day1_pt7,58.799158,58.972819,0.173661,W,unknown,unknown
20211120_175701_192.wav,Raw_recordings_Day1_pt7,58.990784,59.152468,0.161684,W,unknown,unknown
20211120_175701_192.wav,Raw_recordings_Day1_pt7,59.188398,59.35607,0.167672,W,unknown,unknown
20211120_175701_192.wav,Raw_recordings_Day1_pt7,59.371041,59.565661,0.19462,W,unknown,unknown
20211120_175701_192.wav,Raw_recordings_Day1_pt7,60.796257,61.772351,0.976094,MW,unknown,unknown
20211120_175701_192.wav,Raw_recordings_Day1_pt7,60.796257,60.895064,0.098807,W,unknown,unknown
20211120_175701_192.wav,Raw_recordings_Day1_pt7,60.922012,61.098667,0.176655,W,unknown,unknown
20211120_175701_192.wav,Raw_recordings_Day1_pt7,61.08669,61.275322,0.188632,W,unknown,unknown
20211120_175701_192.wav,Raw_recordings_Day1_pt7,61.254363,61.442994,0.188631,W,unknown,unknown
20211120_175701_192.wav,Raw_recordings_Day1_pt7,61.442994,61.613661,0.170667,W,unknown,unknown
20211120_175701_192.wav,Raw_recordings_Day1_pt7,61.592702,61.805287,0.212585,W,unknown,unknown
20211120_175701_192.wav,Raw_recordings_Day1_pt7,63.470035,64.314386,0.844351,BPS,unknown,unknown
20211120_175701_192.wav,Raw_recordings_Day1_pt7,68.206784,69.161918,0.955134,W,unknown,unknown
20211120_175701_192.wav,Raw_recordings_Day1_pt7,70.296702,71.209918,0.913216,BPS,unknown,unknown
20211120_175701_192.wav,Raw_recordings_Day1_pt7,72.647111,73.754947,1.107836,W,unknown,unknown
20211120_175701_192.wav,Raw_recordings_Day1_pt7,79.55462,81.554713,2.000093,MW,unknown,unknown
20211120_175701_192.wav,Raw_recordings_Day1_pt7,79.599532,80.198363,0.598831,W,unknown,unknown
20211120_175701_192.wav,Raw_recordings_Day1_pt7,80.26124,80.952889,0.691649,W,unknown,unknown
20211120_175701_192.wav,Raw_recordings_Day1_pt7,80.80917,81.521778,0.712608,W,unknown,unknown
20211120_175701_192.wav,Raw_recordings_Day1_pt7,81.773287,82.180491,0.407204,W,unknown,unknown
20211120_175701_192.wav,Raw_recordings_Day1_pt7,81.788257,83.49193,1.703673,MW,unknown,unknown
20211120_175701_192.wav,Raw_recordings_Day1_pt7,82.168515,82.863158,0.694643,W,unknown,unknown
20211120_175701_192.wav,Raw_recordings_Day1_pt7,82.674526,83.473965,0.799439,W,unknown,unknown
20211120_175701_192.wav,Raw_recordings_Day1_pt7,83.976982,84.372211,0.395229,W,unknown,unknown
20211120_175701_192.wav,Raw_recordings_Day1_pt7,84.036865,85.701614,1.664749,MW,unknown,unknown
20211120_175701_192.wav,Raw_recordings_Day1_pt7,84.360234,85.069848,0.709614,W,unknown,unknown
20211120_175701_192.wav,Raw_recordings_Day1_pt7,84.914152,85.668678,0.754526,W,unknown,unknown
20211120_175701_192.wav,Raw_recordings_Day1_pt7,86.303439,88.261614,1.958175,ECT,unknown,unknown
20211120_175701_192.wav,Raw_recordings_Day1_pt7,94.08524,94.80683,0.72159,W,unknown,unknown
20211120_175701_192.wav,Raw_recordings_Day1_pt7,94.112187,95.767953,1.655766,MW,unknown,unknown
20211120_175701_192.wav,Raw_recordings_Day1_pt7,94.636164,95.375719,0.739555,W,unknown,unknown
20211120_175701_192.wav,Raw_recordings_Day1_pt7,95.411649,95.791906,0.380257,W,unknown,unknown
20211120_175701_192.wav,Raw_recordings_Day1_pt7,98.561497,100.03462,1.473123,BPS,unknown,unknown
20211120_175701_192.wav,Raw_recordings_Day1_pt7,127.266433,129.871345,2.604912,NOISE,unknown,unknown
20211120_175701_192.wav,Raw_recordings_Day1_pt7,143.32407,144.806175,1.482105,MW,unknown,unknown
20211120_175701_192.wav,Raw_recordings_Day1_pt7,143.473778,144.162433,0.688655,W,unknown,unknown
20211120_175701_192.wav,Raw_recordings_Day1_pt7,144.051649,144.836117,0.784468,W,unknown,unknown
20211120_175701_192.wav,Raw_recordings_Day1_pt7,145.05469,146.545778,1.491088,MW,unknown,unknown
20211120_175701_192.wav,Raw_recordings_Day1_pt7,145.09062,145.740351,0.649731,W,unknown,unknown
20211120_175701_192.wav,Raw_recordings_Day1_pt7,145.105591,146.452959,1.347368,W,unknown,unknown
20211120_175701_192.wav,Raw_recordings_Day1_pt7,145.842152,146.51883,0.676678,W,unknown,unknown
20211120_175701_192.wav,Raw_recordings_Day1_pt7,148.189567,148.947088,0.757521,W,unknown,unknown
20211120_175701_192.wav,Raw_recordings_Day1_pt7,148.258433,150.836398,2.577965,MW,unknown,unknown
20211120_175701_192.wav,Raw_recordings_Day1_pt7,148.680608,149.435135,0.754527,W,unknown,unknown
20211120_175701_192.wav,Raw_recordings_Day1_pt7,149.480047,150.17469,0.694643,W,unknown,unknown
20211120_175701_192.wav,Raw_recordings_Day1_pt7,150.010012,150.791485,0.781473,W,unknown,unknown
20211120_175701_192.wav,Raw_recordings_Day1_pt7,151.716678,153.228725,1.512047,MW,unknown,unknown
20211120_175701_192.wav,Raw_recordings_Day1_pt7,151.716678,152.570012,0.853334,W,unknown,unknown
20211120_175701_192.wav,Raw_recordings_Day1_pt7,152.411322,153.168842,0.75752,W,unknown,unknown
20211120_175701_192.wav,Raw_recordings_Day1_pt7,154.761731,156.719906,1.958175,NOISE,unknown,unknown
20211120_175701_192.wav,Raw_recordings_Day1_pt7,159.62124,161.759064,2.137824,NOISE,unknown,unknown
20211120_175701_192.wav,Raw_recordings_Day1_pt7,164.714292,167.549754,2.835462,NOISE,unknown,unknown
20211120_175701_192.wav,Raw_recordings_Day1_pt7,172.681731,174.059041,1.37731,MW,unknown,unknown
20211120_175701_192.wav,Raw_recordings_Day1_pt7,172.699696,173.391345,0.691649,W,unknown,unknown
20211120_175701_192.wav,Raw_recordings_Day1_pt7,173.340444,174.041076,0.700632,W,unknown,unknown
20211120_175701_192.wav,Raw_recordings_Day1_pt7,179.28683,180.071298,0.784468,W,unknown,unknown
20211120_175701_192.wav,Raw_recordings_Day1_pt7,179.298807,180.679111,1.380304,MW,unknown,unknown
20211120_175701_192.wav,Raw_recordings_Day1_pt7,179.894643,180.667135,0.772492,W,unknown,unknown
20211120_175701_192.wav,Raw_recordings_Day1_pt7,180.978526,182.580398,1.601872,W,unknown,unknown
20211120_175701_192.wav,Raw_recordings_Day1_pt7,184.16131,188.631579,4.470269,MW,unknown,unknown
20211120_175701_192.wav,Raw_recordings_Day1_pt7,184.16131,186.098526,1.937216,W,unknown,unknown
20211120_175701_192.wav,Raw_recordings_Day1_pt7,185.861988,186.559626,0.697638,BPS,unknown,unknown
20211120_175701_192.wav,Raw_recordings_Day1_pt7,185.939836,186.625497,0.685661,W,unknown,unknown
20211120_175701_192.wav,Raw_recordings_Day1_pt7,186.496749,188.383064,1.886315,W,unknown,unknown
20211120_175701_192.wav,Raw_recordings_Day1_pt7,187.844117,188.712421,0.868304,W,unknown,unknown
20211120_175701_192.wav,Raw_recordings_Day1_pt7,189.134596,189.975953,0.841357,W,unknown,unknown
20211120_175701_192.wav,Raw_recordings_Day1_pt7,189.185497,191.670643,2.485146,MW,unknown,unknown
20211120_175701_192.wav,Raw_recordings_Day1_pt7,189.844211,190.469988,0.625777,W,unknown,unknown
20211120_175701_192.wav,Raw_recordings_Day1_pt7,190.164585,191.631719,1.467134,W,unknown,unknown
20211120_175701_192.wav,Raw_recordings_Day1_pt7,194.065965,194.832468,0.766503,W,unknown,unknown
20211120_175701_192.wav,Raw_recordings_Day1_pt7,194.08393,204.054456,9.970526,MW,unknown,unknown
20211120_175701_192.wav,Raw_recordings_Day1_pt7,194.679766,195.416327,0.736561,W,unknown,unknown
20211120_175701_192.wav,Raw_recordings_Day1_pt7,195.560047,197.452351,1.892304,W,unknown,unknown
20211120_175701_192.wav,Raw_recordings_Day1_pt7,197.248749,197.901474,0.652725,W,unknown,unknown
20211120_175701_192.wav,Raw_recordings_Day1_pt7,197.901474,199.419509,1.518035,W,unknown,unknown
20211120_175701_192.wav,Raw_recordings_Day1_pt7,199.617123,201.015392,1.398269,W,unknown,unknown
20211120_175701_192.wav,Raw_recordings_Day1_pt7,200.656094,201.326784,0.67069,W,unknown,unknown
20211120_175701_192.wav,Raw_recordings_Day1_pt7,201.227977,202.060351,0.832374,W,unknown,unknown
20211120_175701_192.wav,Raw_recordings_Day1_pt7,202.036398,203.758035,1.721637,W,unknown,unknown
20211120_175701_192.wav,Raw_recordings_Day1_pt7,203.407719,204.162246,0.754527,W,unknown,unknown
20211120_175701_192.wav,Raw_recordings_Day1_pt7,204.314947,206.027602,1.712655,W,unknown,unknown
20211120_175701_192.wav,Raw_recordings_Day1_pt7,204.362854,206.240187,1.877333,MW,unknown,unknown
20211120_175701_192.wav,Raw_recordings_Day1_pt7,204.458667,205.159298,0.700631,W,unknown,unknown
20211120_175701_192.wav,Raw_recordings_Day1_pt7,206.81207,208.50676,1.69469,MW,unknown,unknown
20211120_175701_192.wav,Raw_recordings_Day1_pt7,206.81207,208.294175,1.482105,W,unknown,unknown
20211120_175701_192.wav,Raw_recordings_Day1_pt7,207.794152,208.518737,0.724585,W,unknown,unknown
20211120_175701_192.wav,Raw_recordings_Day1_pt7,208.979836,210.725427,1.745591,W,unknown,unknown
20211120_175701_192.wav,Raw_recordings_Day1_pt7,211.444023,213.614784,2.170761,MW,unknown,unknown
20211120_175701_192.wav,Raw_recordings_Day1_pt7,211.473965,213.156678,1.682713,W,unknown,unknown
20211120_175701_192.wav,Raw_recordings_Day1_pt7,211.665591,212.405146,0.739555,W,unknown,unknown
20211120_175701_192.wav,Raw_recordings_Day1_pt7,212.74648,213.572865,0.826385,W,unknown,unknown
20211120_175701_192.wav,Raw_recordings_Day1_pt7,214.063906,215.743626,1.67972,MW,unknown,unknown
20211120_175701_192.wav,Raw_recordings_Day1_pt7,214.093848,214.61483,0.520982,W,unknown,unknown
20211120_175701_192.wav,Raw_recordings_Day1_pt7,214.207626,215.749614,1.541988,W,unknown,unknown
20211120_175701_192.wav,Raw_recordings_Day1_pt7,216.351439,218.312608,1.961169,NOISE,unknown,unknown
20211120_175701_192.wav,Raw_recordings_Day1_pt7,237.681778,238.876444,1.194666,BPS,unknown,unknown
20211120_175701_192.wav,Raw_recordings_Day1_pt7,239.756725,241.11607,1.359345,BPS,unknown,unknown
20211120_175701_192.wav,Raw_recordings_Day1_pt7,288.762012,290.591439,1.829427,NOISE,unknown,unknown
20211120_180201_192.wav,Raw_recordings_Day1_pt7,1.329983,3.963678,2.633695,NOISE,unknown,unknown
20211120_180201_192.wav,Raw_recordings_Day1_pt7,6.935615,9.589013,2.653398,NOISE,unknown,unknown
20211120_180201_192.wav,Raw_recordings_Day1_pt7,12.968155,16.160115,3.19196,NOISE,unknown,unknown
20211120_180201_192.wav,Raw_recordings_Day1_pt7,18.330778,21.085978,2.7552,NOISE,unknown,unknown
20211120_180201_192.wav,Raw_recordings_Day1_pt7,24.258234,27.348392,3.090158,NOISE,unknown,unknown
20211120_180201_192.wav,Raw_recordings_Day1_pt7,30.868742,33.285699,2.416957,NOISE,unknown,unknown
20211120_180201_192.wav,Raw_recordings_Day1_pt7,41.715492,44.588912,2.87342,NOISE,unknown,unknown
20211120_180201_192.wav,Raw_recordings_Day1_pt7,52.670612,52.976015,0.305403,W,unknown,unknown
20211120_180201_192.wav,Raw_recordings_Day1_pt7,52.690315,56.122,3.431685,MW,unknown,unknown
20211120_180201_192.wav,Raw_recordings_Day1_pt7,52.913621,53.780573,0.866952,W,unknown,unknown
20211120_180201_192.wav,Raw_recordings_Day1_pt7,53.544131,54.348689,0.804558,W,unknown,unknown
20211120_180201_192.wav,Raw_recordings_Day1_pt7,54.099112,56.135135,2.036023,W,unknown,unknown
20211120_180201_192.wav,Raw_recordings_Day1_pt7,56.335454,57.074333,0.738879,W,unknown,unknown
20211120_180201_192.wav,Raw_recordings_Day1_pt7,56.355157,58.887051,2.531894,MW,unknown,unknown
20211120_180201_192.wav,Raw_recordings_Day1_pt7,56.82804,58.282812,1.454772,W,unknown,unknown
20211120_180201_192.wav,Raw_recordings_Day1_pt7,56.995519,57.665437,0.669918,W,unknown,unknown
20211120_180201_192.wav,Raw_recordings_Day1_pt7,57.727831,58.469994,0.742163,W,unknown,unknown
20211120_180201_192.wav,Raw_recordings_Day1_pt7,58.315651,58.887051,0.5714,W,unknown,unknown
20211120_180201_192.wav,Raw_recordings_Day1_pt7,59.13006,59.773706,0.643646,W,unknown,unknown
20211120_180201_192.wav,Raw_recordings_Day1_pt7,59.169467,61.750619,2.581152,MW,unknown,unknown
20211120_180201_192.wav,Raw_recordings_Day1_pt7,59.790126,61.530597,1.740471,W,unknown,unknown
20211120_180201_192.wav,Raw_recordings_Day1_pt7,59.901779,60.529005,0.627226,W,unknown,unknown
20211120_180201_192.wav,Raw_recordings_Day1_pt7,60.578264,61.169367,0.591103,W,unknown,unknown
20211120_180201_192.wav,Raw_recordings_Day1_pt7,61.103689,61.767039,0.66335,W,unknown,unknown
20211120_180201_192.wav,Raw_recordings_Day1_pt7,61.931234,65.898196,3.966962,MW,unknown,unknown
20211120_180201_192.wav,Raw_recordings_Day1_pt7,61.950938,63.58304,1.632102,W,unknown,unknown
20211120_180201_192.wav,Raw_recordings_Day1_pt7,62.266193,63.343315,1.077122,W,unknown,unknown
20211120_180201_192.wav,Raw_recordings_Day1_pt7,63.560053,64.216835,0.656782,W,unknown,unknown
20211120_180201_192.wav,Raw_recordings_Day1_pt7,64.088762,65.760272,1.67151,W,unknown,unknown
20211120_180201_192.wav,Raw_recordings_Day1_pt7,64.44014,65.077219,0.637079,W,unknown,unknown
20211120_180201_192.wav,Raw_recordings_Day1_pt7,65.192155,65.865357,0.673202,W,unknown,unknown
20211120_180201_192.wav,Raw_recordings_Day1_pt7,66.193748,69.316745,3.122997,MW,unknown,unknown
20211120_180201_192.wav,Raw_recordings_Day1_pt7,66.226587,66.899788,0.673201,W,unknown,unknown
20211120_180201_192.wav,Raw_recordings_Day1_pt7,67.008157,67.612396,0.604239,W,unknown,unknown
20211120_180201_192.wav,Raw_recordings_Day1_pt7,67.008157,68.843862,1.835705,W,unknown,unknown
20211120_180201_192.wav,Raw_recordings_Day1_pt7,68.019601,68.715789,0.696188,W,unknown,unknown
20211120_180201_192.wav,Raw_recordings_Day1_pt7,68.492484,69.349584,0.8571,W,unknown,unknown
20211120_180201_192.wav,Raw_recordings_Day1_pt7,70.282214,71.999698,1.717484,W,unknown,unknown
20211120_180201_192.wav,Raw_recordings_Day1_pt7,72.525124,74.459346,1.934222,NOISE,unknown,unknown
20211120_180201_192.wav,Raw_recordings_Day1_pt7,75.129263,75.812316,0.683053,W,unknown,unknown
20211120_180201_192.wav,Raw_recordings_Day1_pt7,75.697379,76.446111,0.748732,W,unknown,unknown
20211120_180201_192.wav,Raw_recordings_Day1_pt7,78.183298,80.51159,2.328292,NOISE,unknown,unknown
20211120_180201_192.wav,Raw_recordings_Day1_pt7,80.600255,83.220814,2.620559,NOISE,unknown,unknown
20211120_180201_192.wav,Raw_recordings_Day1_pt7,85.539254,87.667227,2.127973,BPS,unknown,unknown
20211120_180201_192.wav,Raw_recordings_Day1_pt7,102.681257,105.400334,2.719077,NOISE,unknown,unknown
20211120_180201_192.wav,Raw_recordings_Day1_pt7,108.641551,111.675883,3.034332,NOISE,unknown,unknown
20211120_180201_192.wav,Raw_recordings_Day1_pt7,116.411279,118.959593,2.548314,NOISE,unknown,unknown
20211120_180201_192.wav,Raw_recordings_Day1_pt7,201.060594,203.924162,2.863568,NOISE,unknown,unknown
20211120_180201_192.wav,Raw_recordings_Day1_pt7,207.178516,210.022381,2.843865,NOISE,unknown,unknown
20211120_180201_192.wav,Raw_recordings_Day1_pt7,213.145378,215.614877,2.469499,NOISE,unknown,unknown
20211120_180201_192.wav,Raw_recordings_Day1_pt7,219.026858,221.289471,2.262613,NOISE,unknown,unknown
20211120_180201_192.wav,Raw_recordings_Day1_pt7,224.806538,227.601144,2.794606,NOISE,unknown,unknown
20211120_180201_192.wav,Raw_recordings_Day1_pt7,232.333256,233.804447,1.471191,NOISE,unknown,unknown
20211120_180201_192.wav,Raw_recordings_Day1_pt7,236.392168,238.500437,2.108269,NOISE,unknown,unknown
20211120_180201_192.wav,Raw_recordings_Day1_pt7,241.781062,243.508398,1.727336,NOISE,unknown,unknown
20211120_180201_192.wav,Raw_recordings_Day1_pt7,243.472275,245.452472,1.980197,NOISE,unknown,unknown
20211120_180201_192.wav,Raw_recordings_Day1_pt7,245.452472,247.389978,1.937506,NOISE,unknown,unknown
20211120_180201_192.wav,Raw_recordings_Day1_pt7,249.008945,251.232151,2.223206,NOISE,unknown,unknown
20211120_180201_192.wav,Raw_recordings_Day1_pt7,268.118009,270.47914,2.361131,NOISE,unknown,unknown
20211120_180201_192.wav,Raw_recordings_Day1_pt7,271.707322,273.618556,1.911234,NOISE,unknown,unknown
20211120_180201_192.wav,Raw_recordings_Day1_pt7,278.09124,280.951525,2.860285,NOISE,unknown,unknown
20211120_180201_192.wav,Raw_recordings_Day1_pt7,284.255137,287.368282,3.113145,NOISE,unknown,unknown
20211120_180702_192.wav,Raw_recordings_Day1_pt7,23.423251,24.92931,1.506059,BPS,unknown,unknown
20211120_180702_192.wav,Raw_recordings_Day1_pt7,33.010526,34.684257,1.673731,NOISE,unknown,unknown
20211120_180702_192.wav,Raw_recordings_Day1_pt7,53.88276,56.203228,2.320468,NOISE,unknown,unknown
20211120_180702_192.wav,Raw_recordings_Day1_pt7,58.541661,59.886035,1.344374,NOISE,unknown,unknown
20211120_180702_192.wav,Raw_recordings_Day1_pt7,65.805474,66.658807,0.853333,BPS,unknown,unknown
20211120_180702_192.wav,Raw_recordings_Day1_pt7,106.651696,109.160795,2.509099,NOISE,unknown,unknown
20211120_180702_192.wav,Raw_recordings_Day1_pt7,112.074105,114.705965,2.63186,NOISE,unknown,unknown
20211120_180702_192.wav,Raw_recordings_Day1_pt7,117.63724,117.984561,0.347321,W,unknown,unknown
20211120_180702_192.wav,Raw_recordings_Day1_pt7,118.388772,118.664234,0.275462,W,unknown,unknown
20211120_180702_192.wav,Raw_recordings_Day1_pt7,119.158269,119.469661,0.311392,W,unknown,unknown
20211120_180702_192.wav,Raw_recordings_Day1_pt7,120.517614,120.846971,0.329357,W,unknown,unknown
20211120_180702_192.wav,Raw_recordings_Day1_pt7,197.590082,199.488374,1.898292,ECT,unknown,unknown
20211120_180702_192.wav,Raw_recordings_Day1_pt7,200.754901,200.913591,0.15869,W,unknown,unknown
20211120_180702_192.wav,Raw_recordings_Day1_pt7,201.865731,202.91069,1.044959,FB,unknown,unknown
20211120_180702_192.wav,Raw_recordings_Day1_pt7,204.174222,204.530526,0.356304,W,unknown,unknown
20211120_180702_192.wav,Raw_recordings_Day1_pt7,233.415111,235.756538,2.341427,NOISE,unknown,unknown
20211120_180702_192.wav,Raw_recordings_Day1_pt7,275.740444,278.198643,2.458199,NOISE,unknown,unknown
20211120_180702_192.wav,Raw_recordings_Day1_pt7,281.582035,284.342643,2.760608,NOISE,unknown,unknown
20211120_181203_192.wav,Raw_recordings_Day1_pt7,21.905216,23.839439,1.934223,NOISE,unknown,unknown
20211120_181203_192.wav,Raw_recordings_Day1_pt7,27.130012,29.453474,2.323462,NOISE,unknown,unknown
20211120_181203_192.wav,Raw_recordings_Day1_pt7,32.633263,35.369918,2.736655,NOISE,unknown,unknown
20211120_181203_192.wav,Raw_recordings_Day1_pt7,37.792187,40.097684,2.305497,NOISE,unknown,unknown
20211120_181203_192.wav,Raw_recordings_Day1_pt7,42.957099,45.056,2.098901,NOISE,unknown,unknown
20211120_181203_192.wav,Raw_recordings_Day1_pt7,48.271719,50.382596,2.110877,NOISE,unknown,unknown
20211120_181203_192.wav,Raw_recordings_Day1_pt7,53.092304,55.328936,2.236632,NOISE,unknown,unknown
20211120_181203_192.wav,Raw_recordings_Day1_pt7,55.556491,57.652398,2.095907,NOISE,unknown,unknown
20211120_181203_192.wav,Raw_recordings_Day1_pt7,80.222316,82.97993,2.757614,NOISE,unknown,unknown
20211120_181203_192.wav,Raw_recordings_Day1_pt7,85.57586,87.695719,2.119859,NOISE,unknown,unknown
20211120_181203_192.wav,Raw_recordings_Day1_pt7,90.971322,93.166035,2.194713,NOISE,unknown,unknown
20211120_181203_192.wav,Raw_recordings_Day1_pt7,96.312889,98.519579,2.20669,NOISE,unknown,unknown
20211120_181203_192.wav,Raw_recordings_Day1_pt7,102.016749,104.052772,2.036023,NOISE,unknown,unknown
20211120_181203_192.wav,Raw_recordings_Day1_pt7,106.74152,109.53207,2.79055,NOISE,unknown,unknown
20211120_181203_192.wav,Raw_recordings_Day1_pt7,111.666901,113.891556,2.224655,NOISE,unknown,unknown
20211120_181203_192.wav,Raw_recordings_Day1_pt7,122.999766,124.853146,1.85338,NOISE,unknown,unknown
20211120_181203_192.wav,Raw_recordings_Day1_pt7,149.533942,151.737637,2.203695,NOISE,unknown,unknown
20211120_181203_192.wav,Raw_recordings_Day1_pt7,154.603041,156.651041,2.048,NOISE,unknown,unknown
20211120_181203_192.wav,Raw_recordings_Day1_pt7,159.788912,161.932725,2.143813,NOISE,unknown,unknown
20211120_181203_192.wav,Raw_recordings_Day1_pt7,165.367018,167.328187,1.961169,NOISE,unknown,unknown
20211120_181203_192.wav,Raw_recordings_Day1_pt7,170.181614,172.334409,2.152795,NOISE,unknown,unknown
20211120_181203_192.wav,Raw_recordings_Day1_pt7,181.436632,183.601404,2.164772,NOISE,unknown,unknown
20211120_181203_192.wav,Raw_recordings_Day1_pt7,208.213333,210.264327,2.050994,NOISE,unknown,unknown
20211120_181203_192.wav,Raw_recordings_Day1_pt7,267.314901,268.629333,1.314432,ECT,unknown,unknown
20211120_181703_192.wav,Raw_recordings_Day1_pt7,11.22865,12.746202,1.517552,BPS,unknown,unknown
20211120_181703_192.wav,Raw_recordings_Day1_pt7,34.072291,35.722745,1.650454,NOISE,unknown,unknown
20211120_181703_192.wav,Raw_recordings_Day1_pt7,50.131764,51.915119,1.783355,ECT,unknown,unknown
20211120_181703_192.wav,Raw_recordings_Day1_pt7,58.767285,59.008362,0.241077,W,unknown,unknown
20211120_181703_192.wav,Raw_recordings_Day1_pt7,59.604875,60.992616,1.387741,ECT,unknown,unknown
20211120_181703_192.wav,Raw_recordings_Day1_pt7,95.241079,97.280966,2.039887,ECT,unknown,unknown
20211120_181703_192.wav,Raw_recordings_Day1_pt7,97.648764,99.846278,2.197514,ECT,unknown,unknown
20211120_181703_192.wav,Raw_recordings_Day1_pt7,126.84078,129.242283,2.401503,NOISE,unknown,unknown
20211120_181703_192.wav,Raw_recordings_Day1_pt7,131.585062,133.578588,1.993526,ECT,unknown,unknown
20211120_181703_192.wav,Raw_recordings_Day1_pt7,136.576604,136.805318,0.228714,W,unknown,unknown
20211120_181703_192.wav,Raw_recordings_Day1_pt7,137.049487,137.772719,0.723232,W,unknown,unknown
20211120_181703_192.wav,Raw_recordings_Day1_pt7,163.979083,166.012789,2.033706,NOISE,unknown,unknown
20211120_181703_192.wav,Raw_recordings_Day1_pt7,169.913299,171.974821,2.061522,NOISE,unknown,unknown
20211120_181703_192.wav,Raw_recordings_Day1_pt7,175.084103,177.643234,2.559131,NOISE,unknown,unknown
20211120_181703_192.wav,Raw_recordings_Day1_pt7,180.659794,182.560598,1.900804,NOISE,unknown,unknown
20211120_181703_192.wav,Raw_recordings_Day1_pt7,183.812346,184.047242,0.234896,W,unknown,unknown
20211120_181703_192.wav,Raw_recordings_Day1_pt7,188.219738,189.561118,1.34138,ECT,unknown,unknown
20211120_181703_192.wav,Raw_recordings_Day1_pt7,191.007583,193.04438,2.036797,ECT,unknown,unknown
20211120_181703_192.wav,Raw_recordings_Day1_pt7,193.866516,196.345287,2.478771,ECT,unknown,unknown
20211120_181703_192.wav,Raw_recordings_Day1_pt7,206.866158,207.144324,0.278166,W,unknown,unknown
20211120_181703_192.wav,Raw_recordings_Day1_pt7,222.811273,223.070895,0.259622,W,unknown,unknown
20211120_181703_192.wav,Raw_recordings_Day1_pt7,230.448486,232.367834,1.919348,NOISE,unknown,unknown
20211120_181703_192.wav,Raw_recordings_Day1_pt7,239.152003,239.442532,0.290529,W,unknown,unknown
20211120_181703_192.wav,Raw_recordings_Day1_pt7,241.510236,243.717022,2.206786,NOISE,unknown,unknown
20211120_181703_192.wav,Raw_recordings_Day1_pt7,246.538866,247.830794,1.291928,NOISE,unknown,unknown
20211120_181703_192.wav,Raw_recordings_Day1_pt7,266.301042,267.354984,1.053942,BPS,unknown,unknown
20211120_182204_192.wav,Raw_recordings_Day1_pt7,6.071947,8.236043,2.164096,ECT,unknown,unknown
20211120_182204_192.wav,Raw_recordings_Day1_pt7,24.980693,27.056124,2.075431,NOISE,unknown,unknown
20211120_182204_192.wav,Raw_recordings_Day1_pt7,27.62424,29.633992,2.009752,NOISE,unknown,unknown
20211120_182204_192.wav,Raw_recordings_Day1_pt7,77.976412,80.294852,2.31844,NOISE,unknown,unknown
20211120_182204_192.wav,Raw_recordings_Day1_pt7,84.554081,87.351971,2.79789,NOISE,unknown,unknown
20211120_182204_192.wav,Raw_recordings_Day1_pt7,125.136625,127.330276,2.193651,NOISE,unknown,unknown
20211120_182204_192.wav,Raw_recordings_Day1_pt7,130.154437,133.123091,2.968654,NOISE,unknown,unknown
20211120_182204_192.wav,Raw_recordings_Day1_pt7,136.269075,139.03741,2.768335,NOISE,unknown,unknown
20211120_182204_192.wav,Raw_recordings_Day1_pt7,142.544625,145.000988,2.456363,NOISE,unknown,unknown
20211120_182204_192.wav,Raw_recordings_Day1_pt7,147.877693,150.731409,2.853716,NOISE,unknown,unknown
20211120_182204_192.wav,Raw_recordings_Day1_pt7,154.793604,157.286091,2.492487,NOISE,unknown,unknown
20211120_182204_192.wav,Raw_recordings_Day1_pt7,159.643937,162.392569,2.748632,NOISE,unknown,unknown
20211120_182204_192.wav,Raw_recordings_Day1_pt7,165.949042,168.82903,2.879988,NOISE,unknown,unknown
20211120_182204_192.wav,Raw_recordings_Day1_pt7,171.620352,174.848435,3.228083,NOISE,unknown,unknown
20211120_182204_192.wav,Raw_recordings_Day1_pt7,206.153936,208.83689,2.682954,NOISE,unknown,unknown
20211120_182204_192.wav,Raw_recordings_Day1_pt7,212.225883,215.017206,2.791323,NOISE,unknown,unknown
20211120_182204_192.wav,Raw_recordings_Day1_pt7,217.72643,220.787033,3.060603,NOISE,unknown,unknown
20211120_182204_192.wav,Raw_recordings_Day1_pt7,223.509394,226.494467,2.985073,NOISE,unknown,unknown
20211120_182204_192.wav,Raw_recordings_Day1_pt7,235.147566,238.231156,3.08359,NOISE,unknown,unknown
20211120_182204_192.wav,Raw_recordings_Day1_pt7,240.782753,243.547805,2.765052,NOISE,unknown,unknown
20211120_182204_192.wav,Raw_recordings_Day1_pt7,246.634679,249.212547,2.577868,NOISE,unknown,unknown
20211120_182204_192.wav,Raw_recordings_Day1_pt7,252.325693,255.258223,2.93253,NOISE,unknown,unknown
20211120_182204_192.wav,Raw_recordings_Day1_pt7,258.371368,260.913114,2.541746,NOISE,unknown,unknown
20211120_182204_192.wav,Raw_recordings_Day1_pt7,263.845644,266.499042,2.653398,NOISE,unknown,unknown
20211120_182204_192.wav,Raw_recordings_Day1_pt7,269.490683,272.442917,2.952234,NOISE,unknown,unknown
20211120_182204_192.wav,Raw_recordings_Day1_pt7,275.63816,278.531284,2.893124,NOISE,unknown,unknown
20211120_182204_192.wav,Raw_recordings_Day1_pt7,281.608306,284.412764,2.804458,NOISE,unknown,unknown
20211120_182204_192.wav,Raw_recordings_Day1_pt7,286.836289,289.722845,2.886556,NOISE,unknown,unknown
20211120_182704_192.wav,Raw_recordings_Day1_pt7,1.283042,3.365813,2.082771,NOISE,unknown,unknown
20211120_182704_192.wav,Raw_recordings_Day1_pt7,23.658051,26.815239,3.157188,NOISE,unknown,unknown
20211120_182704_192.wav,Raw_recordings_Day1_pt7,37.347314,40.379328,3.032014,NOISE,unknown,unknown
20211120_182704_192.wav,Raw_recordings_Day1_pt7,44.120666,47.733351,3.612685,NOISE,unknown,unknown
20211120_182704_192.wav,Raw_recordings_Day1_pt7,49.941297,53.821718,3.880421,NOISE,unknown,unknown
20211120_182704_192.wav,Raw_recordings_Day1_pt7,56.335647,59.325935,2.990288,NOISE,unknown,unknown
20211120_182704_192.wav,Raw_recordings_Day1_pt7,62.608299,65.824598,3.216299,NOISE,unknown,unknown
20211120_182704_192.wav,Raw_recordings_Day1_pt7,70.205718,72.94218,2.736462,NOISE,unknown,unknown
20211120_182704_192.wav,Raw_recordings_Day1_pt7,73.880992,75.953331,2.072339,NOISE,unknown,unknown
20211120_182704_192.wav,Raw_recordings_Day1_pt7,76.374058,78.355993,1.981935,NOISE,unknown,unknown
20211120_182704_192.wav,Raw_recordings_Day1_pt7,143.471267,144.368353,0.897086,FB,unknown,unknown
20211120_182704_192.wav,Raw_recordings_Day1_pt7,155.748835,156.882363,1.133528,BPS,unknown,unknown
20211120_182704_192.wav,Raw_recordings_Day1_pt7,191.66707,194.031484,2.364414,NOISE,unknown,unknown
20211120_182704_192.wav,Raw_recordings_Day1_pt7,217.119294,218.586621,1.467327,FB,unknown,unknown
20211120_182704_192.wav,Raw_recordings_Day1_pt7,243.180007,244.508251,1.328244,BPS,unknown,unknown
20211120_183205_192.wav,Raw_recordings_Day1_pt7,83.276061,85.160638,1.884577,BPS,unknown,unknown
20211120_183205_192.wav,Raw_recordings_Day1_pt7,162.143185,163.958221,1.815036,BPS,unknown,unknown
20211120_183205_192.wav,Raw_recordings_Day1_pt7,165.797596,166.958941,1.161345,BPS,unknown,unknown
20211120_183205_192.wav,Raw_recordings_Day1_pt7,173.621025,175.644686,2.023661,BPS,unknown,unknown
20211120_183205_192.wav,Raw_recordings_Day1_pt7,179.455565,180.84292,1.387355,BPS,unknown,unknown
20211120_183205_192.wav,Raw_recordings_Day1_pt7,181.148903,182.856149,1.707246,BPS,unknown,unknown
20211120_183205_192.wav,Raw_recordings_Day1_pt7,185.050187,186.465358,1.415171,BPS,unknown,unknown
20211120_183205_192.wav,Raw_recordings_Day1_pt7,248.256543,250.534031,2.277488,ECT,unknown,unknown
20211120_183205_192.wav,Raw_recordings_Day1_pt7,284.672,286.872992,2.200992,ECT,unknown,unknown
20211120_183705_192.wav,Raw_recordings_Day1_pt7,2.020183,3.564007,1.543824,NOISE,unknown,unknown
20211120_183705_192.wav,Raw_recordings_Day1_pt7,38.505182,40.848733,2.343551,NOISE,unknown,unknown
20211120_183705_192.wav,Raw_recordings_Day1_pt7,44.572686,47.503864,2.931178,NOISE,unknown,unknown
20211120_183705_192.wav,Raw_recordings_Day1_pt7,52.684713,55.761929,3.077216,NOISE,unknown,unknown
20211120_183705_192.wav,Raw_recordings_Day1_pt7,102.020998,104.089861,2.068863,ECT,unknown,unknown
20211120_183705_192.wav,Raw_recordings_Day1_pt7,118.102492,120.251328,2.148836,BPS,unknown,unknown
20211120_183705_192.wav,Raw_recordings_Day1_pt7,120.167878,121.889032,1.721154,ECT,unknown,unknown
20211120_183705_192.wav,Raw_recordings_Day1_pt7,167.810825,170.82893,3.018105,NOISE,unknown,unknown
20211120_183705_192.wav,Raw_recordings_Day1_pt7,174.142587,177.028564,2.885977,NOISE,unknown,unknown
20211120_183705_192.wav,Raw_recordings_Day1_pt7,204.285392,206.886248,2.600856,BPS,unknown,unknown
20211120_183705_192.wav,Raw_recordings_Day1_pt7,206.726302,208.680421,1.954119,BPS,unknown,unknown
20211120_183705_192.wav,Raw_recordings_Day1_pt7,218.256299,220.359932,2.103633,BPS,unknown,unknown
20211120_183705_192.wav,Raw_recordings_Day1_pt7,220.234757,221.775104,1.540347,BPS,unknown,unknown
20211120_183705_192.wav,Raw_recordings_Day1_pt7,223.113779,224.814071,1.700292,BPS,unknown,unknown
20211120_183705_192.wav,Raw_recordings_Day1_pt7,225.857195,226.955952,1.098757,BPS,unknown,unknown
20211120_183705_192.wav,Raw_recordings_Day1_pt7,226.608244,228.13816,1.529916,BPS,unknown,unknown
20211120_183705_192.wav,Raw_recordings_Day1_pt7,229.834975,231.027613,1.192638,FB,unknown,unknown
20211120_183705_192.wav,Raw_recordings_Day1_pt7,255.669677,256.740618,1.070941,BPS,unknown,unknown
20211120_183705_192.wav,Raw_recordings_Day1_pt7,290.127538,291.219341,1.091803,BPS,unknown,unknown
20211120_184206_192.wav,Raw_recordings_Day1_pt7,2.188242,4.014868,1.826626,NOISE,unknown,unknown
20211120_184206_192.wav,Raw_recordings_Day1_pt7,32.913265,34.974787,2.061522,ECT,unknown,unknown
20211120_184206_192.wav,Raw_recordings_Day1_pt7,38.38387,39.8087,1.42483,BPS,unknown,unknown
20211120_184206_192.wav,Raw_recordings_Day1_pt7,66.243779,67.473892,1.230113,BPS,unknown,unknown
20211120_184206_192.wav,Raw_recordings_Day1_pt7,128.784854,129.52045,0.735596,FB,unknown,unknown
20211120_184206_192.wav,Raw_recordings_Day1_pt7,191.310476,193.208189,1.897713,ECT,unknown,unknown
20211120_184206_192.wav,Raw_recordings_Day1_pt7,225.453854,226.668514,1.21466,NOISE,unknown,unknown
20211120_184206_192.wav,Raw_recordings_Day1_pt7,280.444257,283.507178,3.062921,ECT,unknown,unknown
20211120_184206_192.wav,Raw_recordings_Day1_pt7,285.880865,287.24388,1.363015,BPS,unknown,unknown
20211120_184707_192.wav,Raw_recordings_Day1_pt7,22.200575,23.925979,1.725404,BPS,unknown,unknown
20211120_184707_192.wav,Raw_recordings_Day1_pt7,81.074394,83.001468,1.927074,ECT,unknown,unknown
20211120_184707_192.wav,Raw_recordings_Day1_pt7,146.628552,148.093465,1.464913,NOISE,unknown,unknown
20211120_184707_192.wav,Raw_recordings_Day1_pt7,150.216608,152.695476,2.478868,NOISE,unknown,unknown
20211120_184707_192.wav,Raw_recordings_Day1_pt7,154.493706,156.437587,1.943881,NOISE,unknown,unknown
20211120_184707_192.wav,Raw_recordings_Day1_pt7,175.559884,177.974329,2.414445,NOISE,unknown,unknown
20211120_184707_192.wav,Raw_recordings_Day1_pt7,179.929414,181.671624,1.74221,NOISE,unknown,unknown
20211120_184707_192.wav,Raw_recordings_Day1_pt7,194.586947,197.19186,2.604913,NOISE,unknown,unknown
20211120_184707_192.wav,Raw_recordings_Day1_pt7,199.609106,201.382127,1.773021,NOISE,unknown,unknown
20211120_184707_192.wav,Raw_recordings_Day1_pt7,214.762413,216.933173,2.17076,NOISE,unknown,unknown
20211120_184707_192.wav,Raw_recordings_Day1_pt7,219.630518,221.893711,2.263193,NOISE,unknown,unknown
20211120_184707_192.wav,Raw_recordings_Day1_pt7,260.026265,262.297861,2.271596,ECT,unknown,unknown
20211120_185207_192.wav,Raw_recordings_Day1_pt7,9.845641,10.999452,1.153811,BPS,unknown,unknown
20211120_185207_192.wav,Raw_recordings_Day1_pt7,18.218739,19.308804,1.090065,BPS,unknown,unknown
20211120_185207_192.wav,Raw_recordings_Day1_pt7,25.705761,27.347233,1.641472,BPS,unknown,unknown
20211120_185207_192.wav,Raw_recordings_Day1_pt7,40.654307,41.938798,1.284491,FB,unknown,unknown
20211120_185207_192.wav,Raw_recordings_Day1_pt7,65.015018,65.177571,0.162553,W,unknown,unknown
20211120_185207_192.wav,Raw_recordings_Day1_pt7,65.646108,65.805474,0.159366,W,unknown,unknown
20211120_185207_192.wav,Raw_recordings_Day1_pt7,66.446126,66.621428,0.175302,W,unknown,unknown
20211120_185207_192.wav,Raw_recordings_Day1_pt7,67.128213,67.278017,0.149804,W,unknown,unknown
20211120_185207_192.wav,Raw_recordings_Day1_pt7,85.225834,86.376457,1.150623,BPS,unknown,unknown
20211120_185207_192.wav,Raw_recordings_Day1_pt7,132.181478,132.519334,0.337856,W,unknown,unknown
20211120_185207_192.wav,Raw_recordings_Day1_pt7,133.513779,133.778327,0.264548,W,unknown,unknown
20211120_185207_192.wav,Raw_recordings_Day1_pt7,134.291486,134.524161,0.232675,W,unknown,unknown
20211120_185207_192.wav,Raw_recordings_Day1_pt7,134.839706,135.174375,0.334669,W,unknown,unknown
20211120_185207_192.wav,Raw_recordings_Day1_pt7,135.642911,135.866024,0.223113,W,unknown,unknown
20211120_185207_192.wav,Raw_recordings_Day1_pt7,136.411056,136.685166,0.27411,W,unknown,unknown
20211120_185207_192.wav,Raw_recordings_Day1_pt7,138.702741,138.922667,0.219926,W,unknown,unknown
20211120_185207_192.wav,Raw_recordings_Day1_pt7,141.185666,142.023932,0.838266,BPS,unknown,unknown
20211120_185207_192.wav,Raw_recordings_Day1_pt7,142.827138,142.996066,0.168928,W,unknown,unknown
20211120_185207_192.wav,Raw_recordings_Day1_pt7,155.050522,157.20834,2.157818,NOISE,unknown,unknown
20211120_185207_192.wav,Raw_recordings_Day1_pt7,159.882504,162.674599,2.792095,NOISE,unknown,unknown
20211120_185207_192.wav,Raw_recordings_Day1_pt7,165.772677,167.87631,2.103633,NOISE,unknown,unknown
20211120_185207_192.wav,Raw_recordings_Day1_pt7,175.7235,176.517143,0.793643,BPS,unknown,unknown
20211120_185207_192.wav,Raw_recordings_Day1_pt7,222.150049,224.266431,2.116382,NOISE,unknown,unknown
20211120_185207_192.wav,Raw_recordings_Day1_pt7,249.79689,252.155509,2.358619,NOISE,unknown,unknown
20211120_185207_192.wav,Raw_recordings_Day1_pt7,256.343651,258.335728,1.992077,NOISE,unknown,unknown
20211120_185207_192.wav,Raw_recordings_Day1_pt7,262.017087,264.452201,2.435114,NOISE,unknown,unknown
20211120_185207_192.wav,Raw_recordings_Day1_pt7,267.425974,270.450744,3.02477,NOISE,unknown,unknown
20211120_185207_192.wav,Raw_recordings_Day1_pt7,272.678683,275.483527,2.804844,NOISE,unknown,unknown
20211120_185207_192.wav,Raw_recordings_Day1_pt7,278.511484,281.156962,2.645478,NOISE,unknown,unknown
20211120_185207_192.wav,Raw_recordings_Day1_pt7,284.344285,287.168254,2.823969,NOISE,unknown,unknown
20211120_185207_192.wav,Raw_recordings_Day1_pt7,289.858354,292.739694,2.88134,NOISE,unknown,unknown
20211120_185207_192.wav,Raw_recordings_Day1_pt7,295.732591,298.276075,2.543484,NOISE,unknown,unknown
20211120_185708_192.wav,Raw_recordings_Day1_pt7,1.891531,3.852025,1.960494,NOISE,unknown,unknown
20211120_185708_192.wav,Raw_recordings_Day1_pt7,7.405214,10.071748,2.666534,NOISE,unknown,unknown
20211120_185708_192.wav,Raw_recordings_Day1_pt7,13.033834,15.296447,2.262613,NOISE,unknown,unknown
20211120_185708_192.wav,Raw_recordings_Day1_pt7,30.652004,32.681459,2.029455,NOISE,unknown,unknown
20211120_185708_192.wav,Raw_recordings_Day1_pt7,35.948949,38.484126,2.535177,NOISE,unknown,unknown
20211120_185708_192.wav,Raw_recordings_Day1_pt7,42.585728,44.80565,2.219922,NOISE,unknown,unknown
20211120_185708_192.wav,Raw_recordings_Day1_pt7,48.000893,50.670711,2.669818,NOISE,unknown,unknown
20211120_185708_192.wav,Raw_recordings_Day1_pt7,53.81998,56.305899,2.485919,NOISE,unknown,unknown
20211120_185708_192.wav,Raw_recordings_Day1_pt7,59.478154,62.276045,2.797891,NOISE,unknown,unknown
20211120_185708_192.wav,Raw_recordings_Day1_pt7,64.74226,67.779875,3.037615,NOISE,unknown,unknown
20211120_185708_192.wav,Raw_recordings_Day1_pt7,71.247683,73.411779,2.164096,NOISE,unknown,unknown
20211120_185708_192.wav,Raw_recordings_Day1_pt7,76.771218,79.312963,2.541745,NOISE,unknown,unknown
20211120_185708_192.wav,Raw_recordings_Day1_pt7,82.442528,85.375058,2.93253,NOISE,unknown,unknown
20211120_185708_192.wav,Raw_recordings_Day1_pt7,88.517759,90.987258,2.469499,NOISE,unknown,unknown
20211120_185708_192.wav,Raw_recordings_Day1_pt7,91.016813,93.253155,2.236342,NOISE,unknown,unknown
20211120_185708_192.wav,Raw_recordings_Day1_pt7,94.957504,96.986959,2.029455,NOISE,unknown,unknown
20211120_185708_192.wav,Raw_recordings_Day1_pt7,101.150956,103.564629,2.413673,NOISE,unknown,unknown
20211120_185708_192.wav,Raw_recordings_Day1_pt7,106.552985,108.700662,2.147677,NOISE,unknown,unknown
20211120_185708_192.wav,Raw_recordings_Day1_pt7,111.961583,114.401527,2.439944,NOISE,unknown,unknown
20211120_185708_192.wav,Raw_recordings_Day1_pt7,118.434167,120.785446,2.351279,NOISE,unknown,unknown
20211120_185708_192.wav,Raw_recordings_Day1_pt7,123.251661,125.03154,1.779879,NOISE,unknown,unknown
20211120_185708_192.wav,Raw_recordings_Day1_pt7,129.688122,132.220016,2.531894,NOISE,unknown,unknown
20211120_185708_192.wav,Raw_recordings_Day1_pt7,159.013427,161.473075,2.459648,NOISE,unknown,unknown
20211120_185708_192.wav,Raw_recordings_Day1_pt7,170.388887,172.884657,2.49577,NOISE,unknown,unknown
20211120_185708_192.wav,Raw_recordings_Day1_pt7,177.23912,179.685632,2.446512,NOISE,unknown,unknown
20211120_185708_192.wav,Raw_recordings_Day1_pt7,182.913714,185.196031,2.282317,NOISE,unknown,unknown
20211120_185708_192.wav,Raw_recordings_Day1_pt7,188.588309,191.320521,2.732212,NOISE,unknown,unknown
20211120_185708_192.wav,Raw_recordings_Day1_pt7,194.338433,196.197125,1.858692,NOISE,unknown,unknown
20211120_185708_192.wav,Raw_recordings_Day1_pt7,199.927645,202.558056,2.630411,NOISE,unknown,unknown
20211120_185708_192.wav,Raw_recordings_Day1_pt7,205.815694,208.521634,2.70594,NOISE,unknown,unknown
20211120_185708_192.wav,Raw_recordings_Day1_pt7,280.731503,283.20757,2.476067,NOISE,unknown,unknown
20211120_185708_192.wav,Raw_recordings_Day1_pt7,287.286184,289.732696,2.446512,NOISE,unknown,unknown
20211120_190208_192.wav,Raw_recordings_Day1_pt7,2.25479,3.992364,1.737574,NOISE,NIGHT,matched
20211120_190208_192.wav,Raw_recordings_Day1_pt7,13.958061,15.543513,1.585452,NOISE,NIGHT,matched
20211120_190208_192.wav,Raw_recordings_Day1_pt7,19.846882,22.081388,2.234506,NOISE,NIGHT,matched
20211120_190208_192.wav,Raw_recordings_Day1_pt7,25.289477,27.797804,2.508327,NOISE,NIGHT,matched
20211120_190208_192.wav,Raw_recordings_Day1_pt7,31.354084,33.825225,2.471141,NOISE,NIGHT,matched
20211120_190208_192.wav,Raw_recordings_Day1_pt7,37.587716,40.035193,2.447477,NOISE,NIGHT,matched
20211120_190208_192.wav,Raw_recordings_Day1_pt7,43.192575,45.775273,2.582698,NOISE,NIGHT,matched
20211120_190208_192.wav,Raw_recordings_Day1_pt7,162.899257,165.184471,2.285214,NOISE,NIGHT,matched
20211120_190208_192.wav,Raw_recordings_Day1_pt7,188.381422,189.453039,1.071617,BPS,NIGHT,matched
20211120_190208_192.wav,Raw_recordings_Day1_pt7,192.187859,193.364271,1.176412,BPS,NIGHT,matched
20211120_190208_192.wav,Raw_recordings_Day1_pt7,210.804241,212.322083,1.517842,ECT,NIGHT,matched
20211120_190709_192.wav,Raw_recordings_Day1_pt7,49.393078,50.289391,0.896313,BPS,NIGHT,matched
20211120_190709_192.wav,Raw_recordings_Day1_pt7,60.686633,62.553438,1.866805,NOISE,NIGHT,matched
20211120_190709_192.wav,Raw_recordings_Day1_pt7,66.283958,68.252758,1.9688,NOISE,NIGHT,matched
20211120_190709_192.wav,Raw_recordings_Day1_pt7,133.683673,135.692653,2.00898,NOISE,NIGHT,matched
20211120_190709_192.wav,Raw_recordings_Day1_pt7,159.14517,160.885255,1.740085,NOISE,NIGHT,matched
20211120_190709_192.wav,Raw_recordings_Day1_pt7,182.418424,182.665683,0.247259,W,NIGHT,matched
20211120_190709_192.wav,Raw_recordings_Day1_pt7,188.133198,189.168595,1.035397,BPS,NIGHT,matched
20211120_190709_192.wav,Raw_recordings_Day1_pt7,189.091326,189.898009,0.806683,W,NIGHT,matched
20211120_190709_192.wav,Raw_recordings_Day1_pt7,190.871591,191.74627,0.874679,FB,NIGHT,matched
20211120_190709_192.wav,Raw_recordings_Day1_pt7,205.806035,206.223285,0.41725,MW,NIGHT,matched
20211120_190709_192.wav,Raw_recordings_Day1_pt7,205.806035,205.945118,0.139083,W,NIGHT,matched
20211120_190709_192.wav,Raw_recordings_Day1_pt7,205.991479,206.176924,0.185445,W,NIGHT,matched
20211120_190709_192.wav,Raw_recordings_Day1_pt7,219.544364,220.864109,1.319745,BPS,NIGHT,matched
20211120_190709_192.wav,Raw_recordings_Day1_pt7,258.954359,260.882979,1.92862,NOISE,NIGHT,matched
20211120_191210_192.wav,Raw_recordings_Day1_pt8,4.617176,5.865061,1.247885,BPS,NIGHT,matched
20211120_191210_192.wav,Raw_recordings_Day1_pt8,7.523435,8.656383,1.132948,BPS,NIGHT,matched
20211120_191210_192.wav,Raw_recordings_Day1_pt8,15.39168,16.478654,1.086974,BPS,NIGHT,matched
20211120_191210_192.wav,Raw_recordings_Day1_pt8,20.938202,21.80187,0.863668,BPS,NIGHT,matched
20211120_191210_192.wav,Raw_recordings_Day1_pt8,50.385011,51.550799,1.165788,BPS,NIGHT,matched
20211120_191210_192.wav,Raw_recordings_Day1_pt8,142.06189,143.871324,1.809434,ECT,NIGHT,matched
20211120_191210_192.wav,Raw_recordings_Day1_pt8,177.097912,179.143787,2.045875,NOISE,NIGHT,matched
20211120_191210_192.wav,Raw_recordings_Day1_pt8,182.647718,185.048255,2.400537,NOISE,NIGHT,matched
20211120_191210_192.wav,Raw_recordings_Day1_pt8,188.112142,190.887045,2.774903,NOISE,NIGHT,matched
20211120_191210_192.wav,Raw_recordings_Day1_pt8,193.770317,196.147866,2.377549,NOISE,NIGHT,matched
20211120_191710_192.wav,Raw_recordings_Day1_pt8,1.804701,4.131157,2.326456,NOISE,NIGHT,matched
20211120_191710_192.wav,Raw_recordings_Day1_pt8,14.655602,17.067826,2.412224,NOISE,NIGHT,matched
20211120_191710_192.wav,Raw_recordings_Day1_pt8,20.584312,21.534907,0.950595,BPS,NIGHT,matched
20211120_191710_192.wav,Raw_recordings_Day1_pt8,38.216777,40.79339,2.576613,NOISE,NIGHT,matched
20211120_191710_192.wav,Raw_recordings_Day1_pt8,45.524923,48.373134,2.848211,NOISE,NIGHT,matched
20211120_191710_192.wav,Raw_recordings_Day1_pt8,69.693622,72.649043,2.955421,NOISE,NIGHT,matched
20211120_191710_192.wav,Raw_recordings_Day1_pt8,76.758758,79.206719,2.447961,NOISE,NIGHT,matched
20211120_191710_192.wav,Raw_recordings_Day1_pt8,82.623143,85.796558,3.173415,NOISE,NIGHT,matched
20211120_191710_192.wav,Raw_recordings_Day1_pt8,95.155987,97.550343,2.394356,NOISE,NIGHT,matched
20211120_191710_192.wav,Raw_recordings_Day1_pt8,101.770842,104.679805,2.908963,NOISE,NIGHT,matched
20211120_191710_192.wav,Raw_recordings_Day1_pt8,108.718047,111.044503,2.326456,NOISE,NIGHT,matched
20211120_191710_192.wav,Raw_recordings_Day1_pt8,114.993404,117.087571,2.094167,NOISE,NIGHT,matched
20211120_191710_192.wav,Raw_recordings_Day1_pt8,127.015214,129.834836,2.819622,NOISE,NIGHT,matched
20211120_191710_192.wav,Raw_recordings_Day1_pt8,133.297717,136.278154,2.980437,NOISE,NIGHT,matched
20211120_191710_192.wav,Raw_recordings_Day1_pt8,139.816083,142.789373,2.97329,NOISE,NIGHT,matched
20211120_191710_192.wav,Raw_recordings_Day1_pt8,146.184355,148.57871,2.394355,NOISE,NIGHT,matched
20211120_191710_192.wav,Raw_recordings_Day1_pt8,152.002282,154.997013,2.994731,NOISE,NIGHT,matched
20211120_191710_192.wav,Raw_recordings_Day1_pt8,158.656447,161.304533,2.648086,NOISE,NIGHT,matched
20211120_191710_192.wav,Raw_recordings_Day1_pt8,164.803151,167.16177,2.358619,NOISE,NIGHT,matched
20211120_191710_192.wav,Raw_recordings_Day1_pt8,171.064213,173.487158,2.422945,NOISE,NIGHT,matched
20211120_191710_192.wav,Raw_recordings_Day1_pt8,177.732672,179.794677,2.062005,NOISE,NIGHT,matched
20211120_191710_192.wav,Raw_recordings_Day1_pt8,183.790035,185.941382,2.151347,NOISE,NIGHT,matched
20211120_191710_192.wav,Raw_recordings_Day1_pt8,221.849571,224.286811,2.43724,NOISE,NIGHT,matched
20211120_191710_192.wav,Raw_recordings_Day1_pt8,237.991817,238.099027,0.10721,W,NIGHT,matched
20211120_191710_192.wav,Raw_recordings_Day1_pt8,251.982717,254.377073,2.394356,NOISE,NIGHT,matched
20211120_191710_192.wav,Raw_recordings_Day1_pt8,258.726224,260.856128,2.129904,NOISE,NIGHT,matched
20211120_191710_192.wav,Raw_recordings_Day1_pt8,265.516188,267.917691,2.401503,NOISE,NIGHT,matched
20211120_191710_192.wav,Raw_recordings_Day1_pt8,272.341889,274.779128,2.437239,NOISE,NIGHT,matched
20211120_191710_192.wav,Raw_recordings_Day1_pt8,278.245584,281.251036,3.005452,NOISE,NIGHT,matched
20211120_191710_192.wav,Raw_recordings_Day1_pt8,284.824702,287.179747,2.355045,NOISE,NIGHT,matched
20211120_192211_192.wav,Raw_recordings_Day1_pt8,1.206643,3.332491,2.125848,NOISE,NIGHT,matched
20211120_192211_192.wav,Raw_recordings_Day1_pt8,6.30269,8.599205,2.296515,NOISE,NIGHT,matched
20211120_192211_192.wav,Raw_recordings_Day1_pt8,12.255064,13.680281,1.425217,NOISE,NIGHT,matched
20211120_192211_192.wav,Raw_recordings_Day1_pt8,33.097357,35.537591,2.440234,NOISE,NIGHT,matched
20211120_192211_192.wav,Raw_recordings_Day1_pt8,38.504795,41.301333,2.796538,NOISE,NIGHT,matched
20211120_192211_192.wav,Raw_recordings_Day1_pt8,43.540959,46.571041,3.030082,NOISE,NIGHT,matched
20211120_192211_192.wav,Raw_recordings_Day1_pt8,49.283743,52.173099,2.889356,NOISE,NIGHT,matched
20211120_192211_192.wav,Raw_recordings_Day1_pt8,54.304936,56.778105,2.473169,NOISE,NIGHT,matched
20211120_192211_192.wav,Raw_recordings_Day1_pt8,59.86807,62.437053,2.568983,NOISE,NIGHT,matched
20211120_192211_192.wav,Raw_recordings_Day1_pt8,123.101567,125.559766,2.458199,NOISE,NIGHT,matched
20211120_192211_192.wav,Raw_recordings_Day1_pt8,128.607813,131.137871,2.530058,NOISE,NIGHT,matched
20211120_192211_192.wav,Raw_recordings_Day1_pt8,134.278737,135.922526,1.643789,NOISE,NIGHT,matched
20211120_192211_192.wav,Raw_recordings_Day1_pt8,139.778994,141.991673,2.212679,NOISE,NIGHT,matched
20211120_192211_192.wav,Raw_recordings_Day1_pt8,145.015766,146.923041,1.907275,NOISE,NIGHT,matched
20211120_192211_192.wav,Raw_recordings_Day1_pt8,150.321404,152.462222,2.140818,NOISE,NIGHT,matched
20211120_192211_192.wav,Raw_recordings_Day1_pt8,183.87986,184.894877,1.015017,MW,NIGHT,matched
20211120_192211_192.wav,Raw_recordings_Day1_pt8,184.092444,184.19724,0.104796,W,NIGHT,matched
20211120_192211_192.wav,Raw_recordings_Day1_pt8,184.305029,184.40683,0.101801,W,NIGHT,matched
20211120_192211_192.wav,Raw_recordings_Day1_pt8,184.469708,184.63738,0.167672,W,NIGHT,matched
20211120_192211_192.wav,Raw_recordings_Day1_pt8,184.685287,184.852959,0.167672,W,NIGHT,matched
20211120_192211_192.wav,Raw_recordings_Day1_pt8,198.494316,199.886596,1.39228,NOISE,NIGHT,matched
20211120_192211_192.wav,Raw_recordings_Day1_pt8,209.042713,210.506854,1.464141,NOISE,NIGHT,matched
20211120_192211_192.wav,Raw_recordings_Day1_pt8,214.054924,214.165708,0.110784,W,NIGHT,matched
20211120_192211_192.wav,Raw_recordings_Day1_pt8,249.89193,251.445895,1.553965,NOISE,NIGHT,matched
20211120_192211_192.wav,Raw_recordings_Day1_pt8,267.054409,268.859883,1.805474,NOISE,NIGHT,matched
20211120_192211_192.wav,Raw_recordings_Day1_pt8,272.770246,274.354152,1.583906,NOISE,NIGHT,matched
20211120_192211_192.wav,Raw_recordings_Day1_pt8,284.660023,284.749848,0.089825,W,NIGHT,matched
20211120_192711_192.wav,Raw_recordings_Day1_pt8,1.632103,3.599164,1.967061,NOISE,NIGHT,matched
20211120_192711_192.wav,Raw_recordings_Day1_pt8,21.703353,22.67539,0.972037,BPS,NIGHT,matched
20211120_192711_192.wav,Raw_recordings_Day1_pt8,54.578563,56.782065,2.203502,NOISE,NIGHT,matched
20211120_192711_192.wav,Raw_recordings_Day1_pt8,59.780274,61.878692,2.098418,NOISE,NIGHT,matched
20211120_192711_192.wav,Raw_recordings_Day1_pt8,65.638767,67.921084,2.282317,NOISE,NIGHT,matched
20211120_192711_192.wav,Raw_recordings_Day1_pt8,71.756689,73.766441,2.009752,NOISE,NIGHT,matched
20211120_192711_192.wav,Raw_recordings_Day1_pt8,77.345902,79.053534,1.707632,NOISE,NIGHT,matched
20211120_192711_192.wav,Raw_recordings_Day1_pt8,118.384909,120.41108,2.026171,NOISE,NIGHT,matched
20211120_192711_192.wav,Raw_recordings_Day1_pt8,239.419931,241.83032,2.410389,NOISE,NIGHT,matched
20211120_192711_192.wav,Raw_recordings_Day1_pt8,246.122389,247.738072,1.615683,NOISE,NIGHT,matched
20211120_192711_192.wav,Raw_recordings_Day1_pt8,251.452173,254.105571,2.653398,NOISE,NIGHT,matched
20211120_192711_192.wav,Raw_recordings_Day1_pt8,291.003569,292.143085,1.139516,ECT,NIGHT,matched
20211120_193212_192.wav,Raw_recordings_Day1_pt8,23.088776,24.481539,1.392763,BPS,NIGHT,matched
20211120_193212_192.wav,Raw_recordings_Day1_pt8,61.572322,62.954944,1.382622,BPS,NIGHT,matched
20211120_193212_192.wav,Raw_recordings_Day1_pt8,136.555065,137.758521,1.203456,NOISE,NIGHT,matched
20211120_193212_192.wav,Raw_recordings_Day1_pt8,138.694918,140.003169,1.308251,NOISE,NIGHT,matched
20211120_193212_192.wav,Raw_recordings_Day1_pt8,160.417974,162.013567,1.595593,NOISE,NIGHT,matched
20211120_193212_192.wav,Raw_recordings_Day1_pt8,174.693801,176.52941,1.835609,ECT,NIGHT,matched
20211120_193212_192.wav,Raw_recordings_Day1_pt8,213.40046,215.837797,2.437337,NOISE,NIGHT,matched
20211120_193212_192.wav,Raw_recordings_Day1_pt8,232.439404,235.055906,2.616502,NOISE,NIGHT,matched
20211120_193212_192.wav,Raw_recordings_Day1_pt8,262.786101,264.895529,2.109428,NOISE,NIGHT,matched
20211120_193212_192.wav,Raw_recordings_Day1_pt8,297.655899,299.711239,2.05534,NOISE,NIGHT,matched
20211120_193713_192.wav,Raw_recordings_Day1_pt8,1.220745,2.584919,1.364174,NOISE,NIGHT,matched
20211120_193713_192.wav,Raw_recordings_Day1_pt8,2.862216,5.297331,2.435115,NOISE,NIGHT,matched
20211120_193713_192.wav,Raw_recordings_Day1_pt8,6.671067,8.647208,1.976141,NOISE,NIGHT,matched
20211120_193713_192.wav,Raw_recordings_Day1_pt8,8.828885,10.868772,2.039887,NOISE,NIGHT,matched
20211120_193713_192.wav,Raw_recordings_Day1_pt8,12.624987,14.754119,2.129132,NOISE,NIGHT,matched
20211120_193713_192.wav,Raw_recordings_Day1_pt8,14.929422,17.099989,2.170567,NOISE,NIGHT,matched
20211120_193713_192.wav,Raw_recordings_Day1_pt8,17.998814,20.37337,2.374556,NOISE,NIGHT,matched
20211120_193713_192.wav,Raw_recordings_Day1_pt8,20.602857,22.534375,1.931518,NOISE,NIGHT,matched
20211120_193713_192.wav,Raw_recordings_Day1_pt8,35.203984,37.288493,2.084509,NOISE,NIGHT,matched
20211120_193713_192.wav,Raw_recordings_Day1_pt8,46.611414,48.785168,2.173754,NOISE,NIGHT,matched
20211120_193713_192.wav,Raw_recordings_Day1_pt8,48.880788,51.172473,2.291685,NOISE,NIGHT,matched
20211120_193713_192.wav,Raw_recordings_Day1_pt8,52.568521,55.163002,2.594481,NOISE,NIGHT,matched
20211120_193713_192.wav,Raw_recordings_Day1_pt8,55.223561,57.572618,2.349057,NOISE,NIGHT,matched
20211120_193713_192.wav,Raw_recordings_Day1_pt8,59.316084,61.786259,2.470175,NOISE,NIGHT,matched
20211120_193713_192.wav,Raw_recordings_Day1_pt8,82.232937,84.371631,2.138694,NOISE,NIGHT,matched
20211120_193713_192.wav,Raw_recordings_Day1_pt8,88.231479,90.800462,2.568983,NOISE,NIGHT,matched
20211120_193713_192.wav,Raw_recordings_Day1_pt8,93.39813,95.919303,2.521173,NOISE,NIGHT,matched
20211120_193713_192.wav,Raw_recordings_Day1_pt8,99.259617,101.943344,2.683727,NOISE,NIGHT,matched
20211120_193713_192.wav,Raw_recordings_Day1_pt8,104.678067,106.886882,2.208815,NOISE,NIGHT,matched
20211120_193713_192.wav,Raw_recordings_Day1_pt8,115.817761,117.803463,1.985702,NOISE,NIGHT,matched
20211120_193713_192.wav,Raw_recordings_Day1_pt8,118.087135,120.225829,2.138694,NOISE,NIGHT,matched
20211120_193713_192.wav,Raw_recordings_Day1_pt8,121.150153,123.285659,2.135506,NOISE,NIGHT,matched
20211120_193713_192.wav,Raw_recordings_Day1_pt8,123.432276,125.727149,2.294873,NOISE,NIGHT,matched
20211120_193713_192.wav,Raw_recordings_Day1_pt8,172.583986,174.964917,2.380931,NOISE,NIGHT,matched
20211120_193713_192.wav,Raw_recordings_Day1_pt8,183.83205,186.069551,2.237501,NOISE,NIGHT,matched
20211120_193713_192.wav,Raw_recordings_Day1_pt8,201.741619,203.701822,1.960203,NOISE,NIGHT,matched
20211120_193713_192.wav,Raw_recordings_Day1_pt8,212.030298,214.538721,2.508423,NOISE,NIGHT,matched
20211120_193713_192.wav,Raw_recordings_Day1_pt8,240.407036,242.383176,1.97614,NOISE,NIGHT,matched
20211120_193713_192.wav,Raw_recordings_Day1_pt8,246.54582,248.289286,1.743466,NOISE,NIGHT,matched
20211120_193713_192.wav,Raw_recordings_Day1_pt8,251.473422,254.106151,2.632729,NOISE,NIGHT,matched
20211120_193713_192.wav,Raw_recordings_Day1_pt8,257.216978,259.413044,2.196066,NOISE,NIGHT,matched
20211120_193713_192.wav,Raw_recordings_Day1_pt8,261.950153,263.792426,1.842273,NOISE,NIGHT,matched
20211120_193713_192.wav,Raw_recordings_Day1_pt8,279.869284,281.899608,2.030324,NOISE,NIGHT,matched
20211120_194213_192.wav,Raw_recordings_Day1_pt8,0.205148,2.162744,1.957596,NOISE,NIGHT,matched
20211120_194213_192.wav,Raw_recordings_Day1_pt8,7.086289,9.867952,2.781663,NOISE,NIGHT,matched
20211120_194213_192.wav,Raw_recordings_Day1_pt8,13.546703,16.662166,3.115463,NOISE,NIGHT,matched
20211120_194213_192.wav,Raw_recordings_Day1_pt8,19.662886,22.228971,2.566085,NOISE,NIGHT,matched
20211120_194213_192.wav,Raw_recordings_Day1_pt8,22.461935,24.555138,2.093203,NOISE,NIGHT,matched
20211120_194213_192.wav,Raw_recordings_Day1_pt8,25.431362,28.084374,2.653012,NOISE,NIGHT,matched
20211120_194213_192.wav,Raw_recordings_Day1_pt8,28.44599,31.248516,2.802526,NOISE,NIGHT,matched
20211120_194213_192.wav,Raw_recordings_Day1_pt8,33.202635,35.695701,2.493066,NOISE,NIGHT,matched
20211120_194213_192.wav,Raw_recordings_Day1_pt8,38.612971,40.459301,1.84633,NOISE,NIGHT,matched
20211120_194213_192.wav,Raw_recordings_Day1_pt8,40.786146,42.59075,1.804604,NOISE,NIGHT,matched
20211120_194213_192.wav,Raw_recordings_Day1_pt8,42.910642,44.892577,1.981935,NOISE,NIGHT,matched
20211120_194213_192.wav,Raw_recordings_Day1_pt8,46.759769,49.197202,2.437433,NOISE,NIGHT,matched
20211120_194213_192.wav,Raw_recordings_Day1_pt8,49.343239,52.041453,2.698214,NOISE,NIGHT,matched
20211120_194213_192.wav,Raw_recordings_Day1_pt8,53.773039,56.130499,2.35746,NOISE,NIGHT,matched
20211120_194213_192.wav,Raw_recordings_Day1_pt8,59.680598,61.864204,2.183606,NOISE,NIGHT,matched
20211120_194213_192.wav,Raw_recordings_Day1_pt8,62.045012,64.604143,2.559131,NOISE,NIGHT,matched
20211120_194213_192.wav,Raw_recordings_Day1_pt8,65.685514,68.175104,2.48959,NOISE,NIGHT,matched
20211120_194213_192.wav,Raw_recordings_Day1_pt8,68.42893,71.37054,2.94161,NOISE,NIGHT,matched
20211120_194213_192.wav,Raw_recordings_Day1_pt8,97.20872,99.402757,2.194037,NOISE,NIGHT,matched
20211120_194213_192.wav,Raw_recordings_Day1_pt8,100.011246,102.198329,2.187083,NOISE,NIGHT,matched
20211120_194213_192.wav,Raw_recordings_Day1_pt8,103.331857,105.60239,2.270533,NOISE,NIGHT,matched
20211120_194213_192.wav,Raw_recordings_Day1_pt8,105.880557,108.411871,2.531314,NOISE,NIGHT,matched
20211120_194213_192.wav,Raw_recordings_Day1_pt8,109.228985,111.82984,2.600855,NOISE,NIGHT,matched
20211120_194213_192.wav,Raw_recordings_Day1_pt8,112.083667,114.489806,2.406139,NOISE,NIGHT,matched
20211120_194213_192.wav,Raw_recordings_Day1_pt8,115.828482,118.126832,2.29835,NOISE,NIGHT,matched
20211120_194213_192.wav,Raw_recordings_Day1_pt8,118.453677,120.80766,2.353983,NOISE,NIGHT,matched
20211120_194213_192.wav,Raw_recordings_Day1_pt8,121.39181,124.173474,2.781664,NOISE,NIGHT,matched
20211120_194213_192.wav,Raw_recordings_Day1_pt8,124.316034,126.798669,2.482635,NOISE,NIGHT,matched
20211120_194213_192.wav,Raw_recordings_Day1_pt8,140.821732,143.200054,2.378322,NOISE,NIGHT,matched
20211120_194213_192.wav,Raw_recordings_Day1_pt8,146.784924,149.695239,2.910315,NOISE,NIGHT,matched
20211120_194213_192.wav,Raw_recordings_Day1_pt8,153.728652,155.95746,2.228808,NOISE,NIGHT,matched
20211120_194213_192.wav,Raw_recordings_Day1_pt8,159.757908,162.32747,2.569562,NOISE,NIGHT,matched
20211120_194213_192.wav,Raw_recordings_Day1_pt8,165.123042,168.620985,3.497943,NOISE,NIGHT,matched
20211120_194213_192.wav,Raw_recordings_Day1_pt8,171.395694,174.643287,3.247593,NOISE,NIGHT,matched
20211120_194213_192.wav,Raw_recordings_Day1_pt8,196.002988,198.582981,2.579993,NOISE,NIGHT,matched
20211120_194213_192.wav,Raw_recordings_Day1_pt8,198.829854,200.909148,2.079294,NOISE,NIGHT,matched
20211120_194213_192.wav,Raw_recordings_Day1_pt8,202.105263,205.234635,3.129372,NOISE,NIGHT,matched
20211120_194213_192.wav,Raw_recordings_Day1_pt8,208.280557,210.140795,1.860238,NOISE,NIGHT,matched
20211120_194213_192.wav,Raw_recordings_Day1_pt8,244.817711,244.984611,0.1669,W,NIGHT,matched
20211120_194213_192.wav,Raw_recordings_Day1_pt8,245.075015,245.189759,0.114744,W,NIGHT,matched
20211120_194714_192.wav,Raw_recordings_Day1_pt8,1.307092,3.258314,1.951222,NOISE,NIGHT,matched
20211120_194714_192.wav,Raw_recordings_Day1_pt8,3.601096,5.838596,2.2375,NOISE,NIGHT,matched
20211120_194714_192.wav,Raw_recordings_Day1_pt8,7.149456,9.473594,2.324138,NOISE,NIGHT,matched
20211120_194714_192.wav,Raw_recordings_Day1_pt8,9.857811,12.743208,2.885397,NOISE,NIGHT,matched
20211120_194714_192.wav,Raw_recordings_Day1_pt8,14.016398,16.001521,1.985123,NOISE,NIGHT,matched
20211120_194714_192.wav,Raw_recordings_Day1_pt8,16.317935,18.999923,2.681988,NOISE,NIGHT,matched
20211120_194714_192.wav,Raw_recordings_Day1_pt8,21.011414,23.128376,2.116962,NOISE,NIGHT,matched
20211120_194714_192.wav,Raw_recordings_Day1_pt8,23.501293,25.573053,2.07176,NOISE,NIGHT,matched
20211120_194714_192.wav,Raw_recordings_Day1_pt8,34.010766,36.455443,2.444677,NOISE,NIGHT,matched
20211120_194714_192.wav,Raw_recordings_Day1_pt8,36.666386,39.12613,2.459744,NOISE,NIGHT,matched
20211120_194714_192.wav,Raw_recordings_Day1_pt8,40.339051,42.267672,1.928621,NOISE,NIGHT,matched
20211120_194714_192.wav,Raw_recordings_Day1_pt8,42.523817,44.655846,2.132029,NOISE,NIGHT,matched
20211120_194714_192.wav,Raw_recordings_Day1_pt8,44.878089,46.512896,1.634807,NOISE,NIGHT,matched
20211120_194714_192.wav,Raw_recordings_Day1_pt8,47.337834,49.18735,1.849516,NOISE,NIGHT,matched
20211120_194714_192.wav,Raw_recordings_Day1_pt8,49.511298,51.428618,1.91732,NOISE,NIGHT,matched
20211120_194714_192.wav,Raw_recordings_Day1_pt8,54.717066,56.675821,1.958755,NOISE,NIGHT,matched
20211120_194714_192.wav,Raw_recordings_Day1_pt8,62.05863,63.89308,1.83445,NOISE,NIGHT,matched
20211120_194714_192.wav,Raw_recordings_Day1_pt8,67.701351,70.628183,2.926832,NOISE,NIGHT,matched
20211120_194714_192.wav,Raw_recordings_Day1_pt8,154.108813,156.161739,2.052926,NOISE,NIGHT,matched
20211120_194714_192.wav,Raw_recordings_Day1_pt8,160.730911,164.128598,3.397687,NOISE,NIGHT,matched
20211120_194714_192.wav,Raw_recordings_Day1_pt8,167.816331,170.095267,2.278936,NOISE,NIGHT,matched
20211120_194714_192.wav,Raw_recordings_Day1_pt8,174.332958,176.649562,2.316604,NOISE,NIGHT,matched
20211120_194714_192.wav,Raw_recordings_Day1_pt8,188.051776,190.989908,2.938132,NOISE,NIGHT,matched
20211120_194714_192.wav,Raw_recordings_Day1_pt8,193.879072,196.485723,2.606651,NOISE,NIGHT,matched
20211120_194714_192.wav,Raw_recordings_Day1_pt8,201.01346,203.574909,2.561449,NOISE,NIGHT,matched
20211120_194714_192.wav,Raw_recordings_Day1_pt8,228.545268,230.556758,2.01149,NOISE,NIGHT,matched
20211120_194714_192.wav,Raw_recordings_Day1_pt8,230.81667,232.598384,1.781714,NOISE,NIGHT,matched
20211120_194714_192.wav,Raw_recordings_Day1_pt8,234.21059,235.9132,1.70261,NOISE,NIGHT,matched
20211120_194714_192.wav,Raw_recordings_Day1_pt8,236.606298,238.602721,1.996423,NOISE,NIGHT,matched
20211120_194714_192.wav,Raw_recordings_Day1_pt8,244.030732,244.264276,0.233544,W,NIGHT,matched
20211120_194714_192.wav,Raw_recordings_Day1_pt8,245.447063,245.552534,0.105471,W,NIGHT,matched
20211120_194714_192.wav,Raw_recordings_Day1_pt8,246.41514,247.09317,0.67803,MW,NIGHT,matched
20211120_194714_192.wav,Raw_recordings_Day1_pt8,246.659984,246.776756,0.116772,W,NIGHT,matched
20211120_194714_192.wav,Raw_recordings_Day1_pt8,246.901062,247.055502,0.15444,W,NIGHT,matched
20211120_194714_192.wav,Raw_recordings_Day1_pt8,247.492455,247.872905,0.38045,W,NIGHT,matched
20211120_194714_192.wav,Raw_recordings_Day1_pt8,259.388125,260.337367,0.949242,MW,NIGHT,matched
20211120_194714_192.wav,Raw_recordings_Day1_pt8,259.504896,259.663104,0.158208,W,NIGHT,matched
20211120_194714_192.wav,Raw_recordings_Day1_pt8,259.697005,259.866513,0.169508,W,NIGHT,matched
20211120_194714_192.wav,Raw_recordings_Day1_pt8,259.904181,260.073689,0.169508,W,NIGHT,matched
20211120_194714_192.wav,Raw_recordings_Day1_pt8,260.111357,260.371269,0.259912,W,NIGHT,matched
20211120_194714_192.wav,Raw_recordings_Day1_pt8,263.949763,264.092903,0.14314,W,NIGHT,matched
20211120_194714_192.wav,Raw_recordings_Day1_pt8,263.983665,264.902773,0.919108,MW,NIGHT,matched
20211120_194714_192.wav,Raw_recordings_Day1_pt8,264.092903,264.288779,0.195876,W,NIGHT,matched
20211120_194714_192.wav,Raw_recordings_Day1_pt8,264.288779,264.477121,0.188342,W,NIGHT,matched
20211120_194714_192.wav,Raw_recordings_Day1_pt8,264.492188,264.657929,0.165741,W,NIGHT,matched
20211120_194714_192.wav,Raw_recordings_Day1_pt8,264.657929,264.902773,0.244844,W,NIGHT,matched
20211120_194714_192.wav,Raw_recordings_Day1_pt8,271.170789,272.38371,1.212921,MW,NIGHT,matched
20211120_194714_192.wav,Raw_recordings_Day1_pt8,271.170789,271.287561,0.116772,W,NIGHT,matched
20211120_194714_192.wav,Raw_recordings_Day1_pt8,271.310162,271.487203,0.177041,W,NIGHT,matched
20211120_194714_192.wav,Raw_recordings_Day1_pt8,271.464602,271.671778,0.207176,W,NIGHT,matched
20211120_194714_192.wav,Raw_recordings_Day1_pt8,271.671778,271.863887,0.192109,W,NIGHT,matched
20211120_194714_192.wav,Raw_recordings_Day1_pt8,271.882721,272.071063,0.188342,W,NIGHT,matched
20211120_194714_192.wav,Raw_recordings_Day1_pt8,272.071063,272.38371,0.312647,W,NIGHT,matched
20211120_194714_192.wav,Raw_recordings_Day1_pt8,274.609911,275.894402,1.284491,MW,NIGHT,matched
20211120_194714_192.wav,Raw_recordings_Day1_pt8,274.609911,274.696548,0.086637,W,NIGHT,matched
20211120_194714_192.wav,Raw_recordings_Day1_pt8,274.74175,274.903724,0.161974,W,NIGHT,matched
20211120_194714_192.wav,Raw_recordings_Day1_pt8,274.903724,275.103366,0.199642,W,NIGHT,matched
20211120_194714_192.wav,Raw_recordings_Day1_pt8,275.103366,275.284174,0.180808,W,NIGHT,matched
20211120_194714_192.wav,Raw_recordings_Day1_pt8,275.284174,275.472516,0.188342,W,NIGHT,matched
20211120_194714_192.wav,Raw_recordings_Day1_pt8,275.472516,275.626956,0.15444,W,NIGHT,matched
20211120_194714_192.wav,Raw_recordings_Day1_pt8,275.626956,275.913236,0.28628,W,NIGHT,matched
20211120_194714_192.wav,Raw_recordings_Day1_pt8,288.878687,289.865598,0.986911,BPS,NIGHT,matched
20211120_194714_192.wav,Raw_recordings_Day1_pt8,291.214126,292.005161,0.791035,BPS,NIGHT,matched
20211120_194714_192.wav,Raw_recordings_Day1_pt8,293.485528,294.92446,1.438932,MW,NIGHT,matched
20211120_194714_192.wav,Raw_recordings_Day1_pt8,293.485528,294.118357,0.632829,W,NIGHT,matched
20211120_194714_192.wav,Raw_recordings_Day1_pt8,294.133424,294.845356,0.711932,W,NIGHT,matched
20211120_194714_192.wav,Raw_recordings_Day1_pt8,299.459731,300.036057,0.576326,W,NIGHT,matched
20211120_195214_192.wav,Raw_recordings_Day1_pt8,0,0.124306,0.124306,W,NIGHT,matched
20211120_195214_192.wav,Raw_recordings_Day1_pt8,1.303325,4.181188,2.877863,NOISE,NIGHT,matched
20211120_195214_192.wav,Raw_recordings_Day1_pt8,4.230157,6.603264,2.373107,NOISE,NIGHT,matched
20211120_195214_192.wav,Raw_recordings_Day1_pt8,8.592154,10.837188,2.245034,NOISE,NIGHT,matched
20211120_195214_192.wav,Raw_recordings_Day1_pt8,11.021763,13.402404,2.380641,NOISE,NIGHT,matched
20211120_195214_192.wav,Raw_recordings_Day1_pt8,14.995776,17.798302,2.802526,NOISE,NIGHT,matched
20211120_195214_192.wav,Raw_recordings_Day1_pt8,18.009245,20.702533,2.693288,NOISE,NIGHT,matched
20211120_195214_192.wav,Raw_recordings_Day1_pt8,21.693211,24.608743,2.915532,NOISE,NIGHT,matched
20211120_195214_192.wav,Raw_recordings_Day1_pt8,24.665245,28.428315,3.76307,NOISE,NIGHT,matched
20211120_195214_192.wav,Raw_recordings_Day1_pt8,29.05361,31.479452,2.425842,NOISE,NIGHT,matched
20211120_195214_192.wav,Raw_recordings_Day1_pt8,31.916405,34.168973,2.252568,NOISE,NIGHT,matched
20211120_195214_192.wav,Raw_recordings_Day1_pt8,35.592838,38.610074,3.017236,NOISE,NIGHT,matched
20211120_195214_192.wav,Raw_recordings_Day1_pt8,39.276804,41.284527,2.007723,NOISE,NIGHT,matched
20211120_195214_192.wav,Raw_recordings_Day1_pt8,62.555853,65.177571,2.621718,NOISE,NIGHT,matched
20211120_195214_192.wav,Raw_recordings_Day1_pt8,65.467617,67.554445,2.086828,NOISE,NIGHT,matched
20211120_195214_192.wav,Raw_recordings_Day1_pt8,68.91804,70.933297,2.015257,NOISE,NIGHT,matched
20211120_195214_192.wav,Raw_recordings_Day1_pt8,71.163074,73.479679,2.316605,NOISE,NIGHT,matched
20211120_195214_192.wav,Raw_recordings_Day1_pt8,78.561141,80.644201,2.08306,NOISE,NIGHT,matched
20211120_195214_192.wav,Raw_recordings_Day1_pt8,82.798832,84.806556,2.007724,NOISE,NIGHT,matched
20211120_195214_192.wav,Raw_recordings_Day1_pt8,116.640091,118.78342,2.143329,NOISE,NIGHT,matched
20211120_195214_192.wav,Raw_recordings_Day1_pt8,118.930327,121.416439,2.486112,NOISE,NIGHT,matched
20211120_195214_192.wav,Raw_recordings_Day1_pt8,123.036179,125.394218,2.358039,NOISE,NIGHT,matched
20211120_195214_192.wav,Raw_recordings_Day1_pt8,125.514757,127.804994,2.290237,NOISE,NIGHT,matched
20211120_195214_192.wav,Raw_recordings_Day1_pt8,129.05935,131.718737,2.659387,NOISE,NIGHT,matched
20211120_195214_192.wav,Raw_recordings_Day1_pt8,132.09542,134.687004,2.591584,NOISE,NIGHT,matched
20211120_195214_192.wav,Raw_recordings_Day1_pt8,136.834101,139.504788,2.670687,ECT,NIGHT,matched
20211120_195214_192.wav,Raw_recordings_Day1_pt8,170.166836,172.916627,2.749791,NOISE,NIGHT,matched
20211120_195214_192.wav,Raw_recordings_Day1_pt8,176.965976,180.069849,3.103873,NOISE,NIGHT,matched
20211120_195214_192.wav,Raw_recordings_Day1_pt8,182.53336,186.45087,3.91751,NOISE,NIGHT,matched
20211120_195214_192.wav,Raw_recordings_Day1_pt8,189.98793,192.959964,2.972034,NOISE,NIGHT,matched
20211120_195214_192.wav,Raw_recordings_Day1_pt8,197.111018,199.706368,2.59535,NOISE,NIGHT,matched
20211120_195214_192.wav,Raw_recordings_Day1_pt8,249.002956,252.219835,3.216879,NOISE,NIGHT,matched
20211120_195214_192.wav,Raw_recordings_Day1_pt8,255.787029,257.847488,2.060459,NOISE,NIGHT,matched
20211120_195214_192.wav,Raw_recordings_Day1_pt8,258.600856,260.133958,1.533102,NOISE,NIGHT,matched
20211120_195214_192.wav,Raw_recordings_Day1_pt8,262.265988,264.699364,2.433376,NOISE,NIGHT,matched
20211120_195214_192.wav,Raw_recordings_Day1_pt8,264.902773,266.910497,2.007724,NOISE,NIGHT,matched
20211120_195715_192.wav,Raw_recordings_Day1_pt8,6.490549,8.292449,1.8019,NOISE,NIGHT,matched
20211120_195715_192.wav,Raw_recordings_Day1_pt8,8.514982,10.171617,1.656635,NOISE,NIGHT,matched
20211120_195715_192.wav,Raw_recordings_Day1_pt8,17.864463,19.848717,1.984254,NOISE,NIGHT,matched
20211120_195715_192.wav,Raw_recordings_Day1_pt8,19.941439,21.727885,1.786446,NOISE,NIGHT,matched
20211120_195715_192.wav,Raw_recordings_Day1_pt8,61.038977,62.751245,1.712268,NOISE,NIGHT,matched
20211120_195715_192.wav,Raw_recordings_Day1_pt8,62.992323,64.667503,1.67518,NOISE,NIGHT,matched
20211120_195715_192.wav,Raw_recordings_Day1_pt8,66.636303,68.707097,2.070794,NOISE,NIGHT,matched
20211120_195715_192.wav,Raw_recordings_Day1_pt8,99.657743,101.709993,2.05225,NOISE,NIGHT,matched
20211120_195715_192.wav,Raw_recordings_Day1_pt8,104.760551,106.713897,1.953346,NOISE,NIGHT,matched
20211120_195715_192.wav,Raw_recordings_Day1_pt8,121.339267,123.172075,1.832808,NOISE,NIGHT,matched
20211120_195715_192.wav,Raw_recordings_Day1_pt8,131.86941,133.767123,1.897713,NOISE,NIGHT,matched
20211120_195715_192.wav,Raw_recordings_Day1_pt8,134.082378,135.834827,1.752449,NOISE,NIGHT,matched
20211120_195715_192.wav,Raw_recordings_Day1_pt8,170.463451,171.455577,0.992126,NOISE,NIGHT,matched
20211120_195715_192.wav,Raw_recordings_Day1_pt8,172.082997,173.208026,1.125029,NOISE,NIGHT,matched
20211120_195715_192.wav,Raw_recordings_Day1_pt8,176.437846,178.326287,1.888441,NOISE,NIGHT,matched
20211120_195715_192.wav,Raw_recordings_Day1_pt8,179.129879,179.979832,0.849953,NOISE,NIGHT,matched
20211120_195715_192.wav,Raw_recordings_Day1_pt8,182.334974,184.183235,1.848261,NOISE,NIGHT,matched
20211120_195715_192.wav,Raw_recordings_Day1_pt8,204.582103,206.164561,1.582458,ECT,NIGHT,matched
20211120_195715_192.wav,Raw_recordings_Day1_pt8,211.057198,212.27804,1.220842,NOISE,NIGHT,matched
20211120_195715_192.wav,Raw_recordings_Day1_pt8,249.187628,250.930804,1.743176,BPS,NIGHT,matched
20211120_195715_192.wav,Raw_recordings_Day1_pt8,268.492375,269.89557,1.403195,BPS,NIGHT,matched
20211120_195715_192.wav,Raw_recordings_Day1_pt8,271.308037,272.933765,1.625728,BPS,NIGHT,matched
20211120_195715_192.wav,Raw_recordings_Day1_pt8,275.047829,276.679739,1.63191,BPS,NIGHT,matched
20211120_195715_192.wav,Raw_recordings_Day1_pt8,281.059314,282.691224,1.63191,BPS,NIGHT,matched
20211120_195715_192.wav,Raw_recordings_Day1_pt8,287.089343,288.424542,1.335199,ECT,NIGHT,matched
20211120_200216_192.wav,Raw_recordings_Day1_pt8,1.663203,3.502192,1.838989,NOISE,NIGHT,matched
20211120_200216_192.wav,Raw_recordings_Day1_pt8,3.779393,5.696133,1.91674,NOISE,NIGHT,matched
20211120_200216_192.wav,Raw_recordings_Day1_pt8,42.972843,45.018042,2.045199,ECT,NIGHT,matched
20211120_200216_192.wav,Raw_recordings_Day1_pt8,45.640053,46.829987,1.189934,BPS,NIGHT,matched
20211120_200216_192.wav,Raw_recordings_Day1_pt8,46.64744,47.556793,0.909353,BPS,NIGHT,matched
20211120_200216_192.wav,Raw_recordings_Day1_pt8,52.505837,53.83099,1.325153,BPS,NIGHT,matched
20211120_200216_192.wav,Raw_recordings_Day1_pt8,53.915503,54.679494,0.763991,BPS,NIGHT,matched
20211120_200216_192.wav,Raw_recordings_Day1_pt8,54.71668,56.065497,1.348817,BPS,NIGHT,matched
20211120_200216_192.wav,Raw_recordings_Day1_pt8,59.746855,61.359351,1.612496,BPS,NIGHT,matched
20211120_200216_192.wav,Raw_recordings_Day1_pt8,61.095673,62.5121,1.416427,BPS,NIGHT,matched
20211120_200216_192.wav,Raw_recordings_Day1_pt8,78.167168,80.225889,2.058721,NOIS,NIGHT,matched
20211120_200216_192.wav,Raw_recordings_Day1_pt8,91.016427,93.244173,2.227746,NOISE,NIGHT,matched
20211120_200216_192.wav,Raw_recordings_Day1_pt8,115.558815,117.536404,1.977589,ECT,NIGHT,matched
20211120_200216_192.wav,Raw_recordings_Day1_pt8,135.909391,137.768663,1.859272,ECT,NIGHT,matched
20211120_200216_192.wav,Raw_recordings_Day1_pt8,157.348485,159.086059,1.737574,NOISE,NIGHT,matched
20211120_200216_192.wav,Raw_recordings_Day1_pt8,172.466055,174.950719,2.484664,NOISE,NIGHT,matched
20211120_200216_192.wav,Raw_recordings_Day1_pt8,217.291409,218.636846,1.345437,NOISE,NIGHT,matched
20211120_200216_192.wav,Raw_recordings_Day1_pt8,230.194756,231.749783,1.555027,BPS,NIGHT,matched
20211120_200216_192.wav,Raw_recordings_Day1_pt8,285.391466,287.737529,2.346063,ECT,NIGHT,matched
20211120_200216_192.wav,Raw_recordings_Day1_pt8,287.737529,288.890277,1.152748,ECT,NIGHT,matched
20211120_200216_192.wav,Raw_recordings_Day1_pt8,288.890277,290.022743,1.132466,ECT,NIGHT,matched
20211120_200716_192.wav,Raw_recordings_Day1_pt8,15.477545,17.228641,1.751096,NOISE,NIGHT,matched
20211120_200716_192.wav,Raw_recordings_Day1_pt8,20.566444,22.431897,1.865453,NOISE,NIGHT,matched
20211120_200716_192.wav,Raw_recordings_Day1_pt8,22.742806,24.601112,1.858306,NOISE,NIGHT,matched
20211120_200716_192.wav,Raw_recordings_Day1_pt8,32.970636,34.961168,1.990532,NOISE,NIGHT,matched
20211120_200716_192.wav,Raw_recordings_Day1_pt8,47.372508,49.430939,2.058431,ECT,NIGHT,matched
20211120_200716_192.wav,Raw_recordings_Day1_pt8,64.36886,66.037762,1.668902,BPS,NIGHT,matched
20211120_200716_192.wav,Raw_recordings_Day1_pt8,77.416312,80.450354,3.034042,NOISE,NIGHT,matched
20211120_200716_192.wav,Raw_recordings_Day1_pt8,83.31286,85.653611,2.340751,NOISE,NIGHT,matched
20211120_200716_192.wav,Raw_recordings_Day1_pt8,96.274544,97.83981,1.565266,NOISE,NIGHT,matched
20211120_200716_192.wav,Raw_recordings_Day1_pt8,97.936299,100.391407,2.455108,NOISE,NIGHT,matched
20211120_200716_192.wav,Raw_recordings_Day1_pt8,102.439117,104.354602,1.915485,NOISE,NIGHT,matched
20211120_200716_192.wav,Raw_recordings_Day1_pt8,153.867735,155.5688,1.701065,BPS,NIGHT,matched
20211120_200716_192.wav,Raw_recordings_Day1_pt8,156.322843,157.162655,0.839812,BPS,NIGHT,matched
20211120_200716_192.wav,Raw_recordings_Day1_pt8,158.034629,159.353311,1.318682,BPS,NIGHT,matched
20211120_200716_192.wav,Raw_recordings_Day1_pt8,160.23958,161.608294,1.368714,BPS,NIGHT,matched
20211120_200716_192.wav,Raw_recordings_Day1_pt8,230.16549,231.623546,1.458056,ECT,NIGHT,matched
20211120_200716_192.wav,Raw_recordings_Day1_pt8,240.536267,242.719777,2.18351,ECT,NIGHT,matched
20211120_200716_192.wav,Raw_recordings_Day1_pt8,243.313005,245.078396,1.765391,ECT,NIGHT,matched
20211120_200716_192.wav,Raw_recordings_Day1_pt8,247.23689,249.774192,2.537302,ECT,NIGHT,matched
20211120_200716_192.wav,Raw_recordings_Day1_pt8,249.881402,251.500272,1.61887,ECT,NIGHT,matched
20211120_200716_192.wav,Raw_recordings_Day1_pt8,292.322252,294.344946,2.022694,NOISE,NIGHT,matched
20211120_201217_192.wav,Raw_recordings_Day1_pt8,1.369197,2.580766,1.211569,NOISE,NIGHT,matched
20211120_201217_192.wav,Raw_recordings_Day1_pt8,12.325862,13.902138,1.576276,NOISE,NIGHT,matched
20211120_201217_192.wav,Raw_recordings_Day1_pt8,22.033868,23.798679,1.764811,ECT,NIGHT,matched
20211120_201217_192.wav,Raw_recordings_Day1_pt8,45.310213,47.124476,1.814263,NOISE,NIGHT,matched
20211120_201217_192.wav,Raw_recordings_Day1_pt8,69.436511,70.190651,0.75414,BPS,NIGHT,matched
20211120_201217_192.wav,Raw_recordings_Day1_pt8,75.655075,76.64102,0.985945,ECT,NIGHT,matched
20211120_201217_192.wav,Raw_recordings_Day1_pt8,89.139963,90.472071,1.332108,ECT,NIGHT,matched
20211120_201217_192.wav,Raw_recordings_Day1_pt8,194.463028,195.380977,0.917949,ECT,NIGHT,matched
20211120_201217_192.wav,Raw_recordings_Day1_pt8,197.875202,198.981686,1.106484,ECT,NIGHT,matched
20211120_201217_192.wav,Raw_recordings_Day1_pt8,199.018775,199.83473,0.815955,ECT,NIGHT,matched
20211120_201217_192.wav,Raw_recordings_Day1_pt8,199.83473,200.554872,0.720142,ECT,NIGHT,matched
20211120_201217_192.wav,Raw_recordings_Day1_pt8,200.591961,201.287377,0.695416,ECT,NIGHT,matched
20211120_201217_192.wav,Raw_recordings_Day1_pt8,201.29974,202.282594,0.982854,ECT,NIGHT,matched
20211120_201217_192.wav,Raw_recordings_Day1_pt8,205.948209,206.983606,1.035397,ECT,NIGHT,matched
20211120_201217_192.wav,Raw_recordings_Day1_pt8,207.014513,207.873739,0.859226,ECT,NIGHT,matched
20211120_201217_192.wav,Raw_recordings_Day1_pt8,230.637021,231.712598,1.075577,ECT,NIGHT,matched
20211120_201217_192.wav,Raw_recordings_Day1_pt8,275.199276,277.044446,1.84517,NOISE,NIGHT,matched
20211120_201717_192.wav,Raw_recordings_Day1_pt8,47.156156,48.174941,1.018785,BPS,NIGHT,matched
20211120_201717_192.wav,Raw_recordings_Day1_pt8,56.387803,57.914241,1.526438,ECT,NIGHT,matched
20211120_201717_192.wav,Raw_recordings_Day1_pt8,64.367701,65.661175,1.293474,ECT,NIGHT,matched
20211120_201717_192.wav,Raw_recordings_Day1_pt8,68.863565,70.386526,1.522961,ECT,NIGHT,matched
20211120_201717_192.wav,Raw_recordings_Day1_pt8,125.063606,127.45236,2.388754,NOISE,NIGHT,matched
20211120_201717_192.wav,Raw_recordings_Day1_pt8,143.41911,145.32455,1.90544,NOISE,NIGHT,matched
20211120_201717_192.wav,Raw_recordings_Day1_pt8,167.188428,169.076482,1.888054,NOISE,NIGHT,matched
20211120_201717_192.wav,Raw_recordings_Day1_pt8,245.45054,246.396306,0.945766,BPS,NIGHT,matched
20211120_201717_192.wav,Raw_recordings_Day1_pt8,266.274771,267.658649,1.383878,ECT,NIGHT,matched
20211120_202218_192.wav,Raw_recordings_Day1_pt8,12.710658,13.552401,0.841743,BPS,NIGHT,matched
20211120_202218_192.wav,Raw_recordings_Day1_pt8,23.504576,24.724935,1.220359,ECT,NIGHT,matched
20211120_202218_192.wav,Raw_recordings_Day1_pt8,37.898721,38.331424,0.432703,FB,NIGHT,matched
20211120_202218_192.wav,Raw_recordings_Day1_pt8,44.308138,45.471028,1.16289,BPS,NIGHT,matched
20211120_202218_192.wav,Raw_recordings_Day1_pt8,78.596491,79.95545,1.358959,BPS,NIGHT,matched
20211120_202218_192.wav,Raw_recordings_Day1_pt8,85.560309,86.740102,1.179793,BPS,NIGHT,matched
20211120_202218_192.wav,Raw_recordings_Day1_pt8,89.082784,90.293001,1.210217,BPS,NIGHT,matched
20211120_202218_192.wav,Raw_recordings_Day1_pt8,92.835133,94.194092,1.358959,BPS,NIGHT,matched
20211120_202218_192.wav,Raw_recordings_Day1_pt8,111.539408,112.959215,1.419807,BPS,NIGHT,matched
20211120_202218_192.wav,Raw_recordings_Day1_pt8,180.075548,181.965244,1.889696,NOISE,NIGHT,matched
20211120_202218_192.wav,Raw_recordings_Day1_pt8,182.046376,184.280883,2.234507,NOISE,NIGHT,matched
20211120_202218_192.wav,Raw_recordings_Day1_pt8,258.888391,260.500887,1.612496,NOISE,NIGHT,matched
20211120_202218_192.wav,Raw_recordings_Day1_pt8,282.744539,285.235963,2.491424,ECT,NIGHT,matched
20211120_202218_192.wav,Raw_recordings_Day1_pt8,297.037268,297.946621,0.909353,BPS,NIGHT,matched
20211120_202719_192.wav,Raw_recordings_Day1_pt9,31.132809,33.280486,2.147677,NOISE,NIGHT,matched
20211120_202719_192.wav,Raw_recordings_Day1_pt9,39.430807,41.813333,2.382526,BPS,NIGHT,matched
20211120_202719_192.wav,Raw_recordings_Day1_pt9,46.581789,48.167871,1.586082,BPS,NIGHT,matched
20211120_202719_192.wav,Raw_recordings_Day1_pt9,53.341356,54.75045,1.409094,BPS,NIGHT,matched
20211120_202719_192.wav,Raw_recordings_Day1_pt9,71.288585,72.935932,1.647347,BPS,NIGHT,matched
20211120_202719_192.wav,Raw_recordings_Day1_pt9,87.506781,88.837592,1.330811,ECT,NIGHT,matched
20211120_202719_192.wav,Raw_recordings_Day1_pt9,117.417694,118.915282,1.497588,ECT,NIGHT,matched
20211120_202719_192.wav,Raw_recordings_Day1_pt9,122.683077,124.922651,2.239574,ECT,NIGHT,matched
20211120_202719_192.wav,Raw_recordings_Day1_pt9,133.632486,135.187935,1.555449,ECT,NIGHT,matched
20211120_202719_192.wav,Raw_recordings_Day1_pt9,143.748011,145.388551,1.64054,ECT,NIGHT,matched
20211120_202719_192.wav,Raw_recordings_Day1_pt9,223.021462,223.770256,0.748794,FB,NIGHT,matched
20211120_202719_192.wav,Raw_recordings_Day1_pt9,274.313846,275.862488,1.548642,BPS,NIGHT,matched
20211120_203219_192.wav,Raw_recordings_Day1_pt9,0.758583,1.97614,1.217557,ECT,NIGHT,matched
20211120_203219_192.wav,Raw_recordings_Day1_pt9,15.152534,16.896,1.743466,ECT,NIGHT,matched
20211120_203219_192.wav,Raw_recordings_Day1_pt9,18.540659,20.287312,1.746653,ECT,NIGHT,matched
20211120_203219_192.wav,Raw_recordings_Day1_pt9,31.325012,32.252523,0.927511,ECT,NIGHT,matched
20211120_203219_192.wav,Raw_recordings_Day1_pt9,49.154898,50.774058,1.61916,BPS,NIGHT,matched
20211120_203219_192.wav,Raw_recordings_Day1_pt9,53.064255,53.995437,0.931182,BPS,NIGHT,matched
20211120_203219_192.wav,Raw_recordings_Day1_pt9,55.815984,56.430115,0.614131,BPS,NIGHT,matched
20211120_203219_192.wav,Raw_recordings_Day1_pt9,56.485037,57.089182,0.604145,BPS,NIGHT,matched
20211120_203219_192.wav,Raw_recordings_Day1_pt9,76.024876,76.761333,0.736457,BPS,NIGHT,matched
20211120_203219_192.wav,Raw_recordings_Day1_pt9,139.412641,140.733272,1.320631,BPS,NIGHT,matched
20211120_203219_192.wav,Raw_recordings_Day1_pt9,183.959579,185.058024,1.098445,NOISE,NIGHT,matched
20211120_203219_192.wav,Raw_recordings_Day1_pt9,189.137249,190.545256,1.408007,NOISE,NIGHT,matched
20211120_203219_192.wav,Raw_recordings_Day1_pt9,206.050806,207.411379,1.360573,NOISE,NIGHT,matched
20211120_203219_192.wav,Raw_recordings_Day1_pt9,210.659282,211.969926,1.310644,NOISE,NIGHT,matched
20211120_203219_192.wav,Raw_recordings_Day1_pt9,215.35763,216.525976,1.168346,NOISE,NIGHT,matched
20211120_203219_192.wav,Raw_recordings_Day1_pt9,220.018532,221.543873,1.525341,NOISE,NIGHT,matched
20211120_203219_192.wav,Raw_recordings_Day1_pt9,229.088193,229.300392,0.212199,W,NIGHT,matched
20211120_203219_192.wav,Raw_recordings_Day1_pt9,255.004005,256.329629,1.325624,NOISE,NIGHT,matched
20211120_203219_192.wav,Raw_recordings_Day1_pt9,263.52694,265.279459,1.752519,NOISE,NIGHT,matched
20211120_203219_192.wav,Raw_recordings_Day1_pt9,268.215303,269.808048,1.592745,NOISE,NIGHT,matched
20211120_203219_192.wav,Raw_recordings_Day1_pt9,272.469281,274.12943,1.660149,NOISE,NIGHT,matched
20211120_203219_192.wav,Raw_recordings_Day1_pt9,277.309928,279.302108,1.99218,NOISE,NIGHT,matched
20211120_203219_192.wav,Raw_recordings_Day1_pt9,281.024669,282.784678,1.760009,NOISE,NIGHT,matched
20211120_203720_192.wav,Raw_recordings_Day1_pt9,1.112376,2.734723,1.622347,NOISE,NIGHT,matched
20211120_203720_192.wav,Raw_recordings_Day1_pt9,2.916401,4.943538,2.027137,NOISE,NIGHT,matched
20211120_203720_192.wav,Raw_recordings_Day1_pt9,6.734814,8.647208,1.912394,NOISE,NIGHT,matched
20211120_203720_192.wav,Raw_recordings_Day1_pt9,12.213822,14.703122,2.4893,NOISE,NIGHT,matched
20211120_203720_192.wav,Raw_recordings_Day1_pt9,17.893632,19.68172,1.788088,NOISE,NIGHT,matched
20211120_203720_192.wav,Raw_recordings_Day1_pt9,19.863398,22.062651,2.199253,NOISE,NIGHT,matched
20211120_203720_192.wav,Raw_recordings_Day1_pt9,23.350329,25.112919,1.76259,NOISE,NIGHT,matched
20211120_203720_192.wav,Raw_recordings_Day1_pt9,25.744009,28.045256,2.301247,NOISE,NIGHT,matched
20211120_203720_192.wav,Raw_recordings_Day1_pt9,65.314626,67.775239,2.460613,NOISE,NIGHT,matched
20211120_203720_192.wav,Raw_recordings_Day1_pt9,70.529087,73.528358,2.999271,NOISE,NIGHT,matched
20211120_203720_192.wav,Raw_recordings_Day1_pt9,75.83598,78.580265,2.744285,NOISE,NIGHT,matched
20211120_203720_192.wav,Raw_recordings_Day1_pt9,81.620971,84.0274,2.406429,NOISE,NIGHT,matched
20211120_203720_192.wav,Raw_recordings_Day1_pt9,87.316718,90.105625,2.788907,NOISE,NIGHT,matched
20211120_203720_192.wav,Raw_recordings_Day1_pt9,92.94553,95.163907,2.218377,NOISE,NIGHT,matched
20211120_203720_192.wav,Raw_recordings_Day1_pt9,98.552032,101.65011,3.098078,NOISE,NIGHT,matched
20211120_203720_192.wav,Raw_recordings_Day1_pt9,104.158533,107.393666,3.235133,NOISE,NIGHT,matched
20211120_203720_192.wav,Raw_recordings_Day1_pt9,109.924401,111.967475,2.043074,NOISE,NIGHT,matched
20211120_203720_192.wav,Raw_recordings_Day1_pt9,121.146965,123.314345,2.16738,NOISE,NIGHT,matched
20211120_203720_192.wav,Raw_recordings_Day1_pt9,124.155799,126.355051,2.199252,NOISE,NIGHT,matched
20211120_203720_192.wav,Raw_recordings_Day1_pt9,133.590275,135.604663,2.014388,NOISE,NIGHT,matched
20211120_203720_192.wav,Raw_recordings_Day1_pt9,156.752552,158.190035,1.437483,NOISE,NIGHT,matched
20211120_203720_192.wav,Raw_recordings_Day1_pt9,178.837514,180.839153,2.001639,NOISE,NIGHT,matched
20211120_203720_192.wav,Raw_recordings_Day1_pt9,269.191751,271.486624,2.294873,NOISE,NIGHT,matched
20211120_204220_192.wav,Raw_recordings_Day1_pt9,0.765151,2.233058,1.467907,NOISE,NIGHT,matched
20211120_204220_192.wav,Raw_recordings_Day1_pt9,2.929247,4.938999,2.009752,NOISE,NIGHT,matched
20211120_204220_192.wav,Raw_recordings_Day1_pt9,13.24072,14.715195,1.474475,NOISE,NIGHT,matched
20211120_204220_192.wav,Raw_recordings_Day1_pt9,24.107174,25.942879,1.835705,NOISE,NIGHT,matched
20211120_204220_192.wav,Raw_recordings_Day1_pt9,36.677976,38.497262,1.819286,NOISE,NIGHT,matched
20211120_204220_192.wav,Raw_recordings_Day1_pt9,42.00776,43.830329,1.822569,NOISE,NIGHT,matched
20211120_204220_192.wav,Raw_recordings_Day1_pt9,47.590405,50.204396,2.613991,NOISE,NIGHT,matched
20211120_204220_192.wav,Raw_recordings_Day1_pt9,54.358541,56.338738,1.980197,NOISE,NIGHT,matched
20211120_204220_192.wav,Raw_recordings_Day1_pt9,59.891927,61.615979,1.724052,NOISE,NIGHT,matched
20211120_204220_192.wav,Raw_recordings_Day1_pt9,65.211859,67.940787,2.728928,NOISE,NIGHT,matched
20211120_204220_192.wav,Raw_recordings_Day1_pt9,71.099907,73.132647,2.03274,NOISE,NIGHT,matched
20211120_204220_192.wav,Raw_recordings_Day1_pt9,76.945265,79.693896,2.748631,NOISE,NIGHT,matched
20211120_204220_192.wav,Raw_recordings_Day1_pt9,83.982681,85.933323,1.950642,NOISE,NIGHT,matched
20211120_204220_192.wav,Raw_recordings_Day1_pt9,87.690214,89.220515,1.530301,NOISE,NIGHT,matched
20211120_204220_192.wav,Raw_recordings_Day1_pt9,89.851026,91.391179,1.540153,NOISE,NIGHT,matched
20211120_204220_192.wav,Raw_recordings_Day1_pt9,93.338537,95.663544,2.325007,NOISE,NIGHT,matched
20211120_204220_192.wav,Raw_recordings_Day1_pt9,96.057613,98.057514,1.999901,NOISE,NIGHT,matched
20211120_204220_192.wav,Raw_recordings_Day1_pt9,99.991736,102.073734,2.081998,NOISE,NIGHT,matched
20211120_204220_192.wav,Raw_recordings_Day1_pt9,102.254349,104.034228,1.779879,NOISE,NIGHT,matched
20211120_204220_192.wav,Raw_recordings_Day1_pt9,140.334554,142.07831,1.743756,NOISE,NIGHT,matched
20211120_204220_192.wav,Raw_recordings_Day1_pt9,142.764647,144.022384,1.257737,NOISE,NIGHT,matched
20211120_204220_192.wav,Raw_recordings_Day1_pt9,146.436057,148.11085,1.674793,NOISE,NIGHT,matched
20211120_204220_192.wav,Raw_recordings_Day1_pt9,148.541042,150.199416,1.658374,NOISE,NIGHT,matched
20211120_204220_192.wav,Raw_recordings_Day1_pt9,152.376647,154.241908,1.865261,NOISE,NIGHT,matched
20211120_204220_192.wav,Raw_recordings_Day1_pt9,158.701456,160.051142,1.349686,NOISE,NIGHT,matched
20211120_204220_192.wav,Raw_recordings_Day1_pt9,160.464915,161.617566,1.152651,NOISE,NIGHT,matched
20211120_204220_192.wav,Raw_recordings_Day1_pt9,163.597763,165.282409,1.684646,NOISE,NIGHT,matched
20211120_204220_192.wav,Raw_recordings_Day1_pt9,165.761859,167.206779,1.44492,NOISE,NIGHT,matched
20211120_204220_192.wav,Raw_recordings_Day1_pt9,169.278925,170.713994,1.435069,NOISE,NIGHT,matched
20211120_204220_192.wav,Raw_recordings_Day1_pt9,171.505416,172.828831,1.323415,NOISE,NIGHT,matched
20211120_204220_192.wav,Raw_recordings_Day1_pt9,174.730214,176.39844,1.668226,NOISE,NIGHT,matched
20211120_204220_192.wav,Raw_recordings_Day1_pt9,177.025666,178.976308,1.950642,NOISE,NIGHT,matched
20211120_204220_192.wav,Raw_recordings_Day1_pt9,180.739767,182.752803,2.013036,NOISE,NIGHT,matched
20211120_204220_192.wav,Raw_recordings_Day1_pt9,183.278228,185.005564,1.727336,NOISE,NIGHT,matched
20211120_204220_192.wav,Raw_recordings_Day1_pt9,186.94307,188.355151,1.412081,NOISE,NIGHT,matched
20211120_204220_192.wav,Raw_recordings_Day1_pt9,188.887144,190.305793,1.418649,NOISE,NIGHT,matched
20211120_204220_192.wav,Raw_recordings_Day1_pt9,192.752305,194.253051,1.500746,NOISE,NIGHT,matched
20211120_204220_192.wav,Raw_recordings_Day1_pt9,195.179113,196.042781,0.863668,NOISE,NIGHT,matched
20211120_204220_192.wav,Raw_recordings_Day1_pt9,198.036114,199.625526,1.589412,NOISE,NIGHT,matched
20211120_204220_192.wav,Raw_recordings_Day1_pt9,200.059002,201.339726,1.280724,NOISE,NIGHT,matched
20211120_204220_192.wav,Raw_recordings_Day1_pt9,201.980088,203.113037,1.132949,NOISE,NIGHT,matched
20211120_204220_192.wav,Raw_recordings_Day1_pt9,203.858484,205.221306,1.362822,NOISE,NIGHT,matched
20211120_204220_192.wav,Raw_recordings_Day1_pt9,205.444612,206.646523,1.201911,NOISE,NIGHT,matched
20211120_204220_192.wav,Raw_recordings_Day1_pt9,207.043875,208.091442,1.047567,NOISE,NIGHT,matched
20211120_204220_192.wav,Raw_recordings_Day1_pt9,209.67757,211.237427,1.559857,NOISE,NIGHT,matched
20211120_204220_192.wav,Raw_recordings_Day1_pt9,213.355548,214.550891,1.195343,NOISE,NIGHT,matched
20211120_204220_192.wav,Raw_recordings_Day1_pt9,216.120599,217.555667,1.435068,NOISE,NIGHT,matched
20211120_204220_192.wav,Raw_recordings_Day1_pt9,218.560543,219.98576,1.425217,NOISE,NIGHT,matched
20211120_204220_192.wav,Raw_recordings_Day1_pt9,220.846144,222.333754,1.48761,NOISE,NIGHT,matched
20211120_204220_192.wav,Raw_recordings_Day1_pt9,222.737675,224.5898,1.852125,NOISE,NIGHT,matched
20211120_204220_192.wav,Raw_recordings_Day1_pt9,225.036411,226.744044,1.707633,NOISE,NIGHT,matched
20211120_204220_192.wav,Raw_recordings_Day1_pt9,227.65697,228.990237,1.333267,NOISE,NIGHT,matched
20211120_204220_192.wav,Raw_recordings_Day1_pt9,229.371171,231.308677,1.937506,NOISE,NIGHT,matched
20211120_204220_192.wav,Raw_recordings_Day1_pt9,233.200208,234.812607,1.612399,NOISE,NIGHT,matched
20211120_204220_192.wav,Raw_recordings_Day1_pt9,235.416847,236.950432,1.533585,NOISE,NIGHT,matched
20211120_204220_192.wav,Raw_recordings_Day1_pt9,239.682644,241.170255,1.487611,NOISE,NIGHT,matched
20211120_204220_192.wav,Raw_recordings_Day1_pt9,241.738371,243.475559,1.737188,NOISE,NIGHT,matched
20211120_204220_192.wav,Raw_recordings_Day1_pt9,244.999292,246.986057,1.986765,NOISE,NIGHT,matched
20211120_204220_192.wav,Raw_recordings_Day1_pt9,247.206079,248.844749,1.63867,NOISE,NIGHT,matched
20211120_204220_192.wav,Raw_recordings_Day1_pt9,263.717572,265.149356,1.431784,BPS,NIGHT,matched
20211120_204220_192.wav,Raw_recordings_Day1_pt9,284.971029,286.816586,1.845557,ECT,NIGHT,matched
20211120_204721_192.wav,Raw_recordings_Day1_pt9,38.277336,39.859408,1.582072,ECT,NIGHT,matched
20211120_204721_192.wav,Raw_recordings_Day1_pt9,114.733975,115.301898,0.567923,BPS,NIGHT,matched
20211120_204721_192.wav,Raw_recordings_Day1_pt9,116.54761,117.23216,0.68455,ECT,NIGHT,matched
20211120_204721_192.wav,Raw_recordings_Day1_pt9,117.218638,118.112779,0.894141,BPS,NIGHT,matched
20211120_204721_192.wav,Raw_recordings_Day1_pt9,173.372028,174.582245,1.210217,NOISE,NIGHT,matched
20211120_204721_192.wav,Raw_recordings_Day1_pt9,179.60904,180.464305,0.855265,NOISE,NIGHT,matched
20211120_204721_192.wav,Raw_recordings_Day1_pt9,185.758159,187.083313,1.325154,NOISE,NIGHT,matched
20211120_204721_192.wav,Raw_recordings_Day1_pt9,211.835291,212.709149,0.873858,NOISE,NIGHT,matched
20211120_204721_192.wav,Raw_recordings_Day1_pt9,239.317019,240.726686,1.409667,NOISE,NIGHT,matched
20211120_204721_192.wav,Raw_recordings_Day1_pt9,289.66103,290.828991,1.167961,NOISE,NIGHT,matched
20211120_205222_192.wav,Raw_recordings_Day1_pt9,17.214674,23.287957,6.073283,NOISE,NIGHT,matched
20211120_205222_192.wav,Raw_recordings_Day1_pt9,144.766285,148.402652,3.636367,NOISE,NIGHT,matched
20211120_205722_192.wav,Raw_recordings_Day1_pt9,0.91853,10.75279,9.83426,NOISE,NIGHT,matched
20211120_205722_192.wav,Raw_recordings_Day1_pt9,114.227182,125.229573,11.002391,NOISE,NIGHT,matched
20211120_210223_192.wav,Raw_recordings_Day1_pt9,0.282475,5.678716,5.396241,NOISE,NIGHT,matched
20211120_210223_192.wav,Raw_recordings_Day1_pt9,249.863513,250.214171,0.350658,W,NIGHT,matched
20211120_210223_192.wav,Raw_recordings_Day1_pt9,250.964191,251.256406,0.292215,W,NIGHT,matched
20211120_210223_192.wav,Raw_recordings_Day1_pt9,252.357083,252.639558,0.282475,W,NIGHT,matched
20211120_210223_192.wav,Raw_recordings_Day1_pt9,253.282431,253.623349,0.340918,W,NIGHT,matched
20211120_210223_192.wav,Raw_recordings_Day1_pt9,254.655843,254.918837,0.262994,W,NIGHT,matched
20211120_210723_192.wav,Raw_recordings_Day1_pt9,40.954453,51.916908,10.962455,NOISE,NIGHT,matched
20211120_211224_192.wav,Raw_recordings_Day1_pt9,0.493113,7.035082,6.541969,NOISE,NIGHT,matched
20211120_211725_192.wav,Raw_recordings_Day1_pt9,0.645309,6.270452,5.625143,NOISE,NIGHT,matched
20211120_212225_192.wav,Raw_recordings_Day1_pt9,3.82388,8.686098,4.862218,NOISE,NIGHT,matched
20211120_212726_192.wav,Raw_recordings_Day1_pt9,33.556294,38.518352,4.962058,NOISE,NIGHT,matched
20211120_213226_192.wav,Raw_recordings_Day1_pt9,15.848013,19.92026,4.072247,NOISE,NIGHT,matched
20211120_213226_192.wav,Raw_recordings_Day1_pt9,288.351047,289.093501,0.742454,W,NIGHT,matched
20211120_213727_192.wav,Raw_recordings_Day1_pt9,142.990659,143.78938,0.798721,W,NIGHT,matched
20211120_213727_192.wav,Raw_recordings_Day1_pt9,200.634985,201.346042,0.711057,W,NIGHT,matched
20211120_213727_192.wav,Raw_recordings_Day1_pt9,202.417498,204.657815,2.240317,W,NIGHT,matched
20211120_213727_192.wav,Raw_recordings_Day1_pt9,211.66124,212.80088,1.13964,W,NIGHT,matched
20211120_213727_192.wav,Raw_recordings_Day1_pt9,228.950642,229.67144,0.720798,W,NIGHT,matched
20211120_213727_192.wav,Raw_recordings_Day1_pt9,232.768921,233.947523,1.178602,W,NIGHT,matched
20211120_213727_192.wav,Raw_recordings_Day1_pt9,284.939083,286.137165,1.198082,W,NIGHT,matched
20211120_213727_192.wav,Raw_recordings_Day1_pt9,295.225059,296.38418,1.159121,W,NIGHT,matched
20211120_214228_192.wav,Raw_recordings_Day1_pt10,11.486007,11.871731,0.385724,W,NIGHT,matched
20211120_214228_192.wav,Raw_recordings_Day1_pt10,35.20804,36.300925,1.092885,W,NIGHT,matched
20211120_214228_192.wav,Raw_recordings_Day1_pt10,40.126023,41.283195,1.157172,W,NIGHT,matched
20211120_214228_192.wav,Raw_recordings_Day1_pt10,77.787697,78.741293,0.953596,W,NIGHT,matched
20211120_214228_192.wav,Raw_recordings_Day1_pt10,81.580651,83.884281,2.30363,W,NIGHT,matched
20211120_214228_192.wav,Raw_recordings_Day1_pt10,188.833386,189.358399,0.525013,W,NIGHT,matched
20211120_214228_192.wav,Raw_recordings_Day1_pt10,190.644146,191.201303,0.557157,W,NIGHT,matched
20211120_214728_192.wav,Raw_recordings_Day1_pt10,159.47793,160.193857,0.715927,W,NIGHT,matched
20211120_214728_192.wav,Raw_recordings_Day1_pt10,185.414954,186.493959,1.079005,W,NIGHT,matched
20211120_214728_192.wav,Raw_recordings_Day1_pt10,193.019126,193.315724,0.296598,W,NIGHT,matched
20211120_214728_192.wav,Raw_recordings_Day1_pt10,193.862897,194.185064,0.322167,W,NIGHT,matched
20211120_214728_192.wav,Raw_recordings_Day1_pt10,202.172768,202.387546,0.214778,W,NIGHT,matched
20211120_214728_192.wav,Raw_recordings_Day1_pt10,203.149498,203.323366,0.173868,W,NIGHT,matched
20211120_214728_192.wav,Raw_recordings_Day1_pt10,204.100658,204.371688,0.27103,W,NIGHT,matched
20211120_214728_192.wav,Raw_recordings_Day1_pt10,204.463736,205.271711,0.807975,W,NIGHT,matched
20211120_214728_192.wav,Raw_recordings_Day1_pt10,210.446843,210.738327,0.291484,W,NIGHT,matched
20211120_214728_192.wav,Raw_recordings_Day1_pt10,212.154841,212.456553,0.301712,W,NIGHT,matched
20211120_214728_192.wav,Raw_recordings_Day1_pt10,213.187822,213.515103,0.327281,W,NIGHT,matched
20211120_214728_192.wav,Raw_recordings_Day1_pt10,214.067389,214.363988,0.296599,W,NIGHT,matched
20211120_214728_192.wav,Raw_recordings_Day1_pt10,235.673054,236.066814,0.39376,W,NIGHT,matched
20211120_214728_192.wav,Raw_recordings_Day1_pt10,236.874789,237.232753,0.357964,W,NIGHT,matched
20211120_214728_192.wav,Raw_recordings_Day1_pt10,263.502173,263.670927,0.168754,W,NIGHT,matched
20211120_214728_192.wav,Raw_recordings_Day1_pt10,268.160814,268.442071,0.281257,W,NIGHT,matched
20211120_214728_192.wav,Raw_recordings_Day1_pt10,268.846059,269.909722,1.063663,W,NIGHT,matched
20211120_215229_192.wav,Raw_recordings_Day1_pt10,105.040047,107.610957,2.57091,NOISE,NIGHT,matched
20211120_215229_192.wav,Raw_recordings_Day1_pt10,141.464336,141.661745,0.197409,W,NIGHT,matched
20211120_215229_192.wav,Raw_recordings_Day1_pt10,142.2907,142.552381,0.261681,W,NIGHT,matched
20211120_215729_192.wav,Raw_recordings_Day1_pt10,0,5.020258,5.020258,NOISE,NIGHT,matched
20211120_220230_192.wav,Raw_recordings_Day1_pt10,242.570978,248.439488,5.86851,NOISE,NIGHT,matched
20211120_220731_192.wav,Raw_recordings_Day1_pt10,0.179225,5.858429,5.679204,NOISE,NIGHT,matched
20211120_221231_192.wav,Raw_recordings_Day1_pt10,0,5.022997,5.022997,NOISE,NIGHT,matched
20211120_221732_192.wav,Raw_recordings_Day1_pt10,0,5.065064,5.065064,NOISE,NIGHT,matched
20211120_222232_192.wav,Raw_recordings_Day1_pt10,0,4.977088,4.977088,NOISE,NIGHT,matched
20211120_222733_192.wav,Raw_recordings_Day1_pt10,0,4.903928,4.903928,NOISE,NIGHT,matched
20211120_223234_192.wav,Raw_recordings_Day1_pt10,0.518195,4.609208,4.091013,NOISE,NIGHT,matched
20211120_223234_192.wav,Raw_recordings_Day1_pt10,75.806478,76.945144,1.138666,W,NIGHT,matched
20211120_223734_192.wav,Raw_recordings_Day1_pt10,0.677209,6.25925,5.582041,NOISE,NIGHT,matched
20211120_223734_192.wav,Raw_recordings_Day1_pt10,226.713735,227.088501,0.374766,W,NIGHT,matched
20211120_223734_192.wav,Raw_recordings_Day1_pt10,228.068152,228.311421,0.243269,W,NIGHT,matched
20211120_223734_192.wav,Raw_recordings_Day1_pt10,231.335849,231.736915,0.401066,W,NIGHT,matched
20211120_223734_192.wav,Raw_recordings_Day1_pt10,233.426649,233.781691,0.355042,W,NIGHT,matched
20211120_223734_192.wav,Raw_recordings_Day1_pt10,235.399102,235.662096,0.262994,W,NIGHT,matched
20211120_223734_192.wav,Raw_recordings_Day1_pt10,236.339305,236.635173,0.295868,W,NIGHT,matched
20211120_223734_192.wav,Raw_recordings_Day1_pt10,238.798296,240.665551,1.867255,W,NIGHT,matched
20211120_223734_192.wav,Raw_recordings_Day1_pt10,247.871579,249.686236,1.814657,W,NIGHT,matched
20211120_223734_192.wav,Raw_recordings_Day1_pt10,256.057259,257.668095,1.610836,W,NIGHT,matched
20211120_223734_192.wav,Raw_recordings_Day1_pt10,264.104867,265.827475,1.722608,W,NIGHT,matched
20211120_223734_192.wav,Raw_recordings_Day1_pt10,268.602059,269.963052,1.360993,W,NIGHT,matched
20211120_223734_192.wav,Raw_recordings_Day1_pt10,272.639013,274.361622,1.722609,W,NIGHT,matched
20211120_223734_192.wav,Raw_recordings_Day1_pt10,278.240779,279.706969,1.46619,W,NIGHT,matched
20211120_223734_192.wav,Raw_recordings_Day1_pt10,282.428954,283.881994,1.45304,W,NIGHT,matched
20211120_223734_192.wav,Raw_recordings_Day1_pt10,290.54231,292.389841,1.847531,W,NIGHT,matched
20211120_223734_192.wav,Raw_recordings_Day1_pt10,296.42022,298.044206,1.623986,W,NIGHT,matched
20211120_223734_192.wav,Raw_recordings_Day1_pt10,299.372324,300.056108,0.683784,W,NIGHT,matched
20211120_224235_192.wav,Raw_recordings_Day1_pt10,1.95005,3.600092,1.650042,W,NIGHT,matched
20211120_224235_192.wav,Raw_recordings_Day1_pt10,4.778693,6.160871,1.382178,W,NIGHT,matched
20211120_224235_192.wav,Raw_recordings_Day1_pt10,9.696676,11.132427,1.435751,W,NIGHT,matched
20211120_224235_192.wav,Raw_recordings_Day1_pt10,14.678946,16.789714,2.110768,W,NIGHT,matched
20211120_224235_192.wav,Raw_recordings_Day1_pt10,17.127222,18.011173,0.883951,W,NIGHT,matched
20211120_224235_192.wav,Raw_recordings_Day1_pt10,20.277303,21.97556,1.698257,W,NIGHT,matched
20211120_224235_192.wav,Raw_recordings_Day1_pt10,22.982729,24.236332,1.253603,W,NIGHT,matched
20211120_224235_192.wav,Raw_recordings_Day1_pt10,46.206535,47.529783,1.323248,W,NIGHT,matched
20211120_224235_192.wav,Raw_recordings_Day1_pt10,72.655424,74.530472,1.875048,W,NIGHT,matched
20211120_224235_192.wav,Raw_recordings_Day1_pt10,75.532283,76.346589,0.814306,w,NIGHT,matched
20211120_224235_192.wav,Raw_recordings_Day1_pt10,78.371641,80.332405,1.960764,W,NIGHT,matched
20211120_224235_192.wav,Raw_recordings_Day1_pt10,81.275286,83.02176,1.746474,W,NIGHT,matched
20211120_224235_192.wav,Raw_recordings_Day1_pt10,83.407484,84.312864,0.90538,W,NIGHT,matched
20211120_224235_192.wav,Raw_recordings_Day1_pt10,85.320032,86.573636,1.253604,W,NIGHT,matched
20211120_224235_192.wav,Raw_recordings_Day1_pt10,88.271893,90.870174,2.598281,W,NIGHT,matched
20211120_224235_192.wav,Raw_recordings_Day1_pt10,92.027346,93.264878,1.237532,W,NIGHT,matched
20211120_224235_192.wav,Raw_recordings_Day1_pt10,94.673842,96.709608,2.035766,W,NIGHT,matched
20211120_224235_192.wav,Raw_recordings_Day1_pt10,98.729303,100.331129,1.601826,W,NIGHT,matched
20211120_224235_192.wav,Raw_recordings_Day1_pt10,100.915073,102.243678,1.328605,W,NIGHT,matched
20211120_224235_192.wav,Raw_recordings_Day1_pt10,108.077755,110.584962,2.507207,W,NIGHT,matched
20211120_224235_192.wav,Raw_recordings_Day1_pt10,111.29748,113.301103,2.003623,W,NIGHT,matched
20211120_224235_192.wav,Raw_recordings_Day1_pt10,114.318986,117.99408,3.675094,W,NIGHT,matched
20211120_224235_192.wav,Raw_recordings_Day1_pt10,120.495929,122.628126,2.132197,W,NIGHT,matched
20211120_224235_192.wav,Raw_recordings_Day1_pt10,124.112093,126.59787,2.485777,W,NIGHT,matched
20211120_224235_192.wav,Raw_recordings_Day1_pt10,128.108623,130.401539,2.292916,W,NIGHT,matched
20211120_224235_192.wav,Raw_recordings_Day1_pt10,131.505138,133.653408,2.14827,W,NIGHT,matched
20211120_224235_192.wav,Raw_recordings_Day1_pt10,137.274928,137.596365,0.321437,W,NIGHT,matched
20211120_224235_192.wav,Raw_recordings_Day1_pt10,141.335746,143.253652,1.917906,W,NIGHT,matched
20211120_224235_192.wav,Raw_recordings_Day1_pt10,144.239392,145.466209,1.226817,W,NIGHT,matched
20211120_224235_192.wav,Raw_recordings_Day1_pt10,147.169824,149.944894,2.77507,W,NIGHT,matched
20211120_224235_192.wav,Raw_recordings_Day1_pt10,151.611008,153.094975,1.483967,W,NIGHT,matched
20211120_224235_192.wav,Raw_recordings_Day1_pt10,155.066453,156.443274,1.376821,W,NIGHT,matched
20211120_224235_192.wav,Raw_recordings_Day1_pt10,157.729021,159.87729,2.148269,W,NIGHT,matched
20211120_224235_192.wav,Raw_recordings_Day1_pt10,161.21661,163.172017,1.955407,W,NIGHT,matched
20211120_224235_192.wav,Raw_recordings_Day1_pt10,166.006018,167.366767,1.360749,W,NIGHT,matched
20211120_224235_192.wav,Raw_recordings_Day1_pt10,169.097168,170.522205,1.425037,W,NIGHT,matched
20211120_224235_192.wav,Raw_recordings_Day1_pt10,173.415136,176.725934,3.310798,W,NIGHT,matched
20211120_224235_192.wav,Raw_recordings_Day1_pt10,178.215258,179.849228,1.63397,W,NIGHT,matched
20211120_224235_192.wav,Raw_recordings_Day1_pt10,182.335006,184.53149,2.196484,W,NIGHT,matched
20211120_224235_192.wav,Raw_recordings_Day1_pt10,189.738766,191.694173,1.955407,W,NIGHT,matched
20211120_224235_192.wav,Raw_recordings_Day1_pt10,194.094234,195.578201,1.483967,W,NIGHT,matched
20211120_224235_192.wav,Raw_recordings_Day1_pt10,195.856779,196.081785,0.225006,W,NIGHT,matched
20211120_224235_192.wav,Raw_recordings_Day1_pt10,202.778384,204.326638,1.548254,W,NIGHT,matched
20211120_224235_192.wav,Raw_recordings_Day1_pt10,208.896397,210.953593,2.057196,W,NIGHT,matched
20211120_224235_192.wav,Raw_recordings_Day1_pt10,215.828717,218.019844,2.191127,W,NIGHT,matched
20211120_224235_192.wav,Raw_recordings_Day1_pt10,231.038033,232.99344,1.955407,W,NIGHT,matched
20211120_224235_192.wav,Raw_recordings_Day1_pt10,237.852493,239.877544,2.025051,W,NIGHT,matched
20211120_224235_192.wav,Raw_recordings_Day1_pt10,242.0526,243.290131,1.237531,W,NIGHT,matched
20211120_224735_192.wav,Raw_recordings_Day1_pt10,71.739329,76.38409,4.644761,NOISE,NIGHT,matched
20211120_225236_192.wav,Raw_recordings_Day1_pt10,0,4.996881,4.996881,NOISE,NIGHT,matched
20211120_225737_192.wav,Raw_Recordings_Day1_pt11,1.044669,6.026939,4.98227,NOISE,NIGHT,matched
20211120_230237_192.wav,Raw_Recordings_Day1_pt11,32.640443,37.754209,5.113766,NOISE,NIGHT,matched
20211120_230237_192.wav,Raw_Recordings_Day1_pt11,283.969902,284.237766,0.267864,W,NIGHT,matched
20211120_230738_192.wav,Raw_Recordings_Day1_pt11,1.972453,4.048399,2.075946,W,NIGHT,matched
20211120_230738_192.wav,Raw_Recordings_Day1_pt11,6.051291,7.72544,1.674149,W,NIGHT,matched
20211120_230738_192.wav,Raw_Recordings_Day1_pt11,10.927632,11.919947,0.992315,W,NIGHT,matched
20211120_230738_192.wav,Raw_Recordings_Day1_pt11,24.186899,25.934103,1.747204,W,NIGHT,matched
20211120_230738_192.wav,Raw_Recordings_Day1_pt11,27.115139,28.50925,1.394111,W,NIGHT,matched
20211120_231238_192.wav,Raw_Recordings_Day1_pt11,83.300582,85.081633,1.781051,W,NIGHT,matched
20211120_231238_192.wav,Raw_Recordings_Day1_pt11,94.989435,96.428838,1.439403,W,NIGHT,matched
20211120_231739_192.wav,Raw_Recordings_Day1_pt11,256.6563,261.204143,4.547843,NOISE,NIGHT,matched
20211120_232240_192.wav,Raw_Recordings_Day1_pt11,19.960643,25.008681,5.048038,NOISE,NIGHT,matched
20211120_232240_192.wav,Raw_Recordings_Day1_pt11,252.757645,252.972215,0.21457,W,NIGHT,matched
20211120_232740_192.wav,Raw_Recordings_Day1_pt11,0.973077,6.009406,5.036329,NOISE,NIGHT,matched
20211120_233241_192.wav,Raw_Recordings_Day1_pt11,0.970155,5.996257,5.026102,NOISE,NIGHT,matched
20211120_233241_192.wav,Raw_Recordings_Day1_pt11,246.729018,246.851748,0.12273,W,NIGHT,matched
20211120_233241_192.wav,Raw_Recordings_Day1_pt11,248.172561,248.377112,0.204551,W,NIGHT,matched
20211120_233241_192.wav,Raw_Recordings_Day1_pt11,251.264198,251.45706,0.192862,W,NIGHT,matched
20211120_233241_192.wav,Raw_Recordings_Day1_pt11,254.414279,254.653895,0.239616,W,NIGHT,matched
20211120_233241_192.wav,Raw_Recordings_Day1_pt11,256.58836,256.857198,0.268838,W,NIGHT,matched
20211120_233241_192.wav,Raw_Recordings_Day1_pt11,257.646179,257.885796,0.239617,W,NIGHT,matched
20211120_233241_192.wav,Raw_Recordings_Day1_pt11,259.224141,259.457914,0.233773,W,NIGHT,matched
20211120_233241_192.wav,Raw_Recordings_Day1_pt11,261.129385,261.316403,0.187018,W,NIGHT,matched
20211120_233241_192.wav,Raw_Recordings_Day1_pt11,265.489236,266.371726,0.88249,W,NIGHT,matched
20211120_233742_192.wav,Raw_Recordings_Day1_pt11,0,5.126916,5.126916,NOISE,NIGHT,matched
20211120_234242_192.wav,Raw_Recordings_Day1_pt11,33.172274,38.455526,5.283252,NOISE,NIGHT,matched
20211120_234242_192.wav,Raw_Recordings_Day1_pt11,171.033581,172.214131,1.18055,W,NIGHT,matched
20211120_234242_192.wav,Raw_Recordings_Day1_pt11,177.000617,177.994148,0.993531,W,NIGHT,matched
20211120_234743_192.wav,Raw_Recordings_Day1_pt11,0,5.121559,5.121559,NOISE,NIGHT,matched
20211120_235243_192.wav,Raw_Recordings_Day1_pt11,11.470179,16.200413,4.730234,NOISE,NIGHT,matched
20211120_235243_192.wav,Raw_Recordings_Day1_pt11,264.059573,264.898231,0.838658,W,NIGHT,matched
20211120_235744_192.wav,Raw_Recordings_Day1_pt11,30.017811,34.814524,4.796713,NOISE,NIGHT,matched
20211120_235744_192.wav,Raw_Recordings_Day1_pt11,157.00798,157.325034,0.317054,W,NIGHT,matched
20211120_235744_192.wav,Raw_Recordings_Day1_pt11,204.842154,205.000681,0.158527,W,NIGHT,matched
20211120_235744_192.wav,Raw_Recordings_Day1_pt11,205.29728,205.578537,0.281257,W,NIGHT,matched
20211121_000245_192.wav,Raw_Recordings_Day2_pt1,1.002542,5.998448,4.995906,NOISE,NIGHT,matched
20211121_000245_192.wav,Raw_Recordings_Day2_pt1,164.131214,165.464202,1.332988,W,NIGHT,matched
20211121_000245_192.wav,Raw_Recordings_Day2_pt1,173.467734,174.632699,1.164965,W,NIGHT,matched
20211121_000245_192.wav,Raw_Recordings_Day2_pt1,219.668669,220.805629,1.13696,W,NIGHT,matched
20211121_000245_192.wav,Raw_Recordings_Day2_pt1,294.360833,294.540058,0.179225,W,NIGHT,matched
20211121_000746_192.wav,Raw_Recordings_Day2_pt1,0.178235,5.185029,5.006794,NOISE,NIGHT,matched
20211121_000746_192.wav,Raw_Recordings_Day2_pt1,105.391116,105.520742,0.129626,W,NIGHT,matched
20211121_000746_192.wav,Raw_Recordings_Day2_pt1,257.971398,258.219847,0.248449,W,NIGHT,matched
20211121_001246_192.wav,Raw_Recordings_Day2_pt1,0.063313,5.133248,5.069935,NOISE,NIGHT,matched
20211121_001747_192.wav,Raw_Recordings_Day2_pt1,0,5.028537,5.028537,NOISE,NIGHT,matched
20211121_002248_192.wav,Raw_Recordings_Day2_pt1,0,5.148102,5.148102,NOISE,NIGHT,matched
20211121_002748_192.wav,Raw_Recordings_Day2_pt1,0,5.046314,5.046314,NOISE,NIGHT,matched
20211121_003249_192.wav,Raw_Recordings_Day2_pt1,0,5.007108,5.007108,NOISE,NIGHT,matched
20211121_003749_192.wav,Raw_Recordings_Day2_pt1,0,5.080936,5.080936,NOISE,NIGHT,matched
20211121_004250_192.wav,Raw_Recordings_Day2_pt1,0,5.001507,5.001507,NOISE,NIGHT,matched
20211121_004750_192.wav,Raw_Recordings_Day2_pt1,0,5.008267,5.008267,NOISE,NIGHT,matched
20211121_005251_192.wav,Raw_Recordings_Day2_pt1,0,5.0412,5.0412,NOISE,NIGHT,matched
20211121_005751_192.wav,Raw_Recordings_Day2_pt1,8.602435,13.581241,4.978806,NOISE,NIGHT,matched
20211121_010252_192.wav,Raw_Recordings_Day2_pt1,0,5.144449,5.144449,NOISE,NIGHT,matched
20211121_010753_192.wav,Raw_Recordings_Day2_pt1,0,3.482232,3.482232,NOISE,NIGHT,matched
20211121_011253_192.wav,Raw_Recordings_Day2_pt1,12.021735,15.47718,3.455445,NOISE,NIGHT,matched
20211121_011253_192.wav,Raw_Recordings_Day2_pt1,149.435953,150.410978,0.975025,W,NIGHT,matched
20211121_011253_192.wav,Raw_Recordings_Day2_pt1,290.862773,291.066349,0.203576,W,NIGHT,matched
20211121_011253_192.wav,Raw_Recordings_Day2_pt1,293.836063,294.012853,0.17679,W,NIGHT,matched
20211121_011253_192.wav,Raw_Recordings_Day2_pt1,295.078952,295.352173,0.273221,W,NIGHT,matched
20211121_011253_192.wav,Raw_Recordings_Day2_pt1,298.052242,298.314748,0.262506,W,NIGHT,matched
20211121_011754_192.wav,Raw_Recordings_Day2_pt2,0,5.01831,5.01831,NOISE,NIGHT,matched
20211121_011754_192.wav,Raw_Recordings_Day2_pt2,6.211278,6.614536,0.403258,W,NIGHT,matched
20211121_011754_192.wav,Raw_Recordings_Day2_pt2,6.967385,7.314635,0.34725,W,NIGHT,matched
20211121_011754_192.wav,Raw_Recordings_Day2_pt2,18.589029,19.193915,0.604886,W,NIGHT,matched
20211121_011754_192.wav,Raw_Recordings_Day2_pt2,40.107273,40.415316,0.308043,W,NIGHT,matched
20211121_011754_192.wav,Raw_Recordings_Day2_pt2,57.990602,58.242638,0.252036,W,NIGHT,matched
20211121_011754_192.wav,Raw_Recordings_Day2_pt2,60.466152,61.283868,0.817716,W,NIGHT,matched
20211121_011754_192.wav,Raw_Recordings_Day2_pt2,292.131717,292.495769,0.364052,W,NIGHT,matched
20211121_012254_192.wav,Raw_Recordings_Day2_pt2,118.858063,119.636816,0.778753,W,NIGHT,matched
20211121_012254_192.wav,Raw_Recordings_Day2_pt2,240.793152,240.976761,0.183609,W,NIGHT,matched
20211121_012254_192.wav,Raw_Recordings_Day2_pt2,242.230364,242.483617,0.253253,W,NIGHT,matched
20211121_012254_192.wav,Raw_Recordings_Day2_pt2,244.034793,244.243727,0.208934,W,NIGHT,matched
20211121_012755_192.wav,Raw_Recordings_Day2_pt2,1.943718,6.932807,4.989089,NOISE,NIGHT,matched
20211121_012755_192.wav,Raw_Recordings_Day2_pt2,38.918687,39.222591,0.303904,W,NIGHT,matched
20211121_013255_192.wav,Raw_Recordings_Day2_pt2,0,4.998342,4.998342,NOISE,NIGHT,matched
20211121_013756_192.wav,Raw_Recordings_Day2_pt2,0,5.028398,5.028398,NOISE,NIGHT,matched
20211121_014256_192.wav,Raw_Recordings_Day2_pt2,18.541057,21.200216,2.659159,NOISE,NIGHT,matched
20211121_014757_192.wav,Raw_Recordings_Day2_pt2,72.07485,73.334281,1.259431,NOISE,NIGHT,matched
20211121_015258_192.wav,Raw_Recordings_Day2_pt2,0,4.974633,4.974633,NOISE,NIGHT,matched
20211121_015758_192.wav,Raw_Recordings_Day2_pt2,17.985848,21.47295,3.487102,NOISE,NIGHT,matched
20211121_020259_192.wav,Raw_Recordings_Day2_pt2,0,5.01003,5.01003,NOISE,NIGHT,matched
20211121_020259_192.wav,Raw_Recordings_Day2_pt2,30.724241,30.921486,0.197245,W,NIGHT,matched
20211121_020259_192.wav,Raw_Recordings_Day2_pt2,34.202333,34.432453,0.23012,W,NIGHT,matched
20211121_020259_192.wav,Raw_Recordings_Day2_pt2,118.334023,119.813363,1.47934,W,NIGHT,matched
20211121_020259_192.wav,Raw_Recordings_Day2_pt2,123.777993,125.678123,1.90013,W,NIGHT,matched
20211121_020259_192.wav,Raw_Recordings_Day2_pt2,128.051641,129.964921,1.91328,W,NIGHT,matched
20211121_020259_192.wav,Raw_Recordings_Day2_pt2,136.441141,138.282097,1.840956,W,NIGHT,matched
20211121_020759_192.wav,Raw_Recordings_Day2_pt2,0,4.985192,4.985192,NOISE,NIGHT,matched
20211121_021300_192.wav,Raw_Recordings_Day2_pt2,203.852032,204.540929,0.688897,W,unknown,unknown
20211121_021300_192.wav,Raw_Recordings_Day2_pt2,289.488144,290.849136,1.360992,W,unknown,unknown
20211121_021800_192.wav,Raw_Recordings_Day2_pt2,0.056251,0.409101,0.35285,W,unknown,unknown
20211121_021800_192.wav,Raw_Recordings_Day2_pt2,27.246149,28.258675,1.012526,W,unknown,unknown
20211121_021800_192.wav,Raw_Recordings_Day2_pt2,32.809927,34.29292,1.482993,W,unknown,unknown
20211121_021800_192.wav,Raw_Recordings_Day2_pt2,125.159441,126.790733,1.631292,W,unknown,unknown
20211121_021800_192.wav,Raw_Recordings_Day2_pt2,141.712704,143.63548,1.922776,W,unknown,unknown
20211121_021800_192.wav,Raw_Recordings_Day2_pt2,146.570782,148.099799,1.529017,W,unknown,unknown
20211121_021800_192.wav,Raw_Recordings_Day2_pt2,252.047335,253.765561,1.718226,W,unknown,unknown
20211121_022301_192.wav,Raw_Recordings_Day2_pt2,186.219033,190.226278,4.007245,NOISE,unknown,unknown
20211121_022802_192.wav,Raw_Recordings_Day2_pt2,6.678579,11.306538,4.627959,NOISE,unknown,unknown
20211121_023302_192.wav,Raw_Recordings_Day2_pt3,13.361055,17.443302,4.082247,NOISE,unknown,unknown
20211121_023803_192.wav,Raw_Recordings_Day2_pt3,86.046441,86.304219,0.257778,W,unknown,unknown
20211121_024303_192.wav,Raw_Recordings_Day2_pt3,2.075946,2.319458,0.243512,W,unknown,unknown
20211121_024303_192.wav,Raw_Recordings_Day2_pt3,3.482232,3.744008,0.261776,W,unknown,unknown
20211121_024303_192.wav,Raw_Recordings_Day2_pt3,252.285247,252.461794,0.176547,W,unknown,unknown
20211121_024303_192.wav,Raw_Recordings_Day2_pt3,253.332352,253.551513,0.219161,W,unknown,unknown
20211121_024303_192.wav,Raw_Recordings_Day2_pt3,254.184646,254.440334,0.255688,W,unknown,unknown
20211121_024804_192.wav,Raw_Recordings_Day2_pt3,267.39107,267.606336,0.215266,W,unknown,unknown
20211121_025304_192.wav,Raw_Recordings_Day2_pt3,134.151634,136.780354,2.62872,NOISE,unknown,unknown
20211121_025805_192.wav,Raw_Recordings_Day2_pt3,269.215468,270.110377,0.894909,W,unknown,unknown
20211121_025805_192.wav,Raw_Recordings_Day2_pt3,270.694807,271.559277,0.86447,W,unknown,unknown
20211121_025805_192.wav,Raw_Recordings_Day2_pt3,272.021951,272.935124,0.913173,W,unknown,unknown
20211121_025805_192.wav,Raw_Recordings_Day2_pt3,273.434325,274.256181,0.821856,W,unknown,unknown
20211121_025805_192.wav,Raw_Recordings_Day2_pt3,274.755382,275.662466,0.907084,W,unknown,unknown
20211121_025805_192.wav,Raw_Recordings_Day2_pt3,276.112965,276.910469,0.797504,W,unknown,unknown
20211121_025805_192.wav,Raw_Recordings_Day2_pt3,277.452285,278.109769,0.657484,W,unknown,unknown
20211121_025805_192.wav,Raw_Recordings_Day2_pt3,284.489802,285.305569,0.815767,W,unknown,unknown
20211121_025805_192.wav,Raw_Recordings_Day2_pt3,285.987405,286.772733,0.785328,W,unknown,unknown
20211121_030305_192.wav,Raw_Recordings_Day2_pt3,3.438399,4.729017,1.290618,NOISE,unknown,unknown
20211121_030806_192.wav,Raw_Recordings_Day2_pt3,29.656925,32.330694,2.673769,NOISE,unknown,unknown
20211121_030806_192.wav,Raw_Recordings_Day2_pt3,41.355762,42.324456,0.968694,W,unknown,unknown
20211121_030806_192.wav,Raw_Recordings_Day2_pt3,48.794101,50.481644,1.687543,W,unknown,unknown
20211121_030806_192.wav,Raw_Recordings_Day2_pt3,51.169811,52.980084,1.810273,W,unknown,unknown
20211121_031307_192.wav,Raw_Recordings_Day2_pt3,3.993121,4.238582,0.245461,W,unknown,unknown
20211121_031307_192.wav,Raw_Recordings_Day2_pt3,5.014414,5.237958,0.223544,W,unknown,unknown
20211121_031807_192.wav,Raw_Recordings_Day2_pt3,19.034414,21.284471,2.250057,NOISE,unknown,unknown
20211121_032308_192.wav,Raw_Recordings_Day2_pt3,32.775836,34.929462,2.153626,NOISE,unknown,unknown
20211121_032308_192.wav,Raw_Recordings_Day2_pt3,53.546008,54.05495,0.508942,W,unknown,unknown
20211121_032808_192.wav,Raw_Recordings_Day2_pt3,29.015269,30.683574,1.668305,NOISE,unknown,unknown
20211121_033309_192.wav,Raw_Recordings_Day2_pt3,17.688519,19.289128,1.600609,NOISE,unknown,unknown
20211121_033809_192.wav,Raw_Recordings_Day2_pt3,64.092543,66.241543,2.149,NOISE,unknown,unknown
20211121_034310_192.wav,Raw_Recordings_Day2_pt3,89.533533,92.053889,2.520356,NOISE,unknown,unknown
20211121_034811_192.wav,Raw_Recordings_Day2_pt4,89.080599,89.668682,0.588083,W,unknown,unknown
20211121_034811_192.wav,Raw_Recordings_Day2_pt4,281.394999,281.988683,0.593684,W,unknown,unknown
20211121_034811_192.wav,Raw_Recordings_Day2_pt4,283.24326,284.436229,1.192969,W,unknown,unknown
20211121_035311_192.wav,Raw_Recordings_Day2_pt4,17.004005,20.175514,3.171509,NOISE,unknown,unknown
20211121_035311_192.wav,Raw_Recordings_Day2_pt4,163.686316,163.89525,0.208934,W,unknown,unknown
20211121_035311_192.wav,Raw_Recordings_Day2_pt4,191.137016,191.75846,0.621444,W,unknown,unknown
20211121_035812_192.wav,Raw_Recordings_Day2_pt4,78.450296,79.671268,1.220972,W,unknown,unknown
20211121_040312_192.wav,Raw_Recordings_Day2_pt4,2.587322,8.206378,5.619056,NOISE,unknown,unknown
20211121_040312_192.wav,Raw_Recordings_Day2_pt4,289.299178,289.506163,0.206985,W,unknown,unknown
20211121_040813_192.wav,Raw_Recordings_Day2_pt4,169.299771,169.918293,0.618522,W,unknown,unknown
20211121_040813_192.wav,Raw_Recordings_Day2_pt4,181.207542,181.996523,0.788981,W,unknown,unknown
20211121_040813_192.wav,Raw_Recordings_Day2_pt4,227.513917,227.95224,0.438323,W,unknown,unknown
20211121_040813_192.wav,Raw_Recordings_Day2_pt4,228.215234,228.692519,0.477285,W,unknown,unknown
20211121_040813_192.wav,Raw_Recordings_Day2_pt4,229.880861,231.639023,1.758162,W,unknown,unknown
20211121_040813_192.wav,Raw_Recordings_Day2_pt4,232.729959,233.996226,1.266267,W,unknown,unknown
20211121_040813_192.wav,Raw_Recordings_Day2_pt4,237.025524,237.517419,0.491895,W,unknown,unknown
20211121_040813_192.wav,Raw_Recordings_Day2_pt4,237.7171,238.135941,0.418841,W,unknown,unknown
20211121_040813_192.wav,Raw_Recordings_Day2_pt4,238.442767,238.773945,0.331178,W,unknown,unknown
20211121_040813_192.wav,Raw_Recordings_Day2_pt4,240.551587,242.13442,1.582833,W,unknown,unknown
20211121_040813_192.wav,Raw_Recordings_Day2_pt4,242.450987,243.020806,0.569819,W,unknown,unknown
20211121_040813_192.wav,Raw_Recordings_Day2_pt4,246.73194,246.985193,0.253253,W,unknown,unknown
20211121_040813_192.wav,Raw_Recordings_Day2_pt4,247.180003,247.652418,0.472415,W,unknown,unknown
20211121_040813_192.wav,Raw_Recordings_Day2_pt4,247.895931,248.373215,0.477284,W,unknown,unknown
20211121_040813_192.wav,Raw_Recordings_Day2_pt4,249.907345,250.983672,1.076327,W,unknown,unknown
20211121_040813_192.wav,Raw_Recordings_Day2_pt4,252.810017,254.655843,1.845826,W,unknown,unknown
20211121_040813_192.wav,Raw_Recordings_Day2_pt4,255.225663,256.068217,0.842554,W,unknown,unknown
20211121_040813_192.wav,Raw_Recordings_Day2_pt4,258.931926,259.462784,0.530858,W,unknown,unknown
20211121_040813_192.wav,Raw_Recordings_Day2_pt4,265.570082,266.500301,0.930219,W,unknown,unknown
20211121_040813_192.wav,Raw_Recordings_Day2_pt4,298.454038,299.199187,0.745149,W,unknown,unknown
20211121_041313_192.wav,Raw_Recordings_Day2_pt4,6.323294,6.810563,0.487269,W,unknown,unknown
20211121_041313_192.wav,Raw_Recordings_Day2_pt4,37.088446,37.374086,0.28564,W,unknown,unknown
20211121_041313_192.wav,Raw_Recordings_Day2_pt4,40.756964,41.378652,0.621688,W,unknown,unknown
20211121_041313_192.wav,Raw_Recordings_Day2_pt4,54.338885,54.529312,0.190427,W,unknown,unknown
20211121_041313_192.wav,Raw_Recordings_Day2_pt4,93.566834,95.745542,2.178708,W,unknown,unknown
20211121_041313_192.wav,Raw_Recordings_Day2_pt4,96.876902,98.193088,1.316186,W,unknown,unknown
20211121_041313_192.wav,Raw_Recordings_Day2_pt4,102.091239,103.194595,1.103356,W,unknown,unknown
20211121_041313_192.wav,Raw_Recordings_Day2_pt4,106.090205,106.863114,0.772909,W,unknown,unknown
20211121_041313_192.wav,Raw_Recordings_Day2_pt4,150.454079,151.215787,0.761708,W,unknown,unknown
20211121_041313_192.wav,Raw_Recordings_Day2_pt4,151.462222,151.787068,0.324846,W,unknown,unknown
20211121_041313_192.wav,Raw_Recordings_Day2_pt4,153.674535,154.245816,0.571281,W,unknown,unknown
20211121_041313_192.wav,Raw_Recordings_Day2_pt4,154.548258,154.889907,0.341649,W,unknown,unknown
20211121_041313_192.wav,Raw_Recordings_Day2_pt4,155.685219,156.799777,1.114558,W,unknown,unknown
20211121_041313_192.wav,Raw_Recordings_Day2_pt4,157.768714,158.928078,1.159364,W,unknown,unknown
20211121_041313_192.wav,Raw_Recordings_Day2_pt4,160.765138,162.019715,1.254577,W,unknown,unknown
20211121_041313_192.wav,Raw_Recordings_Day2_pt4,180.446321,181.656092,1.209771,W,unknown,unknown
20211121_041313_192.wav,Raw_Recordings_Day2_pt4,197.399919,198.598489,1.19857,W,unknown,unknown
20211121_041313_192.wav,Raw_Recordings_Day2_pt4,238.268899,239.501074,1.232175,W,unknown,unknown
20211121_041313_192.wav,Raw_Recordings_Day2_pt4,252.853362,255.065675,2.212313,W,unknown,unknown
20211121_041313_192.wav,Raw_Recordings_Day2_pt4,257.283589,258.202119,0.91853,W,unknown,unknown
20211121_041313_192.wav,Raw_Recordings_Day2_pt4,264.379792,265.012682,0.63289,W,unknown,unknown
20211121_041313_192.wav,Raw_Recordings_Day2_pt4,271.106344,271.464794,0.35845,W,unknown,unknown
20211121_041313_192.wav,Raw_Recordings_Day2_pt4,274.394009,275.581377,1.187368,W,unknown,unknown
20211121_041814_192.wav,Raw_Recordings_Day2_pt4,180.893898,181.070688,0.17679,W,unknown,unknown
20211121_041814_192.wav,Raw_Recordings_Day2_pt4,182.238575,182.452866,0.214291,W,unknown,unknown
20211121_041814_192.wav,Raw_Recordings_Day2_pt4,183.127883,183.476106,0.348223,W,unknown,unknown
20211121_041814_192.wav,Raw_Recordings_Day2_pt4,190.36021,190.729863,0.369653,W,unknown,unknown
20211121_041814_192.wav,Raw_Recordings_Day2_pt4,191.340593,191.560241,0.219648,W,unknown,unknown
20211121_041814_192.wav,Raw_Recordings_Day2_pt4,193.617436,194.431743,0.814307,W,unknown,unknown
20211121_042315_192.wav,Raw_Recordings_Day2_pt4,123.23009,123.466784,0.236694,W,unknown,unknown
20211121_042315_192.wav,Raw_Recordings_Day2_pt4,132.540067,132.794295,0.254228,W,unknown,unknown
20211121_042315_192.wav,Raw_Recordings_Day2_pt4,133.723539,133.951467,0.227928,W,unknown,unknown
20211121_042315_192.wav,Raw_Recordings_Day2_pt4,140.276466,140.52631,0.249844,W,unknown,unknown
20211121_042315_192.wav,Raw_Recordings_Day2_pt4,141.047914,141.442405,0.394491,W,unknown,unknown
20211121_042315_192.wav,Raw_Recordings_Day2_pt4,151.243304,151.523831,0.280527,W,unknown,unknown
20211121_042315_192.wav,Raw_Recordings_Day2_pt4,153.268356,153.500667,0.232311,W,unknown,unknown
20211121_042315_192.wav,Raw_Recordings_Day2_pt4,154.088019,154.351013,0.262994,W,unknown,unknown
20211121_042315_192.wav,Raw_Recordings_Day2_pt4,167.960938,168.394878,0.43394,W,unknown,unknown
20211121_042315_192.wav,Raw_Recordings_Day2_pt4,177.240233,177.503227,0.262994,W,unknown,unknown
20211121_042315_192.wav,Raw_Recordings_Day2_pt4,178.046747,178.270292,0.223545,W,unknown,unknown
20211121_042315_192.wav,Raw_Recordings_Day2_pt4,181.531414,181.715509,0.184095,W,unknown,unknown
20211121_042315_192.wav,Raw_Recordings_Day2_pt4,182.820083,183.950956,1.130873,W,unknown,unknown
20211121_042315_192.wav,Raw_Recordings_Day2_pt4,184.555842,184.875817,0.319975,W,unknown,unknown
20211121_042315_192.wav,Raw_Recordings_Day2_pt4,287.570481,287.737044,0.166563,W,unknown,unknown
20211121_042815_192.wav,Raw_Recordings_Day2_pt4,60.596431,60.75374,0.157309,W,unknown,unknown
20211121_042815_192.wav,Raw_Recordings_Day2_pt4,60.841649,61.174774,0.333125,W,unknown,unknown
20211121_042815_192.wav,Raw_Recordings_Day2_pt4,61.359844,61.581927,0.222083,W,unknown,unknown
20211121_042815_192.wav,Raw_Recordings_Day2_pt4,63.40949,63.59456,0.18507,W,unknown,unknown
20211121_042815_192.wav,Raw_Recordings_Day2_pt4,278.677884,280.68589,2.008006,W,unknown,unknown
20211121_042815_192.wav,Raw_Recordings_Day2_pt4,280.931107,281.199458,0.268351,W,unknown,unknown
20211121_042815_192.wav,Raw_Recordings_Day2_pt4,284.100425,284.849957,0.749532,W,unknown,unknown
20211121_043316_192.wav,Raw_Recordings_Day2_pt4,290.477292,292.113697,1.636405,NOISE,unknown,unknown
20211121_044317_192.wav,Raw_Recordings_Day2_pt4,54.333772,55.305387,0.971615,W,unknown,unknown
20211121_044817_192.wav,Raw_Recordings_Day2_pt4,59.27294,59.465802,0.192862,W,unknown,unknown
20211121_044817_192.wav,Raw_Recordings_Day2_pt4,60.055103,60.365825,0.310722,W,unknown,unknown
20211121_044817_192.wav,Raw_Recordings_Day2_pt4,93.034515,93.205948,0.171433,W,unknown,unknown
20211121_044817_192.wav,Raw_Recordings_Day2_pt4,93.87025,94.132757,0.262507,W,unknown,unknown
20211121_044817_192.wav,Raw_Recordings_Day2_pt4,94.759559,95.054209,0.29465,W,unknown,unknown
20211121_044817_192.wav,Raw_Recordings_Day2_pt4,96.066735,96.227453,0.160718,W,unknown,unknown
20211121_044817_192.wav,Raw_Recordings_Day2_pt4,227.695091,229.500494,1.805403,W,unknown,unknown
20211121_045318_192.wav,Raw_Recordings_Day2_pt4,23.21577,23.43274,0.21697,W,unknown,unknown
20211121_045819_192.wav,Raw_Recordings_Day2_pt4,1.648094,4.377384,2.72929,NOISE,unknown,unknown
20211121_045819_192.wav,Raw_Recordings_Day2_pt4,278.136312,278.329174,0.192862,W,unknown,unknown
20211121_045819_192.wav,Raw_Recordings_Day2_pt4,281.005866,281.163662,0.157796,W,unknown,unknown
20211121_045819_192.wav,Raw_Recordings_Day2_pt4,294.927,295.365323,0.438323,W,unknown,unknown
20211121_050319_192.wav,Raw_Recordings_Day2_pt5,65.275041,65.859471,0.58443,W,unknown,unknown
20211121_050319_192.wav,Raw_Recordings_Day2_pt5,66.315327,67.028332,0.713005,W,unknown,unknown
20211121_050319_192.wav,Raw_Recordings_Day2_pt5,68.635516,69.506318,0.870802,W,unknown,unknown
20211121_050319_192.wav,Raw_Recordings_Day2_pt5,69.874509,70.681023,0.806514,W,unknown,unknown
20211121_050319_192.wav,Raw_Recordings_Day2_pt5,107.213772,107.996909,0.783137,W,unknown,unknown
20211121_050319_192.wav,Raw_Recordings_Day2_pt5,109.58656,110.498272,0.911712,W,unknown,unknown
20211121_050319_192.wav,Raw_Recordings_Day2_pt5,114.051609,115.021764,0.970155,W,unknown,unknown
20211121_050319_192.wav,Raw_Recordings_Day2_pt5,115.98023,116.86272,0.88249,W,unknown,unknown
20211121_050319_192.wav,Raw_Recordings_Day2_pt5,117.312731,117.978982,0.666251,W,unknown,unknown
20211121_050319_192.wav,Raw_Recordings_Day2_pt5,119.691363,120.398524,0.707161,W,unknown,unknown
20211121_050319_192.wav,Raw_Recordings_Day2_pt5,121.281014,122.058307,0.777293,W,unknown,unknown
20211121_050319_192.wav,Raw_Recordings_Day2_pt5,122.420654,123.320677,0.900023,W,unknown,unknown
20211121_050319_192.wav,Raw_Recordings_Day2_pt5,123.758999,124.711621,0.952622,W,unknown,unknown
20211121_050319_192.wav,Raw_Recordings_Day2_pt5,125.109034,125.979835,0.870801,W,unknown,unknown
20211121_050319_192.wav,Raw_Recordings_Day2_pt5,126.289583,127.166229,0.876646,W,unknown,unknown
20211121_050319_192.wav,Raw_Recordings_Day2_pt5,128.656527,129.427975,0.771448,W,unknown,unknown
20211121_050319_192.wav,Raw_Recordings_Day2_pt5,129.97734,130.894896,0.917556,W,unknown,unknown
20211121_050319_192.wav,Raw_Recordings_Day2_pt5,133.390414,134.150173,0.759759,W,unknown,unknown
20211121_050319_192.wav,Raw_Recordings_Day2_pt5,137.937283,138.749641,0.812358,W,unknown,unknown
20211121_050319_192.wav,Raw_Recordings_Day2_pt5,139.047701,140.076299,1.028598,W,unknown,unknown
20211121_050319_192.wav,Raw_Recordings_Day2_pt5,140.350981,141.169184,0.818203,W,unknown,unknown
20211121_050319_192.wav,Raw_Recordings_Day2_pt5,151.215544,152.039591,0.824047,W,unknown,unknown
20211121_050319_192.wav,Raw_Recordings_Day2_pt5,161.869711,162.816489,0.946778,W,unknown,unknown
20211121_050319_192.wav,Raw_Recordings_Day2_pt5,163.10286,163.967817,0.864957,W,unknown,unknown
20211121_050319_192.wav,Raw_Recordings_Day2_pt5,198.180377,198.99858,0.818203,W,unknown,unknown
20211121_050319_192.wav,Raw_Recordings_Day2_pt5,199.553789,200.313549,0.75976,W,unknown,unknown
20211121_050319_192.wav,Raw_Recordings_Day2_pt5,202.277235,202.902576,0.625341,W,unknown,unknown
20211121_050319_192.wav,Raw_Recordings_Day2_pt5,204.913016,205.748752,0.835736,W,unknown,unknown
20211121_050319_192.wav,Raw_Recordings_Day2_pt5,210.874207,211.388506,0.514299,W,unknown,unknown
20211121_050319_192.wav,Raw_Recordings_Day2_pt5,215.771735,216.385387,0.613652,W,unknown,unknown
20211121_050319_192.wav,Raw_Recordings_Day2_pt5,217.694511,218.267253,0.572742,W,unknown,unknown
20211121_050319_192.wav,Raw_Recordings_Day2_pt5,219.21403,219.535467,0.321437,W,unknown,unknown
20211121_050319_192.wav,Raw_Recordings_Day2_pt5,220.067299,220.388736,0.321437,W,unknown,unknown
20211121_050319_192.wav,Raw_Recordings_Day2_pt5,227.442812,228.360368,0.917556,W,unknown,unknown
20211121_050319_192.wav,Raw_Recordings_Day2_pt5,228.950642,229.926641,0.975999,W,unknown,unknown
20211121_050319_192.wav,Raw_Recordings_Day2_pt5,230.493539,231.037059,0.54352,W,unknown,unknown
20211121_050319_192.wav,Raw_Recordings_Day2_pt5,232.527357,233.456601,0.929244,W,unknown,unknown
20211121_050319_192.wav,Raw_Recordings_Day2_pt5,233.994277,234.742348,0.748071,W,unknown,unknown
20211121_050319_192.wav,Raw_Recordings_Day2_pt5,235.373533,236.086539,0.713006,W,unknown,unknown
20211121_050319_192.wav,Raw_Recordings_Day2_pt5,253.771405,254.52532,0.753915,W,unknown,unknown
20211121_050319_192.wav,Raw_Recordings_Day2_pt5,258.616334,259.19492,0.578586,W,unknown,unknown
20211121_050319_192.wav,Raw_Recordings_Day2_pt5,289.240491,290.163891,0.9234,W,unknown,unknown
20211121_050319_192.wav,Raw_Recordings_Day2_pt5,290.502861,291.443794,0.940933,W,unknown,unknown
20211121_050319_192.wav,Raw_Recordings_Day2_pt5,291.718476,292.589278,0.870802,W,unknown,unknown
20211121_050319_192.wav,Raw_Recordings_Day2_pt5,297.381608,298.100457,0.718849,W,unknown,unknown
20211121_050319_192.wav,Raw_Recordings_Day2_pt5,299.00048,299.918036,0.917556,W,unknown,unknown
20211121_050820_192.wav,Raw_Recordings_Day2_pt5,0.063313,0.935089,0.871776,W,unknown,unknown
20211121_050820_192.wav,Raw_Recordings_Day2_pt5,1.305228,2.279279,0.974051,W,unknown,unknown
20211121_050820_192.wav,Raw_Recordings_Day2_pt5,2.332852,3.311773,0.978921,W,unknown,unknown
20211121_050820_192.wav,Raw_Recordings_Day2_pt5,3.871852,4.782589,0.910737,W,unknown,unknown
20211121_050820_192.wav,Raw_Recordings_Day2_pt5,5.230653,5.970931,0.740278,W,unknown,unknown
20211121_050820_192.wav,Raw_Recordings_Day2_pt5,7.368694,8.357356,0.988662,W,unknown,unknown
20211121_050820_192.wav,Raw_Recordings_Day2_pt5,8.873603,10.037594,1.163991,W,unknown,unknown
20211121_050820_192.wav,Raw_Recordings_Day2_pt5,11.12366,12.029527,0.905867,W,unknown,unknown
20211121_050820_192.wav,Raw_Recordings_Day2_pt5,12.409407,14.216272,1.806865,W,unknown,unknown
20211121_050820_192.wav,Raw_Recordings_Day2_pt5,17.815389,18.97938,1.163991,W,unknown,unknown
20211121_050820_192.wav,Raw_Recordings_Day2_pt5,24.127239,25.164603,1.037364,W,unknown,unknown
20211121_050820_192.wav,Raw_Recordings_Day2_pt5,25.617536,26.596457,0.978921,W,unknown,unknown
20211121_050820_192.wav,Raw_Recordings_Day2_pt5,37.242833,37.96363,0.720797,W,unknown,unknown
20211121_050820_192.wav,Raw_Recordings_Day2_pt5,48.468768,49.442819,0.974051,W,unknown,unknown
20211121_050820_192.wav,Raw_Recordings_Day2_pt5,49.959066,50.62142,0.662354,W,unknown,unknown
20211121_050820_192.wav,Raw_Recordings_Day2_pt5,53.986766,55.072833,1.086067,W,unknown,unknown
20211121_050820_192.wav,Raw_Recordings_Day2_pt5,55.725447,56.538779,0.813332,W,unknown,unknown
20211121_050820_192.wav,Raw_Recordings_Day2_pt5,63.883122,64.535736,0.652614,W,unknown,unknown
20211121_050820_192.wav,Raw_Recordings_Day2_pt5,89.15,89.861057,0.711057,W,unknown,unknown
20211121_050820_192.wav,Raw_Recordings_Day2_pt5,91.979618,92.856263,0.876645,W,unknown,unknown
20211121_050820_192.wav,Raw_Recordings_Day2_pt5,95.28165,96.158296,0.876646,W,unknown,unknown
20211121_050820_192.wav,Raw_Recordings_Day2_pt5,96.82065,97.707037,0.886387,W,unknown,unknown
20211121_050820_192.wav,Raw_Recordings_Day2_pt5,98.359651,98.978173,0.618522,W,unknown,unknown
20211121_050820_192.wav,Raw_Recordings_Day2_pt5,107.759241,108.392374,0.633133,W,unknown,unknown
20211121_050820_192.wav,Raw_Recordings_Day2_pt5,111.757719,112.502868,0.745149,W,unknown,unknown
20211121_050820_192.wav,Raw_Recordings_Day2_pt5,115.176638,115.955878,0.77924,W,unknown,unknown
20211121_050820_192.wav,Raw_Recordings_Day2_pt5,116.676676,117.51436,0.837684,W,unknown,unknown
20211121_050820_192.wav,Raw_Recordings_Day2_pt5,118.001385,118.780626,0.779241,W,unknown,unknown
20211121_050820_192.wav,Raw_Recordings_Day2_pt5,119.550126,120.373199,0.823073,W,unknown,unknown
20211121_050820_192.wav,Raw_Recordings_Day2_pt5,121.16218,121.809924,0.647744,W,unknown,unknown
20211121_050820_192.wav,Raw_Recordings_Day2_pt5,128.866922,129.641292,0.77437,W,unknown,unknown
20211121_050820_192.wav,Raw_Recordings_Day2_pt5,135.909309,136.513221,0.603912,W,unknown,unknown
20211121_050820_192.wav,Raw_Recordings_Day2_pt5,137.005116,137.764876,0.75976,W,unknown,unknown
20211121_050820_192.wav,Raw_Recordings_Day2_pt5,141.909462,142.752016,0.842554,W,unknown,unknown
20211121_050820_192.wav,Raw_Recordings_Day2_pt5,145.226105,145.864108,0.638003,W,unknown,unknown
20211121_050820_192.wav,Raw_Recordings_Day2_pt5,149.307378,150.086619,0.779241,W,unknown,unknown
20211121_050820_192.wav,Raw_Recordings_Day2_pt5,153.593202,154.250686,0.657484,W,unknown,unknown
20211121_050820_192.wav,Raw_Recordings_Day2_pt5,162.505766,163.323969,0.818203,W,unknown,unknown
20211121_050820_192.wav,Raw_Recordings_Day2_pt5,171.462164,172.012502,0.550338,W,unknown,unknown
20211121_050820_192.wav,Raw_Recordings_Day2_pt5,172.53849,173.161882,0.623392,W,unknown,unknown
20211121_050820_192.wav,Raw_Recordings_Day2_pt5,184.256321,184.913805,0.657484,W,unknown,unknown
20211121_051320_192.wav,Raw_Recordings_Day2_pt5,111.762663,112.581416,0.818753,W,unknown,unknown
20211121_051320_192.wav,Raw_Recordings_Day2_pt5,115.980654,116.68083,0.700176,W,unknown,unknown
20211121_051320_192.wav,Raw_Recordings_Day2_pt5,134.478835,134.958794,0.479959,W,unknown,unknown
20211121_051320_192.wav,Raw_Recordings_Day2_pt5,140.464204,141.045802,0.581598,W,unknown,unknown
20211121_051320_192.wav,Raw_Recordings_Day2_pt5,192.152954,192.361877,0.208923,W,unknown,unknown
20211121_051320_192.wav,Raw_Recordings_Day2_pt5,218.50552,219.273454,0.767934,W,unknown,unknown
20211121_051320_192.wav,Raw_Recordings_Day2_pt5,219.928457,220.617339,0.688882,W,unknown,unknown
20211121_051320_192.wav,Raw_Recordings_Day2_pt5,221.616783,222.192734,0.575951,W,unknown,unknown
20211121_051320_192.wav,Raw_Recordings_Day2_pt5,224.931323,225.671024,0.739701,W,unknown,unknown
20211121_051320_192.wav,Raw_Recordings_Day2_pt5,227.156073,227.675558,0.519485,W,unknown,unknown
20211121_051320_192.wav,Raw_Recordings_Day2_pt5,230.018887,230.527079,0.508192,W,unknown,unknown
20211121_051320_192.wav,Raw_Recordings_Day2_pt5,250.182807,250.798283,0.615476,W,unknown,unknown
20211121_051320_192.wav,Raw_Recordings_Day2_pt5,269.561853,270.233795,0.671942,W,unknown,unknown
20211121_051821_192.wav,Raw_Recordings_Day2_pt5,74.830479,75.135844,0.305365,W,unknown,unknown
20211121_051821_192.wav,Raw_Recordings_Day2_pt5,104.729456,105.158038,0.428582,W,unknown,unknown
20211121_051821_192.wav,Raw_Recordings_Day2_pt5,105.704481,106.004488,0.300007,W,unknown,unknown
20211121_051821_192.wav,Raw_Recordings_Day2_pt5,109.304572,109.974232,0.66966,W,unknown,unknown
20211121_051821_192.wav,Raw_Recordings_Day2_pt5,149.38238,149.752032,0.369652,W,unknown,unknown
20211121_052321_192.wav,Raw_Recordings_Day2_pt5,36.656941,36.884869,0.227928,W,unknown,unknown
20211121_052321_192.wav,Raw_Recordings_Day2_pt5,38.690759,38.944986,0.254227,W,unknown,unknown
20211121_052321_192.wav,Raw_Recordings_Day2_pt5,105.618277,105.749774,0.131497,W,unknown,unknown
20211121_052321_192.wav,Raw_Recordings_Day2_pt5,123.120509,124.277681,1.157172,W,unknown,unknown
20211121_052321_192.wav,Raw_Recordings_Day2_pt5,134.052281,134.635251,0.58297,W,unknown,unknown
20211121_052321_192.wav,Raw_Recordings_Day2_pt5,268.446454,269.152154,0.7057,W,unknown,unknown
20211121_052321_192.wav,Raw_Recordings_Day2_pt5,269.844704,270.559171,0.714467,W,unknown,unknown
20211121_052321_192.wav,Raw_Recordings_Day2_pt5,271.650595,272.365061,0.714466,W,unknown,unknown
20211121_052321_192.wav,Raw_Recordings_Day2_pt5,272.623671,273.329371,0.7057,W,unknown,unknown
20211121_052321_192.wav,Raw_Recordings_Day2_pt5,275.871644,276.853487,0.981843,W,unknown,unknown
20211121_052321_192.wav,Raw_Recordings_Day2_pt5,277.949294,279.049485,1.100191,W,unknown,unknown
20211121_052321_192.wav,Raw_Recordings_Day2_pt5,279.562322,280.399519,0.837197,W,unknown,unknown
20211121_052321_192.wav,Raw_Recordings_Day2_pt5,281.197267,281.824068,0.626801,W,unknown,unknown
20211121_052321_192.wav,Raw_Recordings_Day2_pt5,282.117745,282.915492,0.797747,W,unknown,unknown
20211121_052321_192.wav,Raw_Recordings_Day2_pt5,283.581743,284.480305,0.898562,W,unknown,unknown
20211121_052321_192.wav,Raw_Recordings_Day2_pt5,284.668784,285.3701,0.701316,W,unknown,unknown
20211121_052321_192.wav,Raw_Recordings_Day2_pt5,285.900471,286.220447,0.319976,W,unknown,unknown
20211121_052321_192.wav,Raw_Recordings_Day2_pt5,286.426458,286.869164,0.442706,W,unknown,unknown
20211121_052321_192.wav,Raw_Recordings_Day2_pt5,287.417068,287.921139,0.504071,W,unknown,unknown
20211121_052321_192.wav,Raw_Recordings_Day2_pt5,296.350088,297.029488,0.6794,W,unknown,unknown
20211121_052321_192.wav,Raw_Recordings_Day2_pt5,297.800937,299.124672,1.323735,W,unknown,unknown
20211121_052321_192.wav,Raw_Recordings_Day2_pt5,299.335067,299.913653,0.578586,W,unknown,unknown
20211121_052822_192.wav,Raw_Recordings_Day2_pt5,2.593167,3.741329,1.148162,W,unknown,unknown
20211121_052822_192.wav,Raw_Recordings_Day2_pt5,65.758901,66.061343,0.302442,W,unknown,unknown
20211121_052822_192.wav,Raw_Recordings_Day2_pt5,72.731887,73.163148,0.431261,W,unknown,unknown
20211121_052822_192.wav,Raw_Recordings_Day2_pt5,89.523062,89.747093,0.224031,W,unknown,unknown
20211121_052822_192.wav,Raw_Recordings_Day2_pt5,93.101968,93.365205,0.263237,W,unknown,unknown
20211121_052822_192.wav,Raw_Recordings_Day2_pt5,156.637354,157.499876,0.862522,W,unknown,unknown
20211121_052822_192.wav,Raw_Recordings_Day2_pt5,159.560967,161.033976,1.473009,W,unknown,unknown
20211121_052822_192.wav,Raw_Recordings_Day2_pt5,161.577253,162.064521,0.487268,W,unknown,unknown
20211121_052822_192.wav,Raw_Recordings_Day2_pt5,164.932127,166.477946,1.545819,W,unknown,unknown
20211121_052822_192.wav,Raw_Recordings_Day2_pt5,166.584361,167.14444,0.560079,W,unknown,unknown
20211121_052822_192.wav,Raw_Recordings_Day2_pt5,167.99576,168.667855,0.672095,W,unknown,unknown
20211121_052822_192.wav,Raw_Recordings_Day2_pt5,184.154046,184.949358,0.795312,W,unknown,unknown
20211121_052822_192.wav,Raw_Recordings_Day2_pt5,190.718174,191.11023,0.392056,W,unknown,unknown
20211121_052822_192.wav,Raw_Recordings_Day2_pt5,191.771123,192.269593,0.49847,W,unknown,unknown
20211121_052822_192.wav,Raw_Recordings_Day2_pt5,193.361748,194.353088,0.99134,W,unknown,unknown
20211121_052822_192.wav,Raw_Recordings_Day2_pt5,203.784822,204.966589,1.181767,W,unknown,unknown
20211121_052822_192.wav,Raw_Recordings_Day2_pt5,205.196222,205.61068,0.414458,W,unknown,unknown
20211121_052822_192.wav,Raw_Recordings_Day2_pt5,208.735922,209.447223,0.711301,W,unknown,unknown
20211121_052822_192.wav,Raw_Recordings_Day2_pt5,228.708347,228.960383,0.252036,W,unknown,unknown
20211121_052822_192.wav,Raw_Recordings_Day2_pt5,246.804507,247.146155,0.341648,W,unknown,unknown
20211121_052822_192.wav,Raw_Recordings_Day2_pt5,248.495946,248.66957,0.173624,W,unknown,unknown
20211121_052822_192.wav,Raw_Recordings_Day2_pt5,249.51529,250.002559,0.487269,W,unknown,unknown
20211121_052822_192.wav,Raw_Recordings_Day2_pt5,273.497882,273.671507,0.173625,W,unknown,unknown
20211121_053323_192.wav,Raw_Recordings_Day2_pt5,16.803838,17.376579,0.572741,W,unknown,unknown
20211121_053323_192.wav,Raw_Recordings_Day2_pt5,50.452423,50.677428,0.225005,W,unknown,unknown
20211121_053323_192.wav,Raw_Recordings_Day2_pt5,51.163236,51.623475,0.460239,W,unknown,unknown
20211121_053323_192.wav,Raw_Recordings_Day2_pt5,134.098305,134.502293,0.403988,W,unknown,unknown
20211121_053323_192.wav,Raw_Recordings_Day2_pt5,139.074,139.370599,0.296599,W,unknown,unknown
20211121_053323_192.wav,Raw_Recordings_Day2_pt5,192.037282,192.83503,0.797748,W,unknown,unknown
20211121_053323_192.wav,Raw_Recordings_Day2_pt5,216.194716,216.695866,0.50115,W,unknown,unknown
20211121_053323_192.wav,Raw_Recordings_Day2_pt5,217.304404,218.0459,0.741496,W,unknown,unknown
20211121_053323_192.wav,Raw_Recordings_Day2_pt5,218.43966,219.303887,0.864227,W,unknown,unknown
20211121_053323_192.wav,Raw_Recordings_Day2_pt5,227.317159,227.475686,0.158527,W,unknown,unknown
20211121_053323_192.wav,Raw_Recordings_Day2_pt5,228.053542,228.201841,0.148299,W,unknown,unknown
20211121_053323_192.wav,Raw_Recordings_Day2_pt5,228.682535,228.86663,0.184095,W,unknown,unknown
20211121_053323_192.wav,Raw_Recordings_Day2_pt5,277.437187,277.779809,0.342622,W,unknown,unknown
20211121_053323_192.wav,Raw_Recordings_Day2_pt5,281.712296,282.2339,0.521604,W,unknown,unknown
20211121_053323_192.wav,Raw_Recordings_Day2_pt5,282.571409,283.394725,0.823316,W,unknown,unknown
20211121_053823_192.wav,Raw_Recordings_Day2_pt5,2.69325,2.985466,0.292216,W,unknown,unknown
20211121_053823_192.wav,Raw_Recordings_Day2_pt5,6.185223,6.5164,0.331177,W,unknown,unknown
20211121_053823_192.wav,Raw_Recordings_Day2_pt5,42.609853,42.926419,0.316566,W,unknown,unknown
20211121_053823_192.wav,Raw_Recordings_Day2_pt5,53.538703,53.816307,0.277604,W,unknown,unknown
20211121_053823_192.wav,Raw_Recordings_Day2_pt5,152.297714,152.823701,0.525987,W,unknown,unknown
20211121_053823_192.wav,Raw_Recordings_Day2_pt5,155.180904,155.560784,0.37988,W,unknown,unknown
20211121_053823_192.wav,Raw_Recordings_Day2_pt5,156.208528,156.900104,0.691576,W,unknown,unknown
20211121_054324_192.wav,Raw_Recordings_Day2_pt5,102.484999,103.446387,0.961388,W,unknown,unknown
20211121_054324_192.wav,Raw_Recordings_Day2_pt5,214.70661,215.437879,0.731269,W,unknown,unknown
20211121_054324_192.wav,Raw_Recordings_Day2_pt5,217.519182,218.102151,0.582969,W,unknown,unknown
20211121_054324_192.wav,Raw_Recordings_Day2_pt5,289.546587,289.832958,0.286371,W,unknown,unknown
20211121_054824_192.wav,Raw_Recordings_Day2_pt5,19.708457,19.94369,0.235233,W,unknown,unknown
20211121_054824_192.wav,Raw_Recordings_Day2_pt5,35.387266,36.594115,1.206849,W,unknown,unknown
20211121_054824_192.wav,Raw_Recordings_Day2_pt5,61.953284,62.285679,0.332395,W,unknown,unknown
20211121_054824_192.wav,Raw_Recordings_Day2_pt5,96.75758,97.795675,1.038095,W,unknown,unknown
20211121_054824_192.wav,Raw_Recordings_Day2_pt5,102.858304,103.16513,0.306826,W,unknown,unknown
20211121_054824_192.wav,Raw_Recordings_Day2_pt5,103.732758,105.164613,1.431855,W,unknown,unknown
20211121_054824_192.wav,Raw_Recordings_Day2_pt5,195.422596,195.693626,0.27103,W,unknown,unknown
20211121_054824_192.wav,Raw_Recordings_Day2_pt5,201.318769,201.548889,0.23012,W,unknown,unknown
20211121_054824_192.wav,Raw_Recordings_Day2_pt5,202.402888,202.684145,0.281257,W,unknown,unknown
20211121_054824_192.wav,Raw_Recordings_Day2_pt5,204.36146,204.627376,0.265916,W,unknown,unknown
20211121_054824_192.wav,Raw_Recordings_Day2_pt5,215.407196,215.719136,0.31194,W,unknown,unknown
20211121_054824_192.wav,Raw_Recordings_Day2_pt5,237.427076,238.143003,0.715927,W,unknown,unknown
20211121_054824_192.wav,Raw_Recordings_Day2_pt5,238.311758,239.109505,0.797747,W,unknown,unknown
20211121_054824_192.wav,Raw_Recordings_Day2_pt5,240.602725,240.781707,0.178982,W,unknown,unknown
20211121_054824_192.wav,Raw_Recordings_Day2_pt5,240.945347,241.211263,0.265916,W,unknown,unknown
20211121_054824_192.wav,Raw_Recordings_Day2_pt5,241.380018,241.645934,0.265916,W,unknown,unknown
20211121_054824_192.wav,Raw_Recordings_Day2_pt5,241.727754,241.998783,0.271029,W,unknown,unknown
20211121_054824_192.wav,Raw_Recordings_Day2_pt5,242.234017,242.520388,0.286371,W,unknown,unknown
20211121_054824_192.wav,Raw_Recordings_Day2_pt5,242.893693,244.744876,1.851183,W,unknown,unknown
20211121_054824_192.wav,Raw_Recordings_Day2_pt5,245.18466,245.430121,0.245461,W,unknown,unknown
20211121_054824_192.wav,Raw_Recordings_Day2_pt5,256.915641,257.314515,0.398874,W,unknown,unknown
20211121_054824_192.wav,Raw_Recordings_Day2_pt5,294.210342,294.450689,0.240347,W,unknown,unknown
20211121_054824_192.wav,Raw_Recordings_Day2_pt5,294.711491,295.345598,0.634107,W,unknown,unknown
20211121_055325_192.wav,Raw_Recordings_Day2_pt5,5.026102,5.277407,0.251305,W,unknown,unknown
20211121_055825_192.wav,Raw_Recordings_Day2_pt5,215.328055,215.490478,0.162423,W,unknown,unknown
20211121_055825_192.wav,Raw_Recordings_Day2_pt5,215.725711,215.848928,0.123217,W,unknown,unknown
20211121_055825_192.wav,Raw_Recordings_Day2_pt5,216.156972,216.28579,0.128818,W,unknown,unknown
20211121_055825_192.wav,Raw_Recordings_Day2_pt5,216.453814,216.717051,0.263237,W,unknown,unknown
20211121_055825_192.wav,Raw_Recordings_Day2_pt5,220.850436,220.945649,0.095213,W,unknown,unknown
20211121_055825_192.wav,Raw_Recordings_Day2_pt5,221.214487,221.466523,0.252036,W,unknown,unknown
20211121_055825_192.wav,Raw_Recordings_Day2_pt5,222.547476,222.693096,0.14562,W,unknown,unknown
20211121_055825_192.wav,Raw_Recordings_Day2_pt5,223.029144,223.292381,0.263237,W,unknown,unknown
20211121_055825_192.wav,Raw_Recordings_Day2_pt5,223.572421,223.796452,0.224031,W,unknown,unknown
20211121_055825_192.wav,Raw_Recordings_Day2_pt5,224.233314,224.423741,0.190427,W,unknown,unknown
20211121_055825_192.wav,Raw_Recordings_Day2_pt5,224.608567,224.871805,0.263238,W,unknown,unknown
20211121_055825_192.wav,Raw_Recordings_Day2_pt5,225.129441,225.347872,0.218431,W,unknown,unknown
20211121_055825_192.wav,Raw_Recordings_Day2_pt5,225.532698,225.846342,0.313644,W,unknown,unknown
20211121_055825_192.wav,Raw_Recordings_Day2_pt5,226.938497,227.274544,0.336047,W,unknown,unknown
20211121_055825_192.wav,Raw_Recordings_Day2_pt5,227.481774,227.73941,0.257636,W,unknown,unknown
20211121_060326_192.wav,Raw_Recordings_Day2_pt5,48.863259,49.08242,0.219161,W,unknown,unknown
20211121_060326_192.wav,Raw_Recordings_Day2_pt5,63.279211,64.087673,0.808462,W,unknown,unknown
20211121_060326_192.wav,Raw_Recordings_Day2_pt5,84.659626,85.31224,0.652614,W,unknown,unknown
20211121_060326_192.wav,Raw_Recordings_Day2_pt5,85.546012,86.339864,0.793852,W,unknown,unknown
20211121_060326_192.wav,Raw_Recordings_Day2_pt5,86.588247,86.763576,0.175329,W,unknown,unknown
20211121_060326_192.wav,Raw_Recordings_Day2_pt5,88.682456,88.887006,0.20455,W,unknown,unknown
20211121_060326_192.wav,Raw_Recordings_Day2_pt5,92.364368,92.481254,0.116886,W,unknown,unknown
20211121_060326_192.wav,Raw_Recordings_Day2_pt5,95.573865,95.768675,0.19481,W,unknown,unknown
20211121_060326_192.wav,Raw_Recordings_Day2_pt5,96.026799,96.270312,0.243513,W,unknown,unknown
20211121_060326_192.wav,Raw_Recordings_Day2_pt5,96.567397,96.835261,0.267864,W,unknown,unknown
20211121_060326_192.wav,Raw_Recordings_Day2_pt5,98.067435,98.427834,0.360399,W,unknown,unknown
20211121_060326_192.wav,Raw_Recordings_Day2_pt5,100.366195,100.668151,0.301956,W,unknown,unknown
20211121_060326_192.wav,Raw_Recordings_Day2_pt5,102.694177,102.923079,0.228902,W,unknown,unknown
20211121_060326_192.wav,Raw_Recordings_Day2_pt5,104.793256,105.012418,0.219162,W,unknown,unknown
20211121_060326_192.wav,Raw_Recordings_Day2_pt5,106.892336,107.837165,0.944829,W,unknown,unknown
20211121_060326_192.wav,Raw_Recordings_Day2_pt5,107.978402,108.932972,0.95457,W,unknown,unknown
20211121_060326_192.wav,Raw_Recordings_Day2_pt5,116.530568,116.827654,0.297086,W,unknown,unknown
20211121_060326_192.wav,Raw_Recordings_Day2_pt5,117.183182,117.480268,0.297086,W,unknown,unknown
20211121_060326_192.wav,Raw_Recordings_Day2_pt5,117.592284,117.90885,0.316566,W,unknown,unknown
20211121_060326_192.wav,Raw_Recordings_Day2_pt5,118.084179,118.576075,0.491896,W,unknown,unknown
20211121_060326_192.wav,Raw_Recordings_Day2_pt5,118.785496,119.126414,0.340918,W,unknown,unknown
20211121_060326_192.wav,Raw_Recordings_Day2_pt5,119.418629,120.124816,0.706187,W,unknown,unknown
20211121_060326_192.wav,Raw_Recordings_Day2_pt5,123.553475,124.171997,0.618522,W,unknown,unknown
20211121_060326_192.wav,Raw_Recordings_Day2_pt5,124.288883,124.449601,0.160718,W,unknown,unknown
20211121_060326_192.wav,Raw_Recordings_Day2_pt5,129.39778,129.7874,0.38962,W,unknown,unknown
20211121_060326_192.wav,Raw_Recordings_Day2_pt5,130.021172,130.332868,0.311696,W,unknown,unknown
20211121_060326_192.wav,Raw_Recordings_Day2_pt5,135.061885,135.383322,0.321437,W,unknown,unknown
20211121_060326_192.wav,Raw_Recordings_Day2_pt5,136.206395,136.644718,0.438323,W,unknown,unknown
20211121_060326_192.wav,Raw_Recordings_Day2_pt5,136.766474,137.331423,0.564949,W,unknown,unknown
20211121_060326_192.wav,Raw_Recordings_Day2_pt5,138.237291,138.685354,0.448063,W,unknown,unknown
20211121_060326_192.wav,Raw_Recordings_Day2_pt5,139.021402,139.479205,0.457803,W,unknown,unknown
20211121_060326_192.wav,Raw_Recordings_Day2_pt5,140.302278,140.808785,0.506507,W,unknown,unknown
20211121_060326_192.wav,Raw_Recordings_Day2_pt5,141.261718,141.597766,0.336048,W,unknown,unknown
20211121_060326_192.wav,Raw_Recordings_Day2_pt5,195.589402,196.962814,1.373412,W,unknown,unknown
20211121_060326_192.wav,Raw_Recordings_Day2_pt5,208.295895,209.659566,1.363671,W,unknown,unknown
20211121_060827_192.wav,Raw_Recordings_Day2_pt5,113.258245,113.435035,0.17679,W,unknown,unknown
20211121_060827_192.wav,Raw_Recordings_Day2_pt5,128.162196,128.296128,0.133932,W,unknown,unknown
20211121_060827_192.wav,Raw_Recordings_Day2_pt5,132.485521,132.946247,0.460726,W,unknown,unknown
20211121_060827_192.wav,Raw_Recordings_Day2_pt5,134.290924,134.419498,0.128574,W,unknown,unknown
20211121_060827_192.wav,Raw_Recordings_Day2_pt5,136.782059,136.990993,0.208934,W,unknown,unknown
20211121_060827_192.wav,Raw_Recordings_Day2_pt5,137.66601,137.837443,0.171433,W,unknown,unknown
20211121_060827_192.wav,Raw_Recordings_Day2_pt5,138.448173,138.619606,0.171433,W,unknown,unknown
20211121_060827_192.wav,Raw_Recordings_Day2_pt5,139.401768,139.567844,0.166076,W,unknown,unknown
20211121_060827_192.wav,Raw_Recordings_Day2_pt5,140.226789,140.408937,0.182148,W,unknown,unknown
20211121_060827_192.wav,Raw_Recordings_Day2_pt5,143.312582,143.478658,0.166076,W,unknown,unknown
20211121_060827_192.wav,Raw_Recordings_Day2_pt5,144.919766,145.144772,0.225006,W,unknown,unknown
20211121_060827_192.wav,Raw_Recordings_Day2_pt5,165.025636,165.207783,0.182147,W,unknown,unknown
20211121_060827_192.wav,Raw_Recordings_Day2_pt5,165.448861,165.700653,0.251792,W,unknown,unknown
20211121_060827_192.wav,Raw_Recordings_Day2_pt5,169.263244,170.993645,1.730401,W,unknown,unknown
20211121_060827_192.wav,Raw_Recordings_Day2_pt5,171.277581,172.413324,1.135743,W,unknown,unknown
20211121_060827_192.wav,Raw_Recordings_Day2_pt5,173.516924,174.711597,1.194673,W,unknown,unknown
20211121_060827_192.wav,Raw_Recordings_Day2_pt5,174.872316,175.55269,0.680374,W,unknown,unknown
20211121_060827_192.wav,Raw_Recordings_Day2_pt5,176.409855,177.100944,0.691089,W,unknown,unknown
20211121_060827_192.wav,Raw_Recordings_Day2_pt5,184.456488,186.24582,1.789332,W,unknown,unknown
20211121_060827_192.wav,Raw_Recordings_Day2_pt5,188.613737,190.322709,1.708972,W,unknown,unknown
20211121_060827_192.wav,Raw_Recordings_Day2_pt5,239.534678,240.032905,0.498227,W,unknown,unknown
20211121_061327_192.wav,Raw_Recordings_Day2_pt5,18.02968,18.216698,0.187018,W,unknown,unknown
20211121_061327_192.wav,Raw_Recordings_Day2_pt5,18.532291,18.795284,0.262993,W,unknown,unknown
20211121_061327_192.wav,Raw_Recordings_Day2_pt5,54.509831,54.64425,0.134419,W,unknown,unknown
20211121_061327_192.wav,Raw_Recordings_Day2_pt5,67.478344,67.659517,0.181173,W,unknown,unknown
20211121_061327_192.wav,Raw_Recordings_Day2_pt5,67.881601,68.109529,0.227928,W,unknown,unknown
20211121_061327_192.wav,Raw_Recordings_Day2_pt5,106.325438,106.500767,0.175329,W,unknown,unknown
20211121_061327_192.wav,Raw_Recordings_Day2_pt5,106.728695,106.89818,0.169485,W,unknown,unknown
20211121_061327_192.wav,Raw_Recordings_Day2_pt5,107.985221,108.137173,0.151952,W,unknown,unknown
20211121_061327_192.wav,Raw_Recordings_Day2_pt5,115.547751,115.68217,0.134419,W,unknown,unknown
20211121_061327_192.wav,Raw_Recordings_Day2_pt5,134.705382,134.97422,0.268838,W,unknown,unknown
20211121_061327_192.wav,Raw_Recordings_Day2_pt5,276.540817,277.586947,1.04613,W,unknown,unknown
20211121_061828_192.wav,Raw_Recordings_Day2_pt6,45.895813,46.04046,0.144647,W,unknown,unknown
20211121_061828_192.wav,Raw_Recordings_Day2_pt6,50.915584,51.097731,0.182147,W,unknown,unknown
20211121_061828_192.wav,Raw_Recordings_Day2_pt6,51.606673,51.745962,0.139289,W,unknown,unknown
20211121_061828_192.wav,Raw_Recordings_Day2_pt6,51.992397,52.137044,0.144647,W,unknown,unknown
20211121_061828_192.wav,Raw_Recordings_Day2_pt6,57.93362,58.731855,0.798235,W,unknown,unknown
20211121_061828_192.wav,Raw_Recordings_Day2_pt6,61.28192,61.646215,0.364295,W,unknown,unknown
20211121_061828_192.wav,Raw_Recordings_Day2_pt6,64.812367,65.182019,0.369652,W,unknown,unknown
20211121_061828_192.wav,Raw_Recordings_Day2_pt6,65.353452,65.974896,0.621444,W,unknown,unknown
20211121_061828_192.wav,Raw_Recordings_Day2_pt6,67.260643,68.808897,1.548254,W,unknown,unknown
20211121_061828_192.wav,Raw_Recordings_Day2_pt6,79.812749,80.043112,0.230363,W,unknown,unknown
20211121_061828_192.wav,Raw_Recordings_Day2_pt6,80.691343,82.132451,1.441108,W,unknown,unknown
20211121_061828_192.wav,Raw_Recordings_Day2_pt6,82.689608,84.216433,1.526825,W,unknown,unknown
20211121_061828_192.wav,Raw_Recordings_Day2_pt6,85.030739,85.175386,0.144647,W,unknown,unknown
20211121_061828_192.wav,Raw_Recordings_Day2_pt6,87.31294,88.025459,0.712519,W,unknown,unknown
20211121_061828_192.wav,Raw_Recordings_Day2_pt6,88.352253,88.577258,0.225005,W,unknown,unknown
20211121_061828_192.wav,Raw_Recordings_Day2_pt6,90.645168,91.818412,1.173244,W,unknown,unknown
20211121_061828_192.wav,Raw_Recordings_Day2_pt6,92.697006,94.904205,2.207199,W,unknown,unknown
20211121_061828_192.wav,Raw_Recordings_Day2_pt6,96.629249,97.936425,1.307176,W,unknown,unknown
20211121_061828_192.wav,Raw_Recordings_Day2_pt6,98.552513,98.857878,0.305365,W,unknown,unknown
20211121_061828_192.wav,Raw_Recordings_Day2_pt6,100.668638,100.925787,0.257149,W,unknown,unknown
20211121_061828_192.wav,Raw_Recordings_Day2_pt6,102.056173,102.399039,0.342866,W,unknown,unknown
20211121_061828_192.wav,Raw_Recordings_Day2_pt6,105.361615,105.854484,0.492869,W,unknown,unknown
20211121_061828_192.wav,Raw_Recordings_Day2_pt6,111.699276,112.320721,0.621445,W,unknown,unknown
20211121_061828_192.wav,Raw_Recordings_Day2_pt6,161.859484,162.105919,0.246435,W,unknown,unknown
20211121_061828_192.wav,Raw_Recordings_Day2_pt6,162.357711,162.636289,0.278578,W,unknown,unknown
20211121_061828_192.wav,Raw_Recordings_Day2_pt6,166.954257,167.350695,0.396438,W,unknown,unknown
20211121_061828_192.wav,Raw_Recordings_Day2_pt6,205.114158,205.649886,0.535728,W,unknown,unknown
20211121_061828_192.wav,Raw_Recordings_Day2_pt6,231.814839,233.320234,1.505395,W,unknown,unknown
20211121_061828_192.wav,Raw_Recordings_Day2_pt6,271.051553,271.346204,0.294651,W,unknown,unknown
20211121_061828_192.wav,Raw_Recordings_Day2_pt6,271.881932,272.192654,0.310722,W,unknown,unknown
20211121_061828_192.wav,Raw_Recordings_Day2_pt6,272.546234,272.760525,0.214291,W,unknown,unknown
20211121_062328_192.wav,Raw_Recordings_Day2_pt6,65.815396,68.238347,2.422951,W,unknown,unknown
20211121_062328_192.wav,Raw_Recordings_Day2_pt6,70.168185,72.037145,1.86896,W,unknown,unknown
20211121_062328_192.wav,Raw_Recordings_Day2_pt6,73.443431,75.561991,2.11856,W,unknown,unknown
20211121_062328_192.wav,Raw_Recordings_Day2_pt6,78.806798,80.273962,1.467164,W,unknown,unknown
20211121_062328_192.wav,Raw_Recordings_Day2_pt6,90.538023,92.778339,2.240316,W,unknown,unknown
20211121_062328_192.wav,Raw_Recordings_Day2_pt6,110.04339,110.37822,0.33483,W,unknown,unknown
20211121_062328_192.wav,Raw_Recordings_Day2_pt6,146.448539,146.795545,0.347006,W,unknown,unknown
20211121_062328_192.wav,Raw_Recordings_Day2_pt6,148.086162,148.786261,0.700099,W,unknown,unknown
20211121_062328_192.wav,Raw_Recordings_Day2_pt6,150.222986,150.527377,0.304391,W,unknown,unknown
20211121_062328_192.wav,Raw_Recordings_Day2_pt6,179.121856,179.761077,0.639221,W,unknown,unknown
20211121_062328_192.wav,Raw_Recordings_Day2_pt6,201.750274,202.024225,0.273951,W,unknown,unknown
20211121_062328_192.wav,Raw_Recordings_Day2_pt6,202.779115,203.07133,0.292215,W,unknown,unknown
20211121_062328_192.wav,Raw_Recordings_Day2_pt6,204.014942,204.361947,0.347005,W,unknown,unknown
20211121_062328_192.wav,Raw_Recordings_Day2_pt6,204.672426,205.092485,0.420059,W,unknown,unknown
20211121_062328_192.wav,Raw_Recordings_Day2_pt6,206.072624,206.224819,0.152195,W,unknown,unknown
20211121_062328_192.wav,Raw_Recordings_Day2_pt6,207.156255,207.460646,0.304391,W,unknown,unknown
20211121_062328_192.wav,Raw_Recordings_Day2_pt6,207.740686,207.862442,0.121756,W,unknown,unknown
20211121_062328_192.wav,Raw_Recordings_Day2_pt6,209.420924,210.869824,1.4489,W,unknown,unknown
20211121_062328_192.wav,Raw_Recordings_Day2_pt6,211.35685,211.55166,0.19481,W,unknown,unknown
20211121_062328_192.wav,Raw_Recordings_Day2_pt6,294.339891,294.729511,0.38962,W,unknown,unknown
20211121_062829_192.wav,Raw_Recordings_Day2_pt6,38.047399,38.186688,0.139289,W,unknown,unknown
20211121_062829_192.wav,Raw_Recordings_Day2_pt6,38.325977,38.454552,0.128575,W,unknown,unknown
20211121_062829_192.wav,Raw_Recordings_Day2_pt6,39.434934,39.60101,0.166076,W,unknown,unknown
20211121_062829_192.wav,Raw_Recordings_Day2_pt6,42.606443,42.761805,0.155362,W,unknown,unknown
20211121_062829_192.wav,Raw_Recordings_Day2_pt6,42.981453,43.142171,0.160718,W,unknown,unknown
20211121_062829_192.wav,Raw_Recordings_Day2_pt6,43.53861,43.688614,0.150004,W,unknown,unknown
20211121_062829_192.wav,Raw_Recordings_Day2_pt6,44.111839,44.240414,0.128575,W,unknown,unknown
20211121_062829_192.wav,Raw_Recordings_Day2_pt6,44.626138,44.979718,0.35358,W,unknown,unknown
20211121_062829_192.wav,Raw_Recordings_Day2_pt6,45.863669,46.029745,0.166076,W,unknown,unknown
20211121_062829_192.wav,Raw_Recordings_Day2_pt6,46.21725,46.377968,0.160718,W,unknown,unknown
20211121_062829_192.wav,Raw_Recordings_Day2_pt6,49.303043,49.54412,0.241077,W,unknown,unknown
20211121_062829_192.wav,Raw_Recordings_Day2_pt6,51.451312,51.660246,0.208934,W,unknown,unknown
20211121_062829_192.wav,Raw_Recordings_Day2_pt6,52.040612,52.174544,0.133932,W,unknown,unknown
20211121_062829_192.wav,Raw_Recordings_Day2_pt6,266.165714,267.837186,1.671472,W,unknown,unknown
20211121_062829_192.wav,Raw_Recordings_Day2_pt6,271.871217,273.269467,1.39825,W,unknown,unknown
20211121_062829_192.wav,Raw_Recordings_Day2_pt6,274.137346,275.353449,1.216103,W,unknown,unknown
20211121_062829_192.wav,Raw_Recordings_Day2_pt6,277.833869,279.510698,1.676829,W,unknown,unknown
20211121_062829_192.wav,Raw_Recordings_Day2_pt6,279.896422,280.29286,0.396438,W,unknown,unknown
20211121_062829_192.wav,Raw_Recordings_Day2_pt6,285.409062,285.601924,0.192862,W,unknown,unknown
20211121_062829_192.wav,Raw_Recordings_Day2_pt6,286.544805,286.79124,0.246435,W,unknown,unknown
20211121_062829_192.wav,Raw_Recordings_Day2_pt6,289.652028,289.909177,0.257149,W,unknown,unknown
20211121_062829_192.wav,Raw_Recordings_Day2_pt6,293.450339,293.739632,0.289293,W,unknown,unknown
20211121_063329_192.wav,Raw_Recordings_Day2_pt6,20.314804,22.163065,1.848261,W,unknown,unknown
20211121_063329_192.wav,Raw_Recordings_Day2_pt6,42.242148,43.790402,1.548254,W,unknown,unknown
20211121_063329_192.wav,Raw_Recordings_Day2_pt6,52.174544,52.410265,0.235721,W,unknown,unknown
20211121_063329_192.wav,Raw_Recordings_Day2_pt6,53.460292,54.537105,1.076813,W,unknown,unknown
20211121_063329_192.wav,Raw_Recordings_Day2_pt6,54.96033,55.19605,0.23572,W,unknown,unknown
20211121_063329_192.wav,Raw_Recordings_Day2_pt6,55.619275,56.94788,1.328605,W,unknown,unknown
20211121_063329_192.wav,Raw_Recordings_Day2_pt6,111.249265,113.552895,2.30363,W,unknown,unknown
20211121_063329_192.wav,Raw_Recordings_Day2_pt6,114.024336,115.733308,1.708972,W,unknown,unknown
20211121_063329_192.wav,Raw_Recordings_Day2_pt6,116.081531,117.85479,1.773259,W,unknown,unknown
20211121_063329_192.wav,Raw_Recordings_Day2_pt6,118.17087,119.611978,1.441108,W,unknown,unknown
20211121_063329_192.wav,Raw_Recordings_Day2_pt6,120.099491,121.840606,1.741115,W,unknown,unknown
20211121_063329_192.wav,Raw_Recordings_Day2_pt6,122.156686,124.053163,1.896477,W,unknown,unknown
20211121_063329_192.wav,Raw_Recordings_Day2_pt6,124.310312,126.228218,1.917906,W,unknown,unknown
20211121_063329_192.wav,Raw_Recordings_Day2_pt6,126.431795,128.130052,1.698257,W,unknown,unknown
20211121_063329_192.wav,Raw_Recordings_Day2_pt6,128.515777,130.010457,1.49468,W,unknown,unknown
20211121_063329_192.wav,Raw_Recordings_Day2_pt6,130.358681,131.976579,1.617898,W,unknown,unknown
20211121_063329_192.wav,Raw_Recordings_Day2_pt6,132.239086,133.610549,1.371463,W,unknown,unknown
20211121_063329_192.wav,Raw_Recordings_Day2_pt6,133.931986,135.394523,1.462537,W,unknown,unknown
20211121_063329_192.wav,Raw_Recordings_Day2_pt6,135.624886,137.296358,1.671472,W,unknown,unknown
20211121_063329_192.wav,Raw_Recordings_Day2_pt6,137.48922,138.967829,1.478609,W,unknown,unknown
20211121_063329_192.wav,Raw_Recordings_Day2_pt6,139.171405,140.725016,1.553611,W,unknown,unknown
20211121_063329_192.wav,Raw_Recordings_Day2_pt6,140.901807,142.482204,1.580397,W,unknown,unknown
20211121_063329_192.wav,Raw_Recordings_Day2_pt6,142.675066,144.014386,1.33932,W,unknown,unknown
20211121_063329_192.wav,Raw_Recordings_Day2_pt6,144.287607,145.803717,1.51611,W,unknown,unknown
20211121_063329_192.wav,Raw_Recordings_Day2_pt6,146.050152,147.571619,1.521467,W,unknown,unknown
20211121_063329_192.wav,Raw_Recordings_Day2_pt6,147.764482,149.173446,1.408964,W,unknown,unknown
20211121_063329_192.wav,Raw_Recordings_Day2_pt6,149.585957,150.914562,1.328605,W,unknown,unknown
20211121_063329_192.wav,Raw_Recordings_Day2_pt6,151.235999,152.693179,1.45718,W,unknown,unknown
20211121_063329_192.wav,Raw_Recordings_Day2_pt6,152.939613,154.24679,1.307177,W,unknown,unknown
20211121_063329_192.wav,Raw_Recordings_Day2_pt6,154.562869,155.778972,1.216103,W,unknown,unknown
20211121_063329_192.wav,Raw_Recordings_Day2_pt6,156.245055,157.820095,1.57504,W,unknown,unknown
20211121_063329_192.wav,Raw_Recordings_Day2_pt6,158.173676,159.518353,1.344677,W,unknown,unknown
20211121_063329_192.wav,Raw_Recordings_Day2_pt6,159.834432,161.404115,1.569683,W,unknown,unknown
20211121_063329_192.wav,Raw_Recordings_Day2_pt6,161.746981,163.150588,1.403607,W,unknown,unknown
20211121_063329_192.wav,Raw_Recordings_Day2_pt6,163.439881,164.97742,1.537539,W,unknown,unknown
20211121_063329_192.wav,Raw_Recordings_Day2_pt6,165.277428,166.777466,1.500038,W,unknown,unknown
20211121_063329_192.wav,Raw_Recordings_Day2_pt6,167.093546,168.866805,1.773259,W,unknown,unknown
20211121_063329_192.wav,Raw_Recordings_Day2_pt6,169.188242,170.704352,1.51611,W,unknown,unknown
20211121_063329_192.wav,Raw_Recordings_Day2_pt6,171.009717,172.488326,1.478609,W,unknown,unknown
20211121_063329_192.wav,Raw_Recordings_Day2_pt6,172.740118,174.261586,1.521468,W,unknown,unknown
20211121_063329_192.wav,Raw_Recordings_Day2_pt6,174.599094,176.066989,1.467895,W,unknown,unknown
20211121_063329_192.wav,Raw_Recordings_Day2_pt6,176.329496,177.909893,1.580397,W,unknown,unknown
20211121_063329_192.wav,Raw_Recordings_Day2_pt6,178.086683,179.367073,1.28039,W,unknown,unknown
20211121_063329_192.wav,Raw_Recordings_Day2_pt6,179.736725,180.936756,1.200031,W,unknown,unknown
20211121_063329_192.wav,Raw_Recordings_Day2_pt6,298.861191,299.311202,0.450011,W,unknown,unknown
20211121_063830_192.wav,Raw_Recordings_Day2_pt6,28.176855,29.080774,0.903919,W,unknown,unknown
20211121_063830_192.wav,Raw_Recordings_Day2_pt6,275.942506,277.051219,1.108713,W,unknown,unknown
20211121_063830_192.wav,Raw_Recordings_Day2_pt6,278.082252,279.275708,1.193456,W,unknown,unknown
20211121_063830_192.wav,Raw_Recordings_Day2_pt6,280.476225,282.008651,1.532426,W,unknown,unknown
20211121_063830_192.wav,Raw_Recordings_Day2_pt6,282.277002,283.322158,1.045156,W,unknown,unknown
20211121_063830_192.wav,Raw_Recordings_Day2_pt6,284.402624,285.320667,0.918043,W,unknown,unknown
20211121_063830_192.wav,Raw_Recordings_Day2_pt6,287.290928,288.371394,1.080466,W,unknown,unknown
20211121_063830_192.wav,Raw_Recordings_Day2_pt6,288.872787,289.847325,0.974538,W,unknown,unknown
20211121_063830_192.wav,Raw_Recordings_Day2_pt6,290.426398,291.641039,1.214641,W,unknown,unknown
20211121_063830_192.wav,Raw_Recordings_Day2_pt6,292.071813,293.265269,1.193456,W,unknown,unknown
20211121_063830_192.wav,Raw_Recordings_Day2_pt6,293.809033,295.023674,1.214641,W,unknown,unknown
20211121_063830_192.wav,Raw_Recordings_Day2_pt6,295.510943,297.008059,1.497116,W,unknown,unknown
20211121_063830_192.wav,Raw_Recordings_Day2_pt6,297.573009,298.865331,1.292322,W,unknown,unknown
20211121_064331_192.wav,Raw_Recordings_Day2_pt6,0.417868,0.991097,0.573229,W,unknown,unknown
20211121_064331_192.wav,Raw_Recordings_Day2_pt6,0.900023,2.121483,1.22146,W,unknown,unknown
20211121_064331_192.wav,Raw_Recordings_Day2_pt6,3.166152,4.987627,1.821475,W,unknown,unknown
20211121_064331_192.wav,Raw_Recordings_Day2_pt6,5.266206,5.775147,0.508941,W,unknown,unknown
20211121_064331_192.wav,Raw_Recordings_Day2_pt6,5.82872,6.943034,1.114314,W,unknown,unknown
20211121_064331_192.wav,Raw_Recordings_Day2_pt6,8.362713,9.884181,1.521468,W,unknown,unknown
20211121_064331_192.wav,Raw_Recordings_Day2_pt6,11.180642,12.62175,1.441108,W,unknown,unknown
20211121_064331_192.wav,Raw_Recordings_Day2_pt6,15.262889,16.575423,1.312534,W,unknown,unknown
20211121_064331_192.wav,Raw_Recordings_Day2_pt6,17.127222,17.561162,0.43394,W,unknown,unknown
20211121_064331_192.wav,Raw_Recordings_Day2_pt6,17.609378,19.243348,1.63397,W,unknown,unknown
20211121_064331_192.wav,Raw_Recordings_Day2_pt6,22.125564,23.539886,1.414322,W,unknown,unknown
20211121_064331_192.wav,Raw_Recordings_Day2_pt6,25.093497,26.047093,0.953596,W,unknown,unknown
20211121_064331_192.wav,Raw_Recordings_Day2_pt6,26.239955,27.766779,1.526824,W,unknown,unknown
20211121_064331_192.wav,Raw_Recordings_Day2_pt6,33.124059,34.388377,1.264318,W,unknown,unknown
20211121_064331_192.wav,Raw_Recordings_Day2_pt6,35.588407,36.708079,1.119672,W,unknown,unknown
20211121_064331_192.wav,Raw_Recordings_Day2_pt6,38.100971,38.942064,0.841093,W,unknown,unknown
20211121_064331_192.wav,Raw_Recordings_Day2_pt6,40.420673,41.004617,0.583944,W,unknown,unknown
20211121_064331_192.wav,Raw_Recordings_Day2_pt6,41.984999,42.558228,0.573229,W,unknown,unknown
20211121_064331_192.wav,Raw_Recordings_Day2_pt6,43.806474,44.304701,0.498227,W,unknown,unknown
20211121_064331_192.wav,Raw_Recordings_Day2_pt6,45.676165,46.442255,0.76609,W,unknown,unknown
20211121_064331_192.wav,Raw_Recordings_Day2_pt6,47.872649,48.376233,0.503584,W,unknown,unknown
20211121_064331_192.wav,Raw_Recordings_Day2_pt6,51.349523,52.249546,0.900023,W,unknown,unknown
20211121_064331_192.wav,Raw_Recordings_Day2_pt6,52.903134,53.604938,0.701804,W,unknown,unknown
20211121_064331_192.wav,Raw_Recordings_Day2_pt6,60.489042,61.806933,1.317891,W,unknown,unknown
20211121_064331_192.wav,Raw_Recordings_Day2_pt6,151.316358,151.825299,0.508941,W,unknown,unknown
20211121_064331_192.wav,Raw_Recordings_Day2_pt6,170.136481,171.620447,1.483966,W,unknown,unknown
20211121_064331_192.wav,Raw_Recordings_Day2_pt6,177.063443,177.824177,0.760734,W,unknown,unknown
20211121_064331_192.wav,Raw_Recordings_Day2_pt6,180.9689,182.34572,1.37682,W,unknown,unknown
20211121_064331_192.wav,Raw_Recordings_Day2_pt6,184.617207,185.136863,0.519656,W,unknown,unknown
20211121_064331_192.wav,Raw_Recordings_Day2_pt6,189.883413,190.762006,0.878593,W,unknown,unknown
20211121_064331_192.wav,Raw_Recordings_Day2_pt6,191.40488,192.160256,0.755376,W,unknown,unknown
20211121_064331_192.wav,Raw_Recordings_Day2_pt6,192.620982,193.328143,0.707161,W,unknown,unknown
20211121_064331_192.wav,Raw_Recordings_Day2_pt6,193.847799,194.533531,0.685732,W,unknown,unknown
20211121_064331_192.wav,Raw_Recordings_Day2_pt6,195.015686,195.674632,0.658946,W,unknown,unknown
20211121_064331_192.wav,Raw_Recordings_Day2_pt6,196.392507,196.960379,0.567872,W,unknown,unknown
20211121_064331_192.wav,Raw_Recordings_Day2_pt6,198.706852,199.24258,0.535728,W,unknown,unknown
20211121_064331_192.wav,Raw_Recordings_Day2_pt6,201.401563,202.140868,0.739305,W,unknown,unknown
20211121_064331_192.wav,Raw_Recordings_Day2_pt6,202.8266,203.576619,0.750019,W,unknown,unknown
20211121_064331_192.wav,Raw_Recordings_Day2_pt6,204.064131,204.867723,0.803592,W,unknown,unknown
20211121_064331_192.wav,Raw_Recordings_Day2_pt6,205.280234,206.09454,0.814306,W,unknown,unknown
20211121_064331_192.wav,Raw_Recordings_Day2_pt6,206.624911,207.305285,0.680374,W,unknown,unknown
20211121_064331_192.wav,Raw_Recordings_Day2_pt6,208.033875,208.767823,0.733948,W,unknown,unknown
20211121_064331_192.wav,Raw_Recordings_Day2_pt6,209.410696,210.160715,0.750019,W,unknown,unknown
20211121_064331_192.wav,Raw_Recordings_Day2_pt6,211.816115,213.396512,1.580397,W,unknown,unknown
20211121_064331_192.wav,Raw_Recordings_Day2_pt6,213.985813,214.816191,0.830378,W,unknown,unknown
20211121_064331_192.wav,Raw_Recordings_Day2_pt6,215.201915,215.978721,0.776806,W,unknown,unknown
20211121_064331_192.wav,Raw_Recordings_Day2_pt6,216.391231,216.926959,0.535728,W,unknown,unknown
20211121_064331_192.wav,Raw_Recordings_Day2_pt6,218.5395,220.087754,1.548254,W,unknown,unknown
20211121_064331_192.wav,Raw_Recordings_Day2_pt6,220.618125,221.105637,0.487512,W,unknown,unknown
20211121_064331_192.wav,Raw_Recordings_Day2_pt6,221.786012,222.209237,0.423225,W,unknown,unknown
20211121_064331_192.wav,Raw_Recordings_Day2_pt6,224.164644,224.668228,0.503584,W,unknown,unknown
20211121_064331_192.wav,Raw_Recordings_Day2_pt6,225.203956,225.70754,0.503584,W,unknown,unknown
20211121_064331_192.wav,Raw_Recordings_Day2_pt6,226.136123,226.848641,0.712518,W,unknown,unknown
20211121_064331_192.wav,Raw_Recordings_Day2_pt6,227.614732,228.193318,0.578586,W,unknown,unknown
20211121_064331_192.wav,Raw_Recordings_Day2_pt6,228.79869,229.564781,0.766091,W,unknown,unknown
20211121_064331_192.wav,Raw_Recordings_Day2_pt6,230.068366,230.861243,0.792877,W,unknown,unknown
20211121_064331_192.wav,Raw_Recordings_Day2_pt6,231.53626,232.484499,0.948239,W,unknown,unknown
20211121_064331_192.wav,Raw_Recordings_Day2_pt6,233.063085,233.60417,0.541085,W,unknown,unknown
20211121_064331_192.wav,Raw_Recordings_Day2_pt6,234.268473,235.013135,0.744662,W,unknown,unknown
20211121_064331_192.wav,Raw_Recordings_Day2_pt6,235.473861,236.89354,1.419679,W,unknown,unknown
20211121_064331_192.wav,Raw_Recordings_Day2_pt6,237.814992,238.672156,0.857164,W,unknown,unknown
20211121_064331_192.wav,Raw_Recordings_Day2_pt6,239.695397,240.33827,0.642873,W,unknown,unknown
20211121_064331_192.wav,Raw_Recordings_Day2_pt6,240.847212,241.484728,0.637516,W,unknown,unknown
20211121_064331_192.wav,Raw_Recordings_Day2_pt6,242.025813,242.765118,0.739305,W,unknown,unknown
20211121_064331_192.wav,Raw_Recordings_Day2_pt6,249.611721,250.099233,0.487512,W,unknown,unknown
20211121_064331_192.wav,Raw_Recordings_Day2_pt6,250.501029,251.202833,0.701804,W,unknown,unknown
20211121_064331_192.wav,Raw_Recordings_Day2_pt6,251.706417,252.558225,0.851808,W,unknown,unknown
20211121_064331_192.wav,Raw_Recordings_Day2_pt6,253.292172,254.036834,0.744662,W,unknown,unknown
20211121_064331_192.wav,Raw_Recordings_Day2_pt6,254.567205,255.333295,0.76609,W,unknown,unknown
20211121_064331_192.wav,Raw_Recordings_Day2_pt6,255.772592,256.372608,0.600016,W,unknown,unknown
20211121_064331_192.wav,Raw_Recordings_Day2_pt6,256.822619,257.52978,0.707161,W,unknown,unknown
20211121_064331_192.wav,Raw_Recordings_Day2_pt6,258.960174,259.769123,0.808949,W,unknown,unknown
20211121_064331_192.wav,Raw_Recordings_Day2_pt6,263.738867,264.821037,1.08217,W,unknown,unknown
20211121_064331_192.wav,Raw_Recordings_Day2_pt6,276.274901,276.912417,0.637516,W,unknown,unknown
20211121_064331_192.wav,Raw_Recordings_Day2_pt6,277.549933,278.348168,0.798235,W,unknown,unknown
20211121_064331_192.wav,Raw_Recordings_Day2_pt6,278.89461,279.799991,0.905381,W,unknown,unknown
20211121_064331_192.wav,Raw_Recordings_Day2_pt6,280.37322,281.187526,0.814306,W,unknown,unknown
20211121_064331_192.wav,Raw_Recordings_Day2_pt6,281.685753,282.446487,0.760734,W,unknown,unknown
20211121_064331_192.wav,Raw_Recordings_Day2_pt6,289.378806,290.037752,0.658946,W,unknown,unknown
20211121_064331_192.wav,Raw_Recordings_Day2_pt6,290.718126,291.53779,0.819664,W,unknown,unknown
20211121_064331_192.wav,Raw_Recordings_Day2_pt6,292.550316,293.139616,0.5893,W,unknown,unknown
20211121_064331_192.wav,Raw_Recordings_Day2_pt6,293.78249,294.441435,0.658945,W,unknown,unknown
20211121_064331_192.wav,Raw_Recordings_Day2_pt6,295.159311,295.716468,0.557157,W,unknown,unknown
20211121_064331_192.wav,Raw_Recordings_Day2_pt6,296.359341,297.029001,0.66966,W,unknown,unknown
20211121_064331_192.wav,Raw_Recordings_Day2_pt6,297.527228,297.891523,0.364295,W,unknown,unknown
20211121_064331_192.wav,Raw_Recordings_Day2_pt6,299.412991,300.077293,0.664302,W,unknown,unknown
20211121_064831_192.wav,Raw_Recordings_Day2_pt6,1.795611,2.269923,0.474312,W,unknown,unknown
20211121_064831_192.wav,Raw_Recordings_Day2_pt6,6.894468,7.560764,0.666296,W,unknown,unknown
20211121_064831_192.wav,Raw_Recordings_Day2_pt6,9.960559,10.231594,0.271035,W,unknown,unknown
20211121_064831_192.wav,Raw_Recordings_Day2_pt6,16.860674,17.809298,0.948624,W,unknown,unknown
20211121_064831_192.wav,Raw_Recordings_Day2_pt6,18.486887,19.271761,0.784874,W,unknown,unknown
20211121_064831_192.wav,Raw_Recordings_Day2_pt6,23.026734,23.749495,0.722761,W,unknown,unknown
20211121_064831_192.wav,Raw_Recordings_Day2_pt6,33.365613,34.297298,0.931685,W,unknown,unknown
20211121_064831_192.wav,Raw_Recordings_Day2_pt6,35.550837,36.380884,0.830047,W,unknown,unknown
20211121_064831_192.wav,Raw_Recordings_Day2_pt6,36.968128,37.628777,0.660649,W,unknown,unknown
20211121_064831_192.wav,Raw_Recordings_Day2_pt6,41.462802,41.937114,0.474312,W,unknown,unknown
20211121_064831_192.wav,Raw_Recordings_Day2_pt6,46.341443,46.866574,0.525131,W,unknown,unknown
20211121_064831_192.wav,Raw_Recordings_Day2_pt6,50.83047,51.541938,0.711468,W,unknown,unknown
20211121_064831_192.wav,Raw_Recordings_Day2_pt6,52.580908,53.066514,0.485606,W,unknown,unknown
20211121_064831_192.wav,Raw_Recordings_Day2_pt6,53.704577,54.664494,0.959917,W,unknown,unknown
20211121_064831_192.wav,Raw_Recordings_Day2_pt6,54.833892,55.392903,0.559011,W,unknown,unknown
20211121_064831_192.wav,Raw_Recordings_Day2_pt6,55.850275,56.533511,0.683236,W,unknown,unknown
20211121_064831_192.wav,Raw_Recordings_Day2_pt6,60.954779,61.869524,0.914745,W,unknown,unknown
20211121_064831_192.wav,Raw_Recordings_Day2_pt6,62.620519,63.456212,0.835693,W,unknown,unknown
20211121_064831_192.wav,Raw_Recordings_Day2_pt6,64.658932,65.313935,0.655003,W,unknown,unknown
20211121_064831_192.wav,Raw_Recordings_Day2_pt6,65.359108,66.042343,0.683235,W,unknown,unknown
20211121_064831_192.wav,Raw_Recordings_Day2_pt6,66.319026,66.776398,0.457372,W,unknown,unknown
20211121_064831_192.wav,Raw_Recordings_Day2_pt6,69.232658,70.113524,0.880866,W,unknown,unknown
20211121_064831_192.wav,Raw_Recordings_Day2_pt6,70.090938,70.954864,0.863926,W,unknown,unknown
20211121_064831_192.wav,Raw_Recordings_Day2_pt6,72.592371,73.563582,0.971211,W,unknown,unknown
20211121_064831_192.wav,Raw_Recordings_Day2_pt6,74.280697,74.88488,0.604183,W,unknown,unknown
20211121_064831_192.wav,Raw_Recordings_Day2_pt6,94.348625,94.992334,0.643709,W,unknown,unknown
20211121_064831_192.wav,Raw_Recordings_Day2_pt6,95.415827,96.025658,0.609831,W,unknown,unknown
20211121_064831_192.wav,Raw_Recordings_Day2_pt6,96.951696,97.996312,1.044616,W,unknown,unknown
20211121_064831_192.wav,Raw_Recordings_Day2_pt6,98.414159,99.023989,0.60983,W,unknown,unknown
20211121_064831_192.wav,Raw_Recordings_Day2_pt6,100.187184,100.661496,0.474312,W,unknown,unknown
20211121_064831_192.wav,Raw_Recordings_Day2_pt6,104.038148,104.986772,0.948624,W,unknown,unknown
20211121_064831_192.wav,Raw_Recordings_Day2_pt6,105.839405,106.906608,1.067203,WW,unknown,unknown
20211121_064831_192.wav,Raw_Recordings_Day2_pt6,115.263539,117.047857,1.784318,W,unknown,unknown
20211121_064831_192.wav,Raw_Recordings_Day2_pt6,117.742386,118.052947,0.310561,W,unknown,unknown
20211121_064831_192.wav,Raw_Recordings_Day2_pt6,118.753123,119.809032,1.055909,W,unknown,unknown
20211121_064831_192.wav,Raw_Recordings_Day2_pt6,123.140512,124.834484,1.693972,W,unknown,unknown
20211121_064831_192.wav,Raw_Recordings_Day2_pt6,125.749229,126.714794,0.965565,W,unknown,unknown
20211121_064831_192.wav,Raw_Recordings_Day2_pt6,127.222986,127.708591,0.485605,W,unknown,unknown
20211121_064831_192.wav,Raw_Recordings_Day2_pt6,128.053032,129.244459,1.191427,W,unknown,unknown
20211121_064831_192.wav,Raw_Recordings_Day2_pt6,130.802914,131.344985,0.542071,W,unknown,unknown
20211121_064831_192.wav,Raw_Recordings_Day2_pt6,134.727284,135.370993,0.643709,W,unknown,unknown
20211121_064831_192.wav,Raw_Recordings_Day2_pt6,136.709232,137.031087,0.321855,W,unknown,unknown
20211121_064831_192.wav,Raw_Recordings_Day2_pt6,141.858908,142.615549,0.756641,W,unknown,unknown
20211121_064831_192.wav,Raw_Recordings_Day2_pt6,143.1915,143.942495,0.750995,W,unknown,unknown
20211121_064831_192.wav,Raw_Recordings_Day2_pt6,144.676549,145.342845,0.666296,W,unknown,unknown
20211121_064831_192.wav,Raw_Recordings_Day2_pt6,145.68164,146.833541,1.151901,W,unknown,unknown
20211121_064831_192.wav,Raw_Recordings_Day2_pt6,159.295533,160.266743,0.97121,W,unknown,unknown
20211121_064831_192.wav,Raw_Recordings_Day2_pt6,164.061242,164.795297,0.734055,W,unknown,unknown
20211121_064831_192.wav,Raw_Recordings_Day2_pt6,166.144828,167.110393,0.965565,W,unknown,unknown
20211121_064831_192.wav,Raw_Recordings_Day2_pt6,170.825839,171.955154,1.129315,W,unknown,unknown
20211121_064831_192.wav,Raw_Recordings_Day2_pt6,172.361708,172.63839,0.276682,W,unknown,unknown
20211121_064831_192.wav,Raw_Recordings_Day2_pt6,176.308664,177.082244,0.77358,W,unknown,unknown
20211121_064831_192.wav,Raw_Recordings_Day2_pt6,188.194704,189.911263,1.716559,W,unknown,unknown
20211121_064831_192.wav,Raw_Recordings_Day2_pt6,190.413808,190.876828,0.46302,W,unknown,unknown
20211121_064831_192.wav,Raw_Recordings_Day2_pt6,196.489523,196.743619,0.254096,W,unknown,unknown
20211121_064831_192.wav,Raw_Recordings_Day2_pt6,197.680951,197.889874,0.208923,W,unknown,unknown
20211121_064831_192.wav,Raw_Recordings_Day2_pt6,210.453504,210.995575,0.542071,W,unknown,unknown
20211121_064831_192.wav,Raw_Recordings_Day2_pt6,218.906427,220.041388,1.134961,W,unknown,unknown
20211121_064831_192.wav,Raw_Recordings_Day2_pt6,220.425356,221.227169,0.801813,W,unknown,unknown
20211121_064831_192.wav,Raw_Recordings_Day2_pt6,226.207449,226.918917,0.711468,W,unknown,unknown
20211121_064831_192.wav,Raw_Recordings_Day2_pt6,237.105339,238.014437,0.909098,W,unknown,unknown
20211121_064831_192.wav,Raw_Recordings_Day2_pt6,238.90095,239.533366,0.632416,W,unknown,unknown
20211121_064831_192.wav,Raw_Recordings_Day2_pt6,242.655922,243.231873,0.575951,W,unknown,unknown
20211121_064831_192.wav,Raw_Recordings_Day2_pt6,244.626577,245.366278,0.739701,W,unknown,unknown
20211121_064831_192.wav,Raw_Recordings_Day2_pt6,245.936582,246.585938,0.649356,W,unknown,unknown
20211121_064831_192.wav,Raw_Recordings_Day2_pt6,247.043311,247.681374,0.638063,W,unknown,unknown
20211121_064831_192.wav,Raw_Recordings_Day2_pt6,249.465692,250.205393,0.739701,W,unknown,unknown
20211121_064831_192.wav,Raw_Recordings_Day2_pt6,251.074966,251.617037,0.542071,W,unknown,unknown
20211121_064831_192.wav,Raw_Recordings_Day2_pt6,252.170401,252.972215,0.801814,W,unknown,unknown
20211121_064831_192.wav,Raw_Recordings_Day2_pt6,253.418294,254.225755,0.807461,W,unknown,unknown
20211121_064831_192.wav,Raw_Recordings_Day2_pt6,254.717007,255.349423,0.632416,W,unknown,unknown
20211121_064831_192.wav,Raw_Recordings_Day2_pt6,255.953607,256.721541,0.767934,W,unknown,unknown
20211121_064831_192.wav,Raw_Recordings_Day2_pt6,257.320078,258.082365,0.762287,W,unknown,unknown
20211121_064831_192.wav,Raw_Recordings_Day2_pt6,258.624437,259.573061,0.948624,W,unknown,unknown
20211121_064831_192.wav,Raw_Recordings_Day2_pt6,259.877976,260.645911,0.767935,W,unknown,unknown
20211121_064831_192.wav,Raw_Recordings_Day2_pt6,261.555009,262.119667,0.564658,W,unknown,unknown
20211121_064831_192.wav,Raw_Recordings_Day2_pt6,263.068291,263.469198,0.400907,W,unknown,unknown
20211121_064831_192.wav,Raw_Recordings_Day2_pt6,264.271012,264.897782,0.62677,W,unknown,unknown
20211121_064831_192.wav,Raw_Recordings_Day2_pt6,266.87973,267.726716,0.846986,W,unknown,unknown
20211121_064831_192.wav,Raw_Recordings_Day2_pt6,277.574343,278.940814,1.366471,W,unknown,unknown
20211121_064831_192.wav,Raw_Recordings_Day2_pt6,292.006989,293.294408,1.287419,W,unknown,unknown
20211121_064831_192.wav,Raw_Recordings_Day2_pt6,293.977644,294.982734,1.00509,W,unknown,unknown
20211121_064831_192.wav,Raw_Recordings_Day2_pt6,295.186011,295.835367,0.649356,W,unknown,unknown
20211121_064831_192.wav,Raw_Recordings_Day2_pt6,295.931359,296.309679,0.37832,W,unknown,unknown
20211121_064831_192.wav,Raw_Recordings_Day2_pt6,296.925156,297.964126,1.03897,W,unknown,unknown
20211121_064831_192.wav,Raw_Recordings_Day2_pt6,298.991803,299.974307,0.982504,W,unknown,unknown
20211121_065332_192.wav,Raw_Recordings_Day2_pt6,5.723279,7.023393,1.300114,W,unknown,unknown
20211121_065332_192.wav,Raw_Recordings_Day2_pt6,8.568725,9.609742,1.041017,W,unknown,unknown
20211121_065332_192.wav,Raw_Recordings_Day2_pt6,12.436681,13.759929,1.323248,W,unknown,unknown
20211121_065332_192.wav,Raw_Recordings_Day2_pt6,15.680026,16.850592,1.170566,W,unknown,unknown
20211121_065332_192.wav,Raw_Recordings_Day2_pt6,19.284258,19.973642,0.689384,W,unknown,unknown
20211121_065332_192.wav,Raw_Recordings_Day2_pt6,20.269754,20.986899,0.717145,W,unknown,unknown
20211121_065332_192.wav,Raw_Recordings_Day2_pt6,21.023913,22.421189,1.397276,W,unknown,unknown
20211121_065332_192.wav,Raw_Recordings_Day2_pt6,23.411311,24.313526,0.902215,W,unknown,unknown
20211121_065332_192.wav,Raw_Recordings_Day2_pt6,24.517102,25.090818,0.573716,W,unknown,unknown
20211121_065332_192.wav,Raw_Recordings_Day2_pt6,25.571999,26.085568,0.513569,W,unknown,unknown
20211121_065332_192.wav,Raw_Recordings_Day2_pt6,26.705551,28.454459,1.748908,W,unknown,unknown
20211121_065332_192.wav,Raw_Recordings_Day2_pt6,34.006549,34.92727,0.920721,W,unknown,unknown
20211121_065332_192.wav,Raw_Recordings_Day2_pt6,35.408451,36.241265,0.832814,W,unknown,unknown
20211121_065332_192.wav,Raw_Recordings_Day2_pt6,40.562641,41.164118,0.601477,W,unknown,unknown
20211121_065332_192.wav,Raw_Recordings_Day2_pt6,43.028694,43.949416,0.920722,W,unknown,unknown
20211121_065332_192.wav,Raw_Recordings_Day2_pt6,75.360363,76.049747,0.689384,W,unknown,unknown
20211121_065332_192.wav,Raw_Recordings_Day2_pt6,133.976549,134.47161,0.495061,W,unknown,unknown
20211121_065332_192.wav,Raw_Recordings_Day2_pt6,146.362335,146.982319,0.619984,W,unknown,unknown
20211121_065332_192.wav,Raw_Recordings_Day2_pt6,168.501293,168.834418,0.333125,W,unknown,unknown
20211121_065332_192.wav,Raw_Recordings_Day2_pt6,169.088889,169.477535,0.388646,W,unknown,unknown
20211121_065332_192.wav,Raw_Recordings_Day2_pt6,169.829167,170.148413,0.319246,W,unknown,unknown
20211121_065332_192.wav,Raw_Recordings_Day2_pt6,170.509298,170.860931,0.351633,W,unknown,unknown
20211121_065332_192.wav,Raw_Recordings_Day2_pt6,171.147789,171.527182,0.379393,W,unknown,unknown
20211121_065332_192.wav,Raw_Recordings_Day2_pt6,172.748641,173.118781,0.37014,W,unknown,unknown
20211121_065332_192.wav,Raw_Recordings_Day2_pt6,173.322357,173.627722,0.305365,W,unknown,unknown
20211121_065332_192.wav,Raw_Recordings_Day2_pt6,252.462768,254.387492,1.924724,W,unknown,unknown
20211121_065332_192.wav,Raw_Recordings_Day2_pt6,273.787419,274.560084,0.772665,W,unknown,unknown
20211121_065332_192.wav,Raw_Recordings_Day2_pt6,292.609002,294.094186,1.485184,W,unknown,unknown
20211121_065332_192.wav,Raw_Recordings_Day2_pt6,294.538353,296.532479,1.994126,W,unknown,unknown
20211121_065332_192.wav,Raw_Recordings_Day2_pt6,297.106195,297.874234,0.768039,W,unknown,unknown
20211121_065332_192.wav,Raw_Recordings_Day2_pt6,297.906621,298.767195,0.860574,W,unknown,unknown
20211121_065332_192.wav,Raw_Recordings_Day2_pt6,298.878237,299.706424,0.828187,W,unknown,unknown
20211121_065832_192.wav,Raw_Recordings_Day2_pt6,0.085716,0.321437,0.235721,W,unknown,unknown
20211121_065832_192.wav,Raw_Recordings_Day2_pt6,0.396439,1.044669,0.64823,W,unknown,unknown
20211121_065832_192.wav,Raw_Recordings_Day2_pt6,3.080436,3.310799,0.230363,W,unknown,unknown
20211121_065832_192.wav,Raw_Recordings_Day2_pt6,4.173321,4.484043,0.310722,W,unknown,unknown
20211121_065832_192.wav,Raw_Recordings_Day2_pt6,5.560856,5.871578,0.310722,W,unknown,unknown
20211121_065832_192.wav,Raw_Recordings_Day2_pt6,6.573382,7.810913,1.237531,W,unknown,unknown
20211121_065832_192.wav,Raw_Recordings_Day2_pt6,8.068063,8.394857,0.326794,W,unknown,unknown
20211121_065832_192.wav,Raw_Recordings_Day2_pt6,8.887727,8.973443,0.085716,W,unknown,unknown
20211121_065832_192.wav,Raw_Recordings_Day2_pt6,9.075231,9.225235,0.150004,W,unknown,unknown
20211121_065832_192.wav,Raw_Recordings_Day2_pt6,9.498456,9.819893,0.321437,W,unknown,unknown
20211121_065832_192.wav,Raw_Recordings_Day2_pt6,10.746703,11.555652,0.808949,W,unknown,unknown
20211121_065832_192.wav,Raw_Recordings_Day2_pt6,11.668155,12.364601,0.696446,W,unknown,unknown
20211121_065832_192.wav,Raw_Recordings_Day2_pt6,12.568178,13.007474,0.439296,W,unknown,unknown
20211121_065832_192.wav,Raw_Recordings_Day2_pt6,13.500344,14.02,0.519656,W,unknown,unknown
20211121_065832_192.wav,Raw_Recordings_Day2_pt6,14.100359,14.823592,0.723233,W,unknown,unknown
20211121_065832_192.wav,Raw_Recordings_Day2_pt6,15.203959,16.773642,1.569683,W,unknown,unknown
20211121_065832_192.wav,Raw_Recordings_Day2_pt6,16.99329,17.293298,0.300008,W,unknown,unknown
20211121_065832_192.wav,Raw_Recordings_Day2_pt6,18.546901,18.873695,0.326794,W,unknown,unknown
20211121_065832_192.wav,Raw_Recordings_Day2_pt6,19.248705,19.78979,0.541085,W,unknown,unknown
20211121_065832_192.wav,Raw_Recordings_Day2_pt6,20.111227,20.496951,0.385724,W,unknown,unknown
20211121_065832_192.wav,Raw_Recordings_Day2_pt6,20.898747,21.359473,0.460726,W,unknown,unknown
20211121_065832_192.wav,Raw_Recordings_Day2_pt6,21.38626,23.545243,2.158983,W,unknown,unknown
20211121_065832_192.wav,Raw_Recordings_Day2_pt6,24.568484,25.404219,0.835735,W,unknown,unknown
20211121_065832_192.wav,Raw_Recordings_Day2_pt6,25.50065,26.234597,0.733947,W,unknown,unknown
20211121_065832_192.wav,Raw_Recordings_Day2_pt6,26.314957,27.070333,0.755376,W,unknown,unknown
20211121_065832_192.wav,Raw_Recordings_Day2_pt6,29.165029,29.968621,0.803592,W,unknown,unknown
20211121_065832_192.wav,Raw_Recordings_Day2_pt6,31.554376,32.438327,0.883951,W,unknown,unknown
20211121_065832_192.wav,Raw_Recordings_Day2_pt6,32.438327,33.911579,1.473252,W,unknown,unknown
20211121_065832_192.wav,Raw_Recordings_Day2_pt6,35.025893,35.845557,0.819664,W,unknown,unknown
20211121_065832_192.wav,Raw_Recordings_Day2_pt6,36.097349,37.940253,1.842904,W,unknown,unknown
20211121_065832_192.wav,Raw_Recordings_Day2_pt6,38.149187,39.220643,1.071456,W,unknown,unknown
20211121_065832_192.wav,Raw_Recordings_Day2_pt6,39.338503,40.029592,0.691089,W,unknown,unknown
20211121_065832_192.wav,Raw_Recordings_Day2_pt6,40.152809,40.838541,0.685732,W,unknown,unknown
20211121_065832_192.wav,Raw_Recordings_Day2_pt6,40.97783,41.711778,0.733948,W,unknown,unknown
20211121_065832_192.wav,Raw_Recordings_Day2_pt6,41.818923,42.579657,0.760734,W,unknown,unknown
20211121_065832_192.wav,Raw_Recordings_Day2_pt6,43.072527,43.377892,0.305365,W,unknown,unknown
20211121_065832_192.wav,Raw_Recordings_Day2_pt6,47.069057,47.401208,0.332151,W,unknown,unknown
20211121_065832_192.wav,Raw_Recordings_Day2_pt6,51.054873,52.887063,1.83219,W,unknown,unknown
20211121_065832_192.wav,Raw_Recordings_Day2_pt6,52.983494,53.508507,0.525013,W,unknown,unknown
20211121_065832_192.wav,Raw_Recordings_Day2_pt6,53.637082,54.065664,0.428582,W,unknown,unknown
20211121_065832_192.wav,Raw_Recordings_Day2_pt6,54.440674,54.778182,0.337508,W,unknown,unknown
20211121_065832_192.wav,Raw_Recordings_Day2_pt6,59.342584,60.719405,1.376821,W,unknown,unknown
20211121_065832_192.wav,Raw_Recordings_Day2_pt6,63.376616,64.630219,1.253603,W,unknown,unknown
20211121_065832_192.wav,Raw_Recordings_Day2_pt6,67.764228,69.162478,1.39825,W,unknown,unknown
20211121_065832_192.wav,Raw_Recordings_Day2_pt6,69.467843,70.839306,1.371463,W,unknown,unknown
20211121_065832_192.wav,Raw_Recordings_Day2_pt6,71.267888,72.832214,1.564326,W,unknown,unknown
20211121_065832_192.wav,Raw_Recordings_Day2_pt6,114.731497,115.052933,0.321436,W,unknown,unknown
20211121_065832_192.wav,Raw_Recordings_Day2_pt6,124.658535,125.092475,0.43394,W,unknown,unknown
20211121_070333_192.wav,Raw_Recordings_Day2_pt6,14.17731,15.029604,0.852294,W,unknown,unknown
20211121_070333_192.wav,Raw_Recordings_Day2_pt6,191.13312,191.995155,0.862035,W,unknown,unknown
20211121_070834_192.wav,Raw_Recordings_Day2_pt6,253.999333,256.254748,2.255415,NOISE,unknown,unknown
20211121_071334_192.wav,Raw_Recordings_Day2_pt6,66.392764,66.548125,0.155361,W,unknown,unknown
20211121_071334_192.wav,Raw_Recordings_Day2_pt6,68.305313,68.524961,0.219648,W,unknown,unknown
20211121_071334_192.wav,Raw_Recordings_Day2_pt6,72.076838,72.2697,0.192862,W,unknown,unknown
20211121_071334_192.wav,Raw_Recordings_Day2_pt6,88.620117,89.61657,0.996453,W,unknown,unknown
20211121_071334_192.wav,Raw_Recordings_Day2_pt6,91.218397,92.530931,1.312534,W,unknown,unknown
20211121_071334_192.wav,Raw_Recordings_Day2_pt6,93.789891,94.813132,1.023241,W,unknown,unknown
20211121_071334_192.wav,Raw_Recordings_Day2_pt6,102.886552,103.390136,0.503584,W,unknown,unknown
20211121_071334_192.wav,Raw_Recordings_Day2_pt6,105.581263,105.849127,0.267864,W,unknown,unknown
20211121_071334_192.wav,Raw_Recordings_Day2_pt6,297.441512,297.934382,0.49287,W,unknown,unknown
20211121_071334_192.wav,Raw_Recordings_Day2_pt6,298.491539,298.796904,0.305365,W,unknown,unknown
20211121_071835_192.wav,Raw_Recordings_Day2_pt6,1.982193,2.464349,0.482156,W,unknown,unknown
20211121_071835_192.wav,Raw_Recordings_Day2_pt6,11.196714,11.411005,0.214291,W,unknown,unknown
20211121_071835_192.wav,Raw_Recordings_Day2_pt6,12.336353,13.125335,0.788982,W,unknown,unknown
20211121_071835_192.wav,Raw_Recordings_Day2_pt6,13.656192,13.919186,0.262994,W,unknown,unknown
20211121_071835_192.wav,Raw_Recordings_Day2_pt6,14.742259,15.063696,0.321437,W,unknown,unknown
20211121_071835_192.wav,Raw_Recordings_Day2_pt6,15.842936,16.354313,0.511377,W,unknown,unknown
20211121_071835_192.wav,Raw_Recordings_Day2_pt6,17.854351,18.346247,0.491896,W,unknown,unknown
20211121_071835_192.wav,Raw_Recordings_Day2_pt6,19.782972,19.968042,0.18507,W,unknown,unknown
20211121_071835_192.wav,Raw_Recordings_Day2_pt6,32.820642,33.083636,0.262994,W,unknown,unknown
20211121_071835_192.wav,Raw_Recordings_Day2_pt6,34.31094,34.598285,0.287345,W,unknown,unknown
20211121_071835_192.wav,Raw_Recordings_Day2_pt6,37.208741,37.549659,0.340918,W,unknown,unknown
20211121_071835_192.wav,Raw_Recordings_Day2_pt6,44.411847,44.689451,0.277604,W,unknown,unknown
20211121_071835_192.wav,Raw_Recordings_Day2_pt6,44.976796,45.259271,0.282475,W,unknown,unknown
20211121_071835_192.wav,Raw_Recordings_Day2_pt6,45.366416,45.648891,0.282475,W,unknown,unknown
20211121_071835_192.wav,Raw_Recordings_Day2_pt6,50.538626,51.663655,1.125029,W,unknown,unknown
20211121_071835_192.wav,Raw_Recordings_Day2_pt6,54.376386,54.83419,0.457804,W,unknown,unknown
20211121_071835_192.wav,Raw_Recordings_Day2_pt6,56.587482,56.811513,0.224031,W,unknown,unknown
20211121_071835_192.wav,Raw_Recordings_Day2_pt6,58.107001,58.452789,0.345788,W,unknown,unknown
20211121_071835_192.wav,Raw_Recordings_Day2_pt6,88.448684,88.794472,0.345788,W,unknown,unknown
20211121_071835_192.wav,Raw_Recordings_Day2_pt6,89.198703,89.690598,0.491895,W,unknown,unknown
20211121_071835_192.wav,Raw_Recordings_Day2_pt6,90.421136,90.796146,0.37501,W,unknown,unknown
20211121_071835_192.wav,Raw_Recordings_Day2_pt6,94.336821,95.369315,1.032494,W,unknown,unknown
20211121_071835_192.wav,Raw_Recordings_Day2_pt6,95.651789,96.328755,0.676966,W,unknown,unknown
20211121_071835_192.wav,Raw_Recordings_Day2_pt6,96.713505,97.059293,0.345788,W,unknown,unknown
20211121_071835_192.wav,Raw_Recordings_Day2_pt6,102.489626,103.565952,1.076326,W,unknown,unknown
20211121_071835_192.wav,Raw_Recordings_Day2_pt6,104.014015,104.335452,0.321437,W,unknown,unknown
20211121_071835_192.wav,Raw_Recordings_Day2_pt6,105.811139,106.098484,0.287345,W,unknown,unknown
20211121_071835_192.wav,Raw_Recordings_Day2_pt6,106.945908,107.632614,0.686706,W,unknown,unknown
20211121_071835_192.wav,Raw_Recordings_Day2_pt6,112.010973,112.692808,0.681835,W,unknown,unknown
20211121_071835_192.wav,Raw_Recordings_Day2_pt6,112.970413,113.798356,0.827943,W,unknown,unknown
20211121_071835_192.wav,Raw_Recordings_Day2_pt6,118.67835,119.262781,0.584431,W,unknown,unknown
20211121_071835_192.wav,Raw_Recordings_Day2_pt6,177.213934,177.681478,0.467544,W,unknown,unknown
20211121_071835_192.wav,Raw_Recordings_Day2_pt6,235.481653,235.705685,0.224032,W,unknown,unknown
20211121_072335_192.wav,Raw_Recordings_Day2_pt6,54.426602,54.696655,0.270053,W,unknown,unknown
20211121_072335_192.wav,Raw_Recordings_Day2_pt6,66.20634,66.935484,0.729144,W,unknown,unknown
20211121_072335_192.wav,Raw_Recordings_Day2_pt6,70.251742,70.505593,0.253851,W,unknown,unknown
20211121_072335_192.wav,Raw_Recordings_Day2_pt6,79.077094,79.363351,0.286257,W,unknown,unknown
20211121_072335_192.wav,Raw_Recordings_Day2_pt6,83.057684,84.024476,0.966792,W,unknown,unknown
20211121_072335_192.wav,Raw_Recordings_Day2_pt6,100.513948,100.648975,0.135027,W,unknown,unknown
20211121_072335_192.wav,Raw_Recordings_Day2_pt6,101.885821,102.026249,0.140428,W,unknown,unknown
20211121_072335_192.wav,Raw_Recordings_Day2_pt6,102.722987,102.89042,0.167433,W,unknown,unknown
20211121_072335_192.wav,Raw_Recordings_Day2_pt6,104.116463,104.424324,0.307861,W,unknown,unknown
20211121_072335_192.wav,Raw_Recordings_Day2_pt6,104.521544,104.861811,0.340267,W,unknown,unknown
20211121_072335_192.wav,Raw_Recordings_Day2_pt6,105.866411,106.120261,0.25385,W,unknown,unknown
20211121_072335_192.wav,Raw_Recordings_Day2_pt6,106.692775,106.784593,0.091818,W,unknown,unknown
20211121_072335_192.wav,Raw_Recordings_Day2_pt6,106.827801,107.205876,0.378075,W,unknown,unknown
20211121_072335_192.wav,Raw_Recordings_Day2_pt6,108.356305,108.788391,0.432086,W,unknown,unknown
20211121_072335_192.wav,Raw_Recordings_Day2_pt6,109.506733,109.755182,0.248449,W,unknown,unknown
20211121_072335_192.wav,Raw_Recordings_Day2_pt6,111.116253,111.748178,0.631925,W,unknown,unknown
20211121_072335_192.wav,Raw_Recordings_Day2_pt6,119.433903,120.206257,0.772354,W,unknown,unknown
20211121_072335_192.wav,Raw_Recordings_Day2_pt6,121.799573,122.512514,0.712941,W,unknown,unknown
20211121_072335_192.wav,Raw_Recordings_Day2_pt6,125.337275,126.104227,0.766952,W,unknown,unknown
20211121_072335_192.wav,Raw_Recordings_Day2_pt6,127.141233,127.513907,0.372674,W,unknown,unknown
20211121_072335_192.wav,Raw_Recordings_Day2_pt6,130.144229,131.0084,0.864171,W,unknown,unknown
20211121_072335_192.wav,Raw_Recordings_Day2_pt6,131.705139,132.299257,0.594118,W,unknown,unknown
20211121_072335_192.wav,Raw_Recordings_Day2_pt6,137.91097,138.321452,0.410482,W,unknown,unknown
20211121_072335_192.wav,Raw_Recordings_Day2_pt6,138.964179,139.731132,0.766953,W,unknown,unknown
20211121_072335_192.wav,Raw_Recordings_Day2_pt6,140.395463,141.53509,1.139627,W,unknown,unknown
20211121_072335_192.wav,Raw_Recordings_Day2_pt6,143.792738,144.268032,0.475294,W,unknown,unknown
20211121_072335_192.wav,Raw_Recordings_Day2_pt6,144.565091,144.872952,0.307861,W,unknown,unknown
20211121_072335_192.wav,Raw_Recordings_Day2_pt6,145.332043,145.715519,0.383476,W,unknown,unknown
20211121_072335_192.wav,Raw_Recordings_Day2_pt6,146.752525,147.173809,0.421284,W,unknown,unknown
20211121_072335_192.wav,Raw_Recordings_Day2_pt6,149.150601,149.642099,0.491498,W,unknown,unknown
20211121_072335_192.wav,Raw_Recordings_Day2_pt6,149.75012,150.349639,0.599519,W,unknown,unknown
20211121_072335_192.wav,Raw_Recordings_Day2_pt6,150.587286,150.916751,0.329465,W,unknown,unknown
20211121_072335_192.wav,Raw_Recordings_Day2_pt6,152.126592,152.412848,0.286256,W,unknown,unknown
20211121_072335_192.wav,Raw_Recordings_Day2_pt6,152.645095,152.952956,0.307861,W,unknown,unknown
20211121_072335_192.wav,Raw_Recordings_Day2_pt6,153.395844,153.649694,0.25385,W,unknown,unknown
20211121_072335_192.wav,Raw_Recordings_Day2_pt6,154.665095,154.94055,0.275455,W,unknown,unknown
20211121_072335_192.wav,Raw_Recordings_Day2_pt6,155.1944,155.486058,0.291658,W,unknown,unknown
20211121_072335_192.wav,Raw_Recordings_Day2_pt6,158.737504,159.169589,0.432085,W,unknown,unknown
20211121_072335_192.wav,Raw_Recordings_Day2_pt6,161.551462,162.167184,0.615722,W,unknown,unknown
20211121_072335_192.wav,Raw_Recordings_Day2_pt6,163.414832,163.641677,0.226845,W,unknown,unknown
20211121_072335_192.wav,Raw_Recordings_Day2_pt6,165.299806,165.580662,0.280856,W,unknown,unknown
20211121_072335_192.wav,Raw_Recordings_Day2_pt6,168.011144,168.275797,0.264653,W,unknown,unknown
20211121_072335_192.wav,Raw_Recordings_Day2_pt6,171.278793,171.656868,0.378075,W,unknown,unknown
20211121_072335_192.wav,Raw_Recordings_Day2_pt6,172.315798,172.558847,0.243049,W,unknown,unknown
20211121_072335_192.wav,Raw_Recordings_Day2_pt6,173.158366,173.703874,0.545508,W,unknown,unknown
20211121_072335_192.wav,Raw_Recordings_Day2_pt6,174.929917,175.3458,0.415883,W,unknown,unknown
20211121_072335_192.wav,Raw_Recordings_Day2_pt6,175.664463,176.10195,0.437487,W,unknown,unknown
20211121_072335_192.wav,Raw_Recordings_Day2_pt6,176.226174,176.474624,0.24845,W,unknown,unknown
20211121_072335_192.wav,Raw_Recordings_Day2_pt6,181.281578,181.64345,0.361872,W,unknown,unknown
20211121_072335_192.wav,Raw_Recordings_Day2_pt6,181.972915,182.291578,0.318663,W,unknown,unknown
20211121_072335_192.wav,Raw_Recordings_Day2_pt6,186.207355,186.644842,0.437487,W,unknown,unknown
20211121_072335_192.wav,Raw_Recordings_Day2_pt6,188.270565,188.54602,0.275455,W,unknown,unknown
20211121_072335_192.wav,Raw_Recordings_Day2_pt6,189.728854,190.430994,0.70214,W,unknown,unknown
20211121_072335_192.wav,Raw_Recordings_Day2_pt6,190.533614,190.879283,0.345669,W,unknown,unknown
20211121_072335_192.wav,Raw_Recordings_Day2_pt6,194.006503,195.021905,1.015402,W,unknown,unknown
20211121_072335_192.wav,Raw_Recordings_Day2_pt6,226.704593,226.926037,0.221444,W,unknown,unknown
20211121_072335_192.wav,Raw_Recordings_Day2_pt6,228.130476,228.346518,0.216042,W,unknown,unknown
20211121_072335_192.wav,Raw_Recordings_Day2_pt6,232.575558,232.975237,0.399679,W,unknown,unknown
20211121_072335_192.wav,Raw_Recordings_Day2_pt6,278.733118,280.00237,1.269252,W,unknown,unknown
20211121_072335_192.wav,Raw_Recordings_Day2_pt6,280.520873,281.860339,1.339466,W,unknown,unknown
20211121_072335_192.wav,Raw_Recordings_Day2_pt6,283.140393,283.772318,0.631925,W,unknown,unknown
20211121_072335_192.wav,Raw_Recordings_Day2_pt6,284.582479,286.391838,1.809359,W,unknown,unknown
20211121_072335_192.wav,Raw_Recordings_Day2_pt6,286.958951,288.390235,1.431284,W,unknown,unknown
20211121_072335_192.wav,Raw_Recordings_Day2_pt6,289.643284,291.166386,1.523102,W,unknown,unknown
20211121_072335_192.wav,Raw_Recordings_Day2_pt6,291.711894,293.15398,1.442086,W,unknown,unknown
20211121_072335_192.wav,Raw_Recordings_Day2_pt6,293.823713,295.454837,1.631124,W,unknown,unknown
20211121_072335_192.wav,Raw_Recordings_Day2_pt6,296.092164,297.539651,1.447487,W,unknown,unknown
20211121_072335_192.wav,Raw_Recordings_Day2_pt6,298.263394,299.597459,1.334065,W,unknown,unknown
20211121_072836_192.wav,Raw_Recordings_Day2_pt6,0.066235,1.966365,1.90013,W,unknown,unknown
20211121_072836_192.wav,Raw_Recordings_Day2_pt6,2.119535,3.133765,1.01423,W,unknown,unknown
20211121_072836_192.wav,Raw_Recordings_Day2_pt6,52.31773,52.665466,0.347736,W,unknown,unknown
20211121_072836_192.wav,Raw_Recordings_Day2_pt6,106.444516,106.920583,0.476067,W,unknown,unknown
20211121_072836_192.wav,Raw_Recordings_Day2_pt6,107.189665,107.959652,0.769987,W,unknown,unknown
20211121_072836_192.wav,Raw_Recordings_Day2_pt6,151.877898,152.461598,0.5837,W,unknown,unknown
20211121_072836_192.wav,Raw_Recordings_Day2_pt6,158.799503,159.470137,0.670634,W,unknown,unknown
20211121_072836_192.wav,Raw_Recordings_Day2_pt6,298.245834,298.916468,0.670634,W,unknown,unknown
20211121_073336_192.wav,Raw_Recordings_Day2_pt7,4.599468,4.903372,0.303904,W,unknown,unknown
20211121_073336_192.wav,Raw_Recordings_Day2_pt7,8.024231,8.485931,0.4617,W,unknown,unknown
20211121_073336_192.wav,Raw_Recordings_Day2_pt7,111.684666,112.578844,0.894178,W,unknown,unknown
20211121_073336_192.wav,Raw_Recordings_Day2_pt7,113.145742,114.349669,1.203927,W,unknown,unknown
20211121_073336_192.wav,Raw_Recordings_Day2_pt7,154.114319,154.576019,0.4617,W,unknown,unknown
20211121_073336_192.wav,Raw_Recordings_Day2_pt7,155.177982,155.552018,0.374036,W,unknown,unknown
20211121_073336_192.wav,Raw_Recordings_Day2_pt7,163.921062,164.113924,0.192862,W,unknown,unknown
20211121_073336_192.wav,Raw_Recordings_Day2_pt7,194.656261,195.240692,0.584431,W,unknown,unknown
20211121_073336_192.wav,Raw_Recordings_Day2_pt7,220.365359,221.312136,0.946777,W,unknown,unknown
20211121_073837_192.wav,Raw_Recordings_Day2_pt7,202.937641,203.2883,0.350659,W,unknown,unknown
20211121_073837_192.wav,Raw_Recordings_Day2_pt7,231.311741,232.094878,0.783137,W,unknown,unknown
20211121_073837_192.wav,Raw_Recordings_Day2_pt7,269.650381,270.608847,0.958466,W,unknown,unknown
20211121_073837_192.wav,Raw_Recordings_Day2_pt7,294.71076,295.242592,0.531832,W,unknown,unknown
20211121_073837_192.wav,Raw_Recordings_Day2_pt7,298.755019,298.953726,0.198707,W,unknown,unknown
20211121_074338_192.wav,Raw_Recordings_Day2_pt7,13.447745,13.886068,0.438323,W,unknown,unknown
20211121_074338_192.wav,Raw_Recordings_Day2_pt7,131.461793,132.227397,0.765604,W,unknown,unknown
20211121_074338_192.wav,Raw_Recordings_Day2_pt7,140.263316,141.683482,1.420166,W,unknown,unknown
20211121_074338_192.wav,Raw_Recordings_Day2_pt7,148.644049,148.971331,0.327282,W,unknown,unknown
20211121_074338_192.wav,Raw_Recordings_Day2_pt7,164.224966,164.634067,0.409101,W,unknown,unknown
20211121_074338_192.wav,Raw_Recordings_Day2_pt7,165.054857,165.399671,0.344814,W,unknown,unknown
20211121_074338_192.wav,Raw_Recordings_Day2_pt7,171.834251,172.693364,0.859113,W,unknown,unknown
20211121_074338_192.wav,Raw_Recordings_Day2_pt7,173.014801,174.03171,1.016909,W,unknown,unknown
20211121_074338_192.wav,Raw_Recordings_Day2_pt7,174.610296,175.621361,1.011065,W,unknown,unknown
20211121_074338_192.wav,Raw_Recordings_Day2_pt7,176.264234,177.707777,1.443543,W,unknown,unknown
20211121_074338_192.wav,Raw_Recordings_Day2_pt7,178.268831,178.601956,0.333125,W,unknown,unknown
20211121_074338_192.wav,Raw_Recordings_Day2_pt7,194.70886,195.334201,0.625341,W,unknown,unknown
20211121_074838_192.wav,Raw_Recordings_Day2_pt7,147.524865,147.664885,0.14002,W,unknown,unknown
20211121_074838_192.wav,Raw_Recordings_Day2_pt7,256.113023,256.37626,0.263237,W,unknown,unknown
20211121_075339_192.wav,Raw_Recordings_Day2_pt7,38.006975,38.701474,0.694499,W,unknown,unknown
20211121_075339_192.wav,Raw_Recordings_Day2_pt7,38.701474,39.418375,0.716901,W,unknown,unknown
20211121_075339_192.wav,Raw_Recordings_Day2_pt7,42.930072,43.490151,0.560079,W,unknown,unknown
20211121_075339_192.wav,Raw_Recordings_Day2_pt7,83.463005,83.972677,0.509672,W,unknown,unknown
20211121_075339_192.wav,Raw_Recordings_Day2_pt7,88.251682,88.531721,0.280039,W,unknown,unknown
20211121_075339_192.wav,Raw_Recordings_Day2_pt7,124.404795,125.043285,0.63849,W,unknown,unknown
20211121_075339_192.wav,Raw_Recordings_Day2_pt7,125.933811,126.622709,0.688898,W,unknown,unknown
20211121_075339_192.wav,Raw_Recordings_Day2_pt7,155.449986,156.480532,1.030546,W,unknown,unknown
20211121_075339_192.wav,Raw_Recordings_Day2_pt7,182.148962,182.552219,0.403257,W,unknown,unknown
20211121_075339_192.wav,Raw_Recordings_Day2_pt7,182.849061,183.481951,0.63289,W,unknown,unknown
20211121_075339_192.wav,Raw_Recordings_Day2_pt7,193.064906,193.927428,0.862522,W,unknown,unknown
20211121_075339_192.wav,Raw_Recordings_Day2_pt7,204.501724,205.028198,0.526474,W,unknown,unknown
20211121_075339_192.wav,Raw_Recordings_Day2_pt7,216.784261,217.585174,0.800913,W,unknown,unknown
20211121_075339_192.wav,Raw_Recordings_Day2_pt7,217.585174,218.089245,0.504071,W,unknown,unknown
20211121_075339_192.wav,Raw_Recordings_Day2_pt7,218.279672,218.873356,0.593684,W,unknown,unknown
20211121_075339_192.wav,Raw_Recordings_Day2_pt7,236.583061,237.523994,0.940933,W,unknown,unknown
20211121_075339_192.wav,Raw_Recordings_Day2_pt7,278.92505,279.821176,0.896126,W,unknown,unknown
20211121_075339_192.wav,Raw_Recordings_Day2_pt7,280.409259,281.938276,1.529017,W,unknown,unknown
20211121_075339_192.wav,Raw_Recordings_Day2_pt7,295.391378,296.242699,0.851321,W,unknown,unknown
20211121_075839_192.wav,Raw_Recordings_Day2_pt7,2.884408,3.825341,0.940933,W,unknown,unknown
20211121_075839_192.wav,Raw_Recordings_Day2_pt7,4.402223,4.900693,0.49847,W,unknown,unknown
20211121_075839_192.wav,Raw_Recordings_Day2_pt7,7.163413,8.037137,0.873724,W,unknown,unknown
20211121_075839_192.wav,Raw_Recordings_Day2_pt7,13.201067,13.587522,0.386455,W,unknown,unknown
20211121_075839_192.wav,Raw_Recordings_Day2_pt7,22.464777,23.629742,1.164965,W,unknown,unknown
20211121_075839_192.wav,Raw_Recordings_Day2_pt7,24.374647,25.181161,0.806514,W,unknown,unknown
20211121_075839_192.wav,Raw_Recordings_Day2_pt7,26.637367,27.527893,0.890526,W,unknown,unknown
20211121_075839_192.wav,Raw_Recordings_Day2_pt7,28.726463,29.112918,0.386455,W,unknown,unknown
20211121_075839_192.wav,Raw_Recordings_Day2_pt7,30.266681,31.218815,0.952134,W,unknown,unknown
20211121_075839_192.wav,Raw_Recordings_Day2_pt7,31.924515,33.873591,1.949076,W,unknown,unknown
20211121_075839_192.wav,Raw_Recordings_Day2_pt7,35.91788,36.814007,0.896127,W,unknown,unknown
20211121_075839_192.wav,Raw_Recordings_Day2_pt7,38.477442,39.978454,1.501012,W,unknown,unknown
20211121_075839_192.wav,Raw_Recordings_Day2_pt7,42.946874,43.725384,0.77851,W,unknown,unknown
20211121_075839_192.wav,Raw_Recordings_Day2_pt7,61.731931,62.2192,0.487269,W,unknown,unknown
20211121_075839_192.wav,Raw_Recordings_Day2_pt7,169.216733,169.788014,0.571281,W,unknown,unknown
20211121_075839_192.wav,Raw_Recordings_Day2_pt7,182.496211,183.778793,1.282582,W,unknown,unknown
20211121_075839_192.wav,Raw_Recordings_Day2_pt7,186.147928,186.999248,0.85132,W,unknown,unknown
20211121_075839_192.wav,Raw_Recordings_Day2_pt7,196.139741,197.427923,1.288182,W,unknown,unknown
20211121_075839_192.wav,Raw_Recordings_Day2_pt7,208.125436,208.36627,0.240834,W,unknown,unknown
20211121_075839_192.wav,Raw_Recordings_Day2_pt7,209.492029,210.881026,1.388997,W,unknown,unknown
20211121_075839_192.wav,Raw_Recordings_Day2_pt7,216.353,217.092304,0.739304,W,unknown,unknown
20211121_075839_192.wav,Raw_Recordings_Day2_pt7,217.215522,217.478759,0.263237,W,unknown,unknown
20211121_075839_192.wav,Raw_Recordings_Day2_pt7,229.167612,229.447652,0.28004,W,unknown,unknown
20211121_075839_192.wav,Raw_Recordings_Day2_pt7,233.3234,234.633985,1.310585,W,unknown,unknown
20211121_075839_192.wav,Raw_Recordings_Day2_pt7,237.84884,238.218492,0.369652,W,unknown,unknown
20211121_075839_192.wav,Raw_Recordings_Day2_pt7,246.485261,246.776503,0.291242,W,unknown,unknown
20211121_075839_192.wav,Raw_Recordings_Day2_pt7,247.118151,247.482202,0.364051,W,unknown,unknown
20211121_075839_192.wav,Raw_Recordings_Day2_pt7,248.109491,248.501547,0.392056,W,unknown,unknown
20211121_075839_192.wav,Raw_Recordings_Day2_pt7,248.888001,249.246452,0.358451,W,unknown,unknown
20211121_075839_192.wav,Raw_Recordings_Day2_pt7,249.543294,250.445021,0.901727,W,unknown,unknown
20211121_075839_192.wav,Raw_Recordings_Day2_pt7,251.201128,251.615587,0.414459,W,unknown,unknown
20211121_075839_192.wav,Raw_Recordings_Day2_pt7,251.834018,252.13086,0.296842,W,unknown,unknown
20211121_075839_192.wav,Raw_Recordings_Day2_pt7,252.405299,252.707742,0.302443,W,unknown,unknown
20211121_075839_192.wav,Raw_Recordings_Day2_pt7,253.396639,253.710283,0.313644,W,unknown,unknown
20211121_075839_192.wav,Raw_Recordings_Day2_pt7,254.197552,254.584007,0.386455,W,unknown,unknown
20211121_075839_192.wav,Raw_Recordings_Day2_pt7,255.513738,255.827383,0.313645,W,unknown,unknown
20211121_075839_192.wav,Raw_Recordings_Day2_pt7,258.319735,258.577372,0.257637,W,unknown,unknown
20211121_075839_192.wav,Raw_Recordings_Day2_pt7,260.291214,260.700072,0.408858,W,unknown,unknown
20211121_075839_192.wav,Raw_Recordings_Day2_pt7,260.851293,261.092127,0.240834,W,unknown,unknown
20211121_075839_192.wav,Raw_Recordings_Day2_pt7,261.243349,262.542733,1.299384,W,unknown,unknown
20211121_080340_192.wav,Raw_Recordings_Day2_pt7,20.870013,21.296647,0.426634,W,unknown,unknown
20211121_080340_192.wav,Raw_Recordings_Day2_pt7,21.8577,22.173293,0.315593,W,unknown,unknown
20211121_080340_192.wav,Raw_Recordings_Day2_pt7,23.219423,23.651902,0.432479,W,unknown,unknown
20211121_080340_192.wav,Raw_Recordings_Day2_pt7,24.107757,24.528547,0.42079,W,unknown,unknown
20211121_080340_192.wav,Raw_Recordings_Day2_pt7,293.647097,293.904246,0.257149,W,unknown,unknown
20211121_080841_192.wav,Raw_Recordings_Day2_pt7,75.736346,75.929209,0.192863,W,unknown,unknown
20211121_080841_192.wav,Raw_Recordings_Day2_pt7,79.120199,79.40657,0.286371,W,unknown,unknown
20211121_080841_192.wav,Raw_Recordings_Day2_pt7,123.992772,124.431094,0.438322,W,unknown,unknown
20211121_080841_192.wav,Raw_Recordings_Day2_pt7,257.383185,257.874107,0.490922,W,unknown,unknown
20211121_080841_192.wav,Raw_Recordings_Day2_pt7,297.381608,298.205655,0.824047,W,unknown,unknown
20211121_081341_192.wav,Raw_Recordings_Day2_pt7,8.810046,9.795785,0.985739,W,unknown,unknown
20211121_081341_192.wav,Raw_Recordings_Day2_pt7,11.3136,12.086509,0.772909,W,unknown,unknown
20211121_081341_192.wav,Raw_Recordings_Day2_pt7,62.056777,62.325615,0.268838,W,unknown,unknown
20211121_081341_192.wav,Raw_Recordings_Day2_pt7,89.500658,89.993528,0.49287,W,unknown,unknown
20211121_081341_192.wav,Raw_Recordings_Day2_pt7,92.250647,93.062762,0.812115,W,unknown,unknown
20211121_081341_192.wav,Raw_Recordings_Day2_pt7,99.828519,100.567824,0.739305,W,unknown,unknown
20211121_081341_192.wav,Raw_Recordings_Day2_pt7,104.241943,105.031655,0.789712,W,unknown,unknown
20211121_081341_192.wav,Raw_Recordings_Day2_pt7,105.84377,106.611078,0.767308,W,unknown,unknown
20211121_081341_192.wav,Raw_Recordings_Day2_pt7,115.118682,115.359516,0.240834,W,unknown,unknown
20211121_081341_192.wav,Raw_Recordings_Day2_pt7,115.897192,116.950141,1.052949,W,unknown,unknown
20211121_081341_192.wav,Raw_Recordings_Day2_pt7,117.44301,118.243924,0.800914,W,unknown,unknown
20211121_081341_192.wav,Raw_Recordings_Day2_pt7,122.847775,123.262233,0.414458,W,unknown,unknown
20211121_081341_192.wav,Raw_Recordings_Day2_pt7,131.019331,131.949062,0.929731,W,unknown,unknown
20211121_081341_192.wav,Raw_Recordings_Day2_pt7,140.081412,140.798314,0.716902,W,unknown,unknown
20211121_081341_192.wav,Raw_Recordings_Day2_pt7,145.178133,146.449513,1.27138,W,unknown,unknown
20211121_081341_192.wav,Raw_Recordings_Day2_pt7,195.803693,196.279761,0.476068,W,unknown,unknown
20211121_081341_192.wav,Raw_Recordings_Day2_pt7,205.341842,205.851514,0.509672,W,unknown,unknown
20211121_081341_192.wav,Raw_Recordings_Day2_pt7,208.444681,208.903946,0.459265,W,unknown,unknown
20211121_081341_192.wav,Raw_Recordings_Day2_pt7,252.965378,253.54226,0.576882,W,unknown,unknown
20211121_081341_192.wav,Raw_Recordings_Day2_pt7,261.568195,262.307499,0.739304,W,unknown,unknown
20211121_081341_192.wav,Raw_Recordings_Day2_pt7,262.80597,263.382851,0.576881,W,unknown,unknown
20211121_081341_192.wav,Raw_Recordings_Day2_pt7,268.440367,268.96124,0.520873,W,unknown,unknown
20211121_081341_192.wav,Raw_Recordings_Day2_pt7,270.042193,270.607873,0.56568,W,unknown,unknown
20211121_081341_192.wav,Raw_Recordings_Day2_pt7,292.848619,293.358291,0.509672,W,unknown,unknown
20211121_081842_192.wav,Raw_Recordings_Day2_pt7,32.361377,34.406153,2.044776,W,unknown,unknown
20211121_081842_192.wav,Raw_Recordings_Day2_pt7,38.377358,38.7061,0.328742,W',unknown,unknown
20211121_081842_192.wav,Raw_Recordings_Day2_pt7,47.976629,48.515766,0.539137,W,unknown,unknown
20211121_081842_192.wav,Raw_Recordings_Day2_pt7,54.63037,55.182657,0.552287,W,unknown,unknown
20211121_081842_192.wav,Raw_Recordings_Day2_pt7,59.824496,60.389933,0.565437,W,unknown,unknown
20211121_081842_192.wav,Raw_Recordings_Day2_pt7,75.992035,76.715268,0.723233,W,unknown,unknown
20211121_081842_192.wav,Raw_Recordings_Day2_pt7,78.142008,78.766619,0.624611,W,unknown,unknown
20211121_081842_192.wav,Raw_Recordings_Day2_pt7,79.470127,80.075012,0.604885,W,unknown,unknown
20211121_081842_192.wav,Raw_Recordings_Day2_pt7,81.061239,81.587226,0.525987,W,unknown,unknown
20211121_081842_192.wav,Raw_Recordings_Day2_pt7,82.24471,82.88247,0.63776,W,unknown,unknown
20211121_081842_192.wav,Raw_Recordings_Day2_pt7,83.618853,84.263187,0.644334,W,unknown,unknown
20211121_081842_192.wav,Raw_Recordings_Day2_pt7,89.115421,89.582235,0.466814,W,unknown,unknown
20211121_081842_192.wav,Raw_Recordings_Day2_pt7,97.169604,97.642993,0.473389,W,unknown,unknown
20211121_081842_192.wav,Raw_Recordings_Day2_pt7,98.313627,99.056584,0.742957,W,unknown,unknown
20211121_081842_192.wav,Raw_Recordings_Day2_pt7,99.786391,100.397852,0.611461,W,unknown,unknown
20211121_081842_192.wav,Raw_Recordings_Day2_pt7,106.35466,106.959545,0.604885,W,unknown,unknown
20211121_081842_192.wav,Raw_Recordings_Day2_pt7,107.60388,108.116717,0.512837,W,unknown,unknown
20211121_081842_192.wav,Raw_Recordings_Day2_pt7,108.899124,109.484285,0.585161,W,unknown,unknown
20211121_081842_192.wav,Raw_Recordings_Day2_pt7,110.010272,110.812403,0.802131,W,unknown,unknown
20211121_081842_192.wav,Raw_Recordings_Day2_pt7,111.292367,111.982725,0.690358,W,unknown,unknown
20211121_081842_192.wav,Raw_Recordings_Day2_pt7,112.883479,113.554113,0.670634,W,unknown,unknown
20211121_081842_192.wav,Raw_Recordings_Day2_pt7,114.053801,114.803333,0.749532,W,unknown,unknown
20211121_082342_192.wav,Raw_Recordings_Day2_pt7,1.445004,2.296325,0.851321,W,unknown,unknown
20211121_082342_192.wav,Raw_Recordings_Day2_pt7,4.855887,5.421567,0.56568,W,unknown,unknown
20211121_082342_192.wav,Raw_Recordings_Day2_pt7,5.987247,6.603334,0.616087,W,unknown,unknown
20211121_082342_192.wav,Raw_Recordings_Day2_pt7,7.096204,7.796303,0.700099,W,unknown,unknown
20211121_082342_192.wav,Raw_Recordings_Day2_pt7,8.261168,8.90526,0.644092,W,unknown,unknown
20211121_082342_192.wav,Raw_Recordings_Day2_pt7,9.420532,10.081426,0.660894,W,unknown,unknown
20211121_082342_192.wav,Raw_Recordings_Day2_pt7,11.347205,11.974494,0.627289,W,unknown,unknown
20211121_082342_192.wav,Raw_Recordings_Day2_pt7,30.989183,31.364436,0.375253,W,unknown,unknown
20211121_082342_192.wav,Raw_Recordings_Day2_pt7,32.210156,32.854247,0.644091,W,unknown,unknown
20211121_082342_192.wav,Raw_Recordings_Day2_pt7,33.223899,33.823184,0.599285,W,unknown,unknown
20211121_082342_192.wav,Raw_Recordings_Day2_pt7,34.260046,34.792121,0.532075,W,unknown,unknown
20211121_082342_192.wav,Raw_Recordings_Day2_pt7,35.262587,35.688248,0.425661,W,unknown,unknown
20211121_082342_192.wav,Raw_Recordings_Day2_pt7,36.584374,37.138853,0.554479,W,unknown,unknown
20211121_082342_192.wav,Raw_Recordings_Day2_pt7,44.240657,44.851143,0.610486,W,unknown,unknown
20211121_082342_192.wav,Raw_Recordings_Day2_pt7,45.433626,45.937697,0.504071,W,unknown,unknown
20211121_082342_192.wav,Raw_Recordings_Day2_pt7,46.609792,47.113864,0.504072,W,unknown,unknown
20211121_082342_192.wav,Raw_Recordings_Day2_pt7,47.612334,48.278828,0.666494,W,unknown,unknown
20211121_082342_192.wav,Raw_Recordings_Day2_pt7,51.594497,51.992153,0.397656,W,unknown,unknown
20211121_082342_192.wav,Raw_Recordings_Day2_pt7,52.619442,53.056304,0.436862,W,unknown,unknown
20211121_082342_192.wav,Raw_Recordings_Day2_pt7,53.582778,53.991636,0.408858,W,unknown,unknown
20211121_082342_192.wav,Raw_Recordings_Day2_pt7,54.574119,55.022182,0.448063,W,unknown,unknown
20211121_082342_192.wav,Raw_Recordings_Day2_pt7,56.226352,56.842439,0.616087,W,unknown,unknown
20211121_082342_192.wav,Raw_Recordings_Day2_pt7,57.240096,57.805776,0.56568,W,unknown,unknown
20211121_082342_192.wav,Raw_Recordings_Day2_pt7,58.237037,58.830721,0.593684,W,unknown,unknown
20211121_082342_192.wav,Raw_Recordings_Day2_pt7,60.404543,61.076638,0.672095,W,unknown,unknown
20211121_082342_192.wav,Raw_Recordings_Day2_pt7,61.832745,62.364821,0.532076,W,unknown,unknown
20211121_082342_192.wav,Raw_Recordings_Day2_pt7,62.99771,63.468177,0.470467,W,unknown,unknown
20211121_082342_192.wav,Raw_Recordings_Day2_pt7,64.252287,64.935584,0.683297,W,unknown,unknown
20211121_082342_192.wav,Raw_Recordings_Day2_pt7,65.417252,66.162158,0.744906,W,unknown,unknown
20211121_082342_192.wav,Raw_Recordings_Day2_pt7,66.554213,67.215107,0.660894,W,unknown,unknown
20211121_082342_192.wav,Raw_Recordings_Day2_pt7,69.612246,70.155522,0.543276,W,unknown,unknown
20211121_082342_192.wav,Raw_Recordings_Day2_pt7,70.77721,71.264479,0.487269,W,unknown,unknown
20211121_082342_192.wav,Raw_Recordings_Day2_pt7,72.379037,72.855104,0.476067,W,unknown,unknown
20211121_082342_192.wav,Raw_Recordings_Day2_pt7,73.5328,74.014468,0.481668,W,unknown,unknown
20211121_082342_192.wav,Raw_Recordings_Day2_pt7,75.554686,76.170773,0.616087,W,unknown,unknown
20211121_082342_192.wav,Raw_Recordings_Day2_pt7,76.775659,77.358141,0.582482,W,unknown,unknown
20211121_082342_192.wav,Raw_Recordings_Day2_pt7,78.069442,78.618319,0.548877,W,unknown,unknown
20211121_082342_192.wav,Raw_Recordings_Day2_pt7,80.39377,81.071466,0.677696,W,unknown,unknown
20211121_082342_192.wav,Raw_Recordings_Day2_pt7,95.667131,96.126396,0.459265,W,unknown,unknown
20211121_082342_192.wav,Raw_Recordings_Day2_pt7,97.85704,98.344309,0.487269,W,unknown,unknown
20211121_082342_192.wav,Raw_Recordings_Day2_pt7,99.033207,99.587685,0.554478,W,unknown,unknown
20211121_082342_192.wav,Raw_Recordings_Day2_pt7,108.761783,109.349866,0.588083,W,unknown,unknown
20211121_082342_192.wav,Raw_Recordings_Day2_pt7,110.033162,110.604443,0.571281,W,unknown,unknown
20211121_082342_192.wav,Raw_Recordings_Day2_pt7,111.43336,111.948633,0.515273,W,unknown,unknown
20211121_082342_192.wav,Raw_Recordings_Day2_pt7,115.46033,115.986804,0.526474,W,unknown,unknown
20211121_082342_192.wav,Raw_Recordings_Day2_pt7,121.217944,121.761221,0.543277,W,unknown,unknown
20211121_082342_192.wav,Raw_Recordings_Day2_pt7,135.023897,135.948028,0.924131,W,unknown,unknown
20211121_082342_192.wav,Raw_Recordings_Day2_pt7,138.524392,139.162882,0.63849,W,unknown,unknown
20211121_082342_192.wav,Raw_Recordings_Day2_pt7,142.618571,143.413884,0.795313,W,unknown,unknown
20211121_082342_192.wav,Raw_Recordings_Day2_pt7,143.873149,144.410825,0.537676,W,unknown,unknown
20211121_082342_192.wav,Raw_Recordings_Day2_pt7,144.685263,145.278947,0.593684,W,unknown,unknown
20211121_082342_192.wav,Raw_Recordings_Day2_pt7,165.856258,166.685175,0.828917,W,unknown,unknown
20211121_082342_192.wav,Raw_Recordings_Day2_pt7,167.502891,168.13578,0.632889,W,unknown,unknown
20211121_082342_192.wav,Raw_Recordings_Day2_pt7,185.582248,186.355157,0.772909,W,unknown,unknown
20211121_082342_192.wav,Raw_Recordings_Day2_pt7,186.848027,187.626537,0.77851,W,unknown,unknown
20211121_082342_192.wav,Raw_Recordings_Day2_pt7,206.630025,208.058227,1.428202,W,unknown,unknown
20211121_082342_192.wav,Raw_Recordings_Day2_pt7,269.224478,269.991786,0.767308,W,unknown,unknown
20211121_082342_192.wav,Raw_Recordings_Day2_pt7,270.294229,271.123146,0.828917,W,unknown,unknown
20211121_082342_192.wav,Raw_Recordings_Day2_pt7,271.414387,272.232103,0.817716,W,unknown,unknown
20211121_082342_192.wav,Raw_Recordings_Day2_pt7,272.461735,273.290653,0.828918,W,unknown,unknown
20211121_082342_192.wav,Raw_Recordings_Day2_pt7,273.548289,274.276392,0.728103,W,unknown,unknown
20211121_082342_192.wav,Raw_Recordings_Day2_pt7,274.584436,275.430155,0.845719,W,unknown,unknown
20211121_082342_192.wav,Raw_Recordings_Day2_pt7,275.648586,276.483104,0.834518,W,unknown,unknown
20211121_082342_192.wav,Raw_Recordings_Day2_pt7,276.729539,277.536053,0.806514,W,unknown,unknown
20211121_082342_192.wav,Raw_Recordings_Day2_pt7,277.827294,278.639409,0.812115,W,unknown,unknown
20211121_082342_192.wav,Raw_Recordings_Day2_pt7,278.969856,279.613947,0.644091,W,unknown,unknown
20211121_082342_192.wav,Raw_Recordings_Day2_pt7,280.868524,281.579825,0.711301,W,unknown,unknown
20211121_082342_192.wav,Raw_Recordings_Day2_pt7,282.106299,282.559964,0.453665,W,unknown,unknown
20211121_082342_192.wav,Raw_Recordings_Day2_pt7,283.624114,284.139387,0.515273,W,unknown,unknown
20211121_082342_192.wav,Raw_Recordings_Day2_pt7,284.79468,285.43317,0.63849,W,unknown,unknown
20211121_082342_192.wav,Raw_Recordings_Day2_pt7,286.234083,286.799763,0.56568,W,unknown,unknown
20211121_082843_192.wav,Raw_Recordings_Day2_pt7,1.88771,2.454608,0.566898,W,unknown,unknown
20211121_082843_192.wav,Raw_Recordings_Day2_pt7,3.465673,3.979972,0.514299,W,unknown,unknown
20211121_082843_192.wav,Raw_Recordings_Day2_pt7,192.14321,192.634132,0.490922,W,unknown,unknown
20211121_083343_192.wav,Raw_Recordings_Day2_pt7,69.851616,70.21565,0.364034,W,unknown,unknown
20211121_083343_192.wav,Raw_Recordings_Day2_pt7,72.459427,73.141165,0.681738,W,unknown,unknown
20211121_083343_192.wav,Raw_Recordings_Day2_pt7,112.819609,113.254995,0.435386,W,unknown,unknown
20211121_083343_192.wav,Raw_Recordings_Day2_pt7,157.734327,158.775598,1.041271,W,unknown,unknown
20211121_083343_192.wav,Raw_Recordings_Day2_pt7,161.78676,162.550968,0.764208,W,unknown,unknown
20211121_083343_192.wav,Raw_Recordings_Day2_pt7,165.403808,166.137569,0.733761,W,unknown,unknown
20211121_083343_192.wav,Raw_Recordings_Day2_pt7,171.365238,171.681882,0.316644,W,unknown,unknown
20211121_083343_192.wav,Raw_Recordings_Day2_pt7,173.49345,173.746156,0.252706,W,unknown,unknown
20211121_083343_192.wav,Raw_Recordings_Day2_pt7,175.058402,175.615573,0.557171,W,unknown,unknown
20211121_083343_192.wav,Raw_Recordings_Day2_pt7,175.670377,176.075316,0.404939,W,unknown,unknown
20211121_083343_192.wav,Raw_Recordings_Day2_pt7,176.367602,176.605085,0.237483,W,unknown,unknown
20211121_083343_192.wav,Raw_Recordings_Day2_pt7,179.704542,180.447437,0.742895,W,unknown,unknown
20211121_083343_192.wav,Raw_Recordings_Day2_pt7,195.902095,196.349659,0.447564,W,unknown,unknown
20211121_083343_192.wav,Raw_Recordings_Day2_pt7,197.2,197.957235,0.757235,W,unknown,unknown
20211121_083343_192.wav,Raw_Recordings_Day2_pt7,202.86826,203.468057,0.599797,W,unknown,unknown
20211121_083343_192.wav,Raw_Recordings_Day2_pt7,204.944713,205.456215,0.511502,W,unknown,unknown
20211121_083343_192.wav,Raw_Recordings_Day2_pt7,210.574276,211.697753,1.123477,W,unknown,unknown
20211121_083343_192.wav,Raw_Recordings_Day2_pt7,214.590173,215.177791,0.587618,W,unknown,unknown
20211121_083343_192.wav,Raw_Recordings_Day2_pt7,223.151737,224.040776,0.889039,W,unknown,unknown
20211121_083343_192.wav,Raw_Recordings_Day2_pt7,224.235633,225.517432,1.281799,W,unknown,unknown
20211121_083343_192.wav,Raw_Recordings_Day2_pt7,228.580353,228.973113,0.39276,W,unknown,unknown
20211121_083343_192.wav,Raw_Recordings_Day2_pt7,246.589474,246.915252,0.325778,W,unknown,unknown
20211121_083343_192.wav,Raw_Recordings_Day2_pt7,248.617213,248.988661,0.371448,W,unknown,unknown
20211121_083343_192.wav,Raw_Recordings_Day2_pt7,249.551921,250.054289,0.502368,W,unknown,unknown
20211121_083343_192.wav,Raw_Recordings_Day2_pt7,250.416603,251.1869,0.770297,W,unknown,unknown
20211121_083343_192.wav,Raw_Recordings_Day2_pt7,251.564437,252.846236,1.281799,W,unknown,unknown
20211121_083343_192.wav,Raw_Recordings_Day2_pt7,261.194674,261.657461,0.462787,W,unknown,unknown
20211121_083343_192.wav,Raw_Recordings_Day2_pt7,261.815783,262.917947,1.102164,W,unknown,unknown
20211121_083343_192.wav,Raw_Recordings_Day2_pt7,263.389868,263.852656,0.462788,W,unknown,unknown
20211121_083343_192.wav,Raw_Recordings_Day2_pt7,264.303264,264.896972,0.593708,W,unknown,unknown
20211121_083343_192.wav,Raw_Recordings_Day2_pt7,265.17708,265.612465,0.435385,W,unknown,unknown
20211121_083343_192.wav,Raw_Recordings_Day2_pt7,267.774168,268.173018,0.39885,W,unknown,unknown
20211121_083343_192.wav,Raw_Recordings_Day2_pt7,269.838443,270.292096,0.453653,W,unknown,unknown
20211121_083343_192.wav,Raw_Recordings_Day2_pt7,271.698726,272.012325,0.313599,W,unknown,unknown
20211121_083343_192.wav,Raw_Recordings_Day2_pt7,272.298522,272.746086,0.447564,W,unknown,unknown
20211121_083343_192.wav,Raw_Recordings_Day2_pt7,272.877006,273.181472,0.304466,W,unknown,unknown
20211121_083343_192.wav,Raw_Recordings_Day2_pt7,273.446357,273.805626,0.359269,W,unknown,unknown
20211121_083343_192.wav,Raw_Recordings_Day2_pt7,274.889522,275.2,0.310478,W,unknown,unknown
20211121_083343_192.wav,Raw_Recordings_Day2_pt7,275.471051,275.805962,0.334911,W,unknown,unknown
20211121_083343_192.wav,Raw_Recordings_Day2_pt7,276.381402,276.658465,0.277063,W,unknown,unknown
20211121_083343_192.wav,Raw_Recordings_Day2_pt7,277.255217,277.590129,0.334912,W,unknown,unknown
20211121_083343_192.wav,Raw_Recordings_Day2_pt7,277.937219,278.4,0.462781,W,unknown,unknown
20211121_083343_192.wav,Raw_Recordings_Day2_pt7,280.814416,281.073212,0.258796,W,unknown,unknown
20211121_083343_192.wav,Raw_Recordings_Day2_pt7,282.656431,282.985254,0.328823,W,unknown,unknown
20211121_083343_192.wav,Raw_Recordings_Day2_pt7,284.64459,285.028216,0.383626,W,unknown,unknown
20211121_083343_192.wav,Raw_Recordings_Day2_pt7,294.201755,294.585381,0.383626,W,unknown,unknown
20211121_083343_192.wav,Raw_Recordings_Day2_pt7,295.16082,295.425705,0.264885,W,unknown,unknown
20211121_083343_192.wav,Raw_Recordings_Day2_pt7,295.915894,296.25994,0.344046,W,unknown,unknown
20211121_083343_192.wav,Raw_Recordings_Day2_pt7,297.931454,298.22983,0.298376,W,unknown,unknown
20211121_083844_192.wav,Raw_Recordings_Day2_pt7,0.546725,0.87676,0.330035,W,unknown,unknown
20211121_083844_192.wav,Raw_Recordings_Day2_pt7,1.15679,1.513494,0.356704,W,unknown,unknown
20211121_083844_192.wav,Raw_Recordings_Day2_pt7,1.933539,2.1969,0.263361,W,unknown,unknown
20211121_083844_192.wav,Raw_Recordings_Day2_pt7,3.877079,4.130439,0.25336,W,unknown,unknown
20211121_083844_192.wav,Raw_Recordings_Day2_pt7,12.304642,12.694684,0.390042,W,unknown,unknown
20211121_083844_192.wav,Raw_Recordings_Day2_pt7,13.291414,13.531439,0.240025,W,unknown,unknown
20211121_083844_192.wav,Raw_Recordings_Day2_pt7,14.07483,14.431535,0.356705,W,unknown,unknown
20211121_083844_192.wav,Raw_Recordings_Day2_pt7,18.902011,19.20871,0.306699,W,unknown,unknown
20211121_083844_192.wav,Raw_Recordings_Day2_pt7,29.819838,30.20988,0.390042,W,unknown,unknown
20211121_083844_192.wav,Raw_Recordings_Day2_pt7,37.519786,38.057366,0.53758,W,unknown,unknown
20211121_083844_192.wav,Raw_Recordings_Day2_pt7,57.176329,57.676976,0.500647,W,unknown,unknown
20211121_083844_192.wav,Raw_Recordings_Day2_pt7,65.067672,65.584733,0.517061,W,unknown,unknown
20211121_083844_192.wav,Raw_Recordings_Day2_pt7,68.042827,68.486023,0.443196,W,unknown,unknown
20211121_083844_192.wav,Raw_Recordings_Day2_pt7,73.43504,73.833095,0.398055,W,unknown,unknown
20211121_083844_192.wav,Raw_Recordings_Day2_pt7,74.103937,74.571754,0.467817,W,unknown,unknown
20211121_083844_192.wav,Raw_Recordings_Day2_pt7,86.201534,86.730906,0.529372,W,unknown,unknown
20211121_083844_192.wav,Raw_Recordings_Day2_pt7,110.002776,110.790679,0.787903,W,unknown,unknown
20211121_083844_192.wav,Raw_Recordings_Day2_pt7,171.225316,171.886006,0.66069,W,unknown,unknown
20211121_083844_192.wav,Raw_Recordings_Day2_pt7,174.668289,175.447985,0.779696,W,unknown,unknown
20211121_083844_192.wav,Raw_Recordings_Day2_pt7,206.287008,206.672752,0.385744,W,unknown,unknown
20211121_083844_192.wav,Raw_Recordings_Day2_pt7,246.974821,247.6,0.625179,W,unknown,unknown
20211121_083844_192.wav,Raw_Recordings_Day2_pt7,283.854436,284.53154,0.677104,W,unknown,unknown
20211121_083844_192.wav,Raw_Recordings_Day2_pt7,296.214667,297.298034,1.083367,W,unknown,unknown
20211121_084345_192.wav,Raw_Recordings_Day2_pt7,3.458112,5.191115,1.733003,W,unknown,unknown
20211121_084345_192.wav,Raw_Recordings_Day2_pt7,18.115684,19.2,1.084316,W,unknown,unknown
20211121_084345_192.wav,Raw_Recordings_Day2_pt7,20.17281,21.117977,0.945167,W,unknown,unknown
20211121_084345_192.wav,Raw_Recordings_Day2_pt7,23.53649,24.333395,0.796905,W,unknown,unknown
20211121_084345_192.wav,Raw_Recordings_Day2_pt7,31.181216,32.719427,1.538211,W,unknown,unknown
20211121_084345_192.wav,Raw_Recordings_Day2_pt7,84.09662,84.601635,0.505015,W,unknown,unknown
20211121_084345_192.wav,Raw_Recordings_Day2_pt7,89.443295,90.731315,1.28802,W,unknown,unknown
20211121_084345_192.wav,Raw_Recordings_Day2_pt7,127.189709,128.371166,1.181457,W,unknown,unknown
20211121_084345_192.wav,Raw_Recordings_Day2_pt7,136.17342,136.544073,0.370653,W,unknown,unknown
20211121_084345_192.wav,Raw_Recordings_Day2_pt7,141.107743,141.733221,0.625478,W,unknown,unknown
20211121_084345_192.wav,Raw_Recordings_Day2_pt7,144.545553,145.166398,0.620845,W,unknown,unknown
20211121_084345_192.wav,Raw_Recordings_Day2_pt7,145.407322,146.695343,1.288021,W,unknown,unknown
20211121_084345_192.wav,Raw_Recordings_Day2_pt7,273.732157,273.986981,0.254824,W,unknown,unknown
20211121_084345_192.wav,Raw_Recordings_Day2_pt7,274.149142,275.12674,0.977598,W,unknown,unknown
20211121_084345_192.wav,Raw_Recordings_Day2_pt7,295.6,295.832365,0.232365,W,unknown,unknown
20211121_084345_192.wav,Raw_Recordings_Day2_pt7,297.379843,298.755893,1.37605,W,unknown,unknown
20211121_084845_192.wav,Raw_Recordings_Day2_pt8,28.803342,29.931982,1.12864,W,unknown,unknown
20211121_084845_192.wav,Raw_Recordings_Day2_pt8,59.386814,60.055788,0.668974,W,unknown,unknown
20211121_084845_192.wav,Raw_Recordings_Day2_pt8,66.980375,67.45008,0.469705,W,unknown,unknown
20211121_084845_192.wav,Raw_Recordings_Day2_pt8,158.069889,159.113677,1.043788,W,unknown,unknown
20211121_084845_192.wav,Raw_Recordings_Day2_pt8,198.504827,199.747884,1.243057,W,unknown,unknown
20211121_084845_192.wav,Raw_Recordings_Day2_pt8,246.215445,246.383875,0.16843,W,unknown,unknown
20211121_084845_192.wav,Raw_Recordings_Day2_pt8,288.227928,288.48413,0.256202,W,unknown,unknown
20211121_085346_192.wav,Raw_Recordings_Day2_pt8,23.721817,24.073408,0.351591,W,unknown,unknown
20211121_085346_192.wav,Raw_Recordings_Day2_pt8,208.495705,208.83247,0.336765,W,unknown,unknown
20211121_085346_192.wav,Raw_Recordings_Day2_pt8,209.785579,210.090574,0.304995,W,unknown,unknown
20211121_085346_192.wav,Raw_Recordings_Day2_pt8,212.7148,213.223124,0.508324,W,unknown,unknown
20211121_085346_192.wav,Raw_Recordings_Day2_pt8,214.910127,215.240538,0.330411,W,unknown,unknown
20211121_085346_192.wav,Raw_Recordings_Day2_pt8,216.069742,216.860823,0.791081,W,unknown,unknown
20211121_085346_192.wav,Raw_Recordings_Day2_pt8,221.31184,221.677199,0.365359,W,unknown,unknown
20211121_085346_192.wav,Raw_Recordings_Day2_pt8,223.87888,224.215645,0.336765,W,unknown,unknown
20211121_085846_192.wav,Raw_Recordings_Day2_pt8,64.495542,64.812186,0.316644,W,unknown,unknown
20211121_090347_192.wav,Raw_Recordings_Day2_pt8,113.05418,113.282926,0.228746,W,unknown,unknown
20211121_090347_192.wav,Raw_Recordings_Day2_pt8,135.231034,135.63028,0.399246,W,unknown,unknown
20211121_090347_192.wav,Raw_Recordings_Day2_pt8,164.613522,164.923282,0.30976,W,unknown,unknown
20211121_090347_192.wav,Raw_Recordings_Day2_pt8,170.216742,170.571245,0.354503,W,unknown,unknown
20211121_090347_192.wav,Raw_Recordings_Day2_pt8,183.915032,184.909707,0.994675,W,unknown,unknown
20211121_090347_192.wav,Raw_Recordings_Day2_pt8,185.401881,185.90094,0.499059,W,unknown,unknown
20211121_090347_192.wav,Raw_Recordings_Day2_pt8,242.432199,243.915607,1.483408,W,unknown,unknown
20211121_090347_192.wav,Raw_Recordings_Day2_pt8,244.844888,246.300762,1.455874,W,unknown,unknown
20211121_090347_192.wav,Raw_Recordings_Day2_pt8,261.489343,261.881706,0.392363,W,unknown,unknown
20211121_090347_192.wav,Raw_Recordings_Day2_pt8,264.566296,264.982751,0.416455,W,unknown,unknown
20211121_090347_192.wav,Raw_Recordings_Day2_pt8,296.908716,297.287312,0.378596,W,unknown,unknown
20211121_090347_192.wav,Raw_Recordings_Day2_pt8,297.720976,298.113339,0.392363,W,unknown,unknown
20211121_090848_192.wav,Raw_Recordings_Day2_pt8,64.052582,64.634878,0.582296,W,unknown,unknown
20211121_090848_192.wav,Raw_Recordings_Day2_pt8,118.582491,119.068921,0.48643,W,unknown,unknown
20211121_090848_192.wav,Raw_Recordings_Day2_pt8,122.232494,123.347378,1.114884,W,unknown,unknown
20211121_090848_192.wav,Raw_Recordings_Day2_pt8,124.742758,126.287264,1.544506,W,unknown,unknown
20211121_090848_192.wav,Raw_Recordings_Day2_pt8,127.721701,129.038968,1.317267,W,unknown,unknown
20211121_090848_192.wav,Raw_Recordings_Day2_pt8,135.618205,136.683381,1.065176,W,unknown,unknown
20211121_090848_192.wav,Raw_Recordings_Day2_pt8,206.40625,206.82877,0.42252,W,unknown,unknown
20211121_090848_192.wav,Raw_Recordings_Day2_pt8,228.309819,228.689731,0.379912,W,unknown,unknown
20211121_090848_192.wav,Raw_Recordings_Day2_pt8,229.840121,230.138371,0.29825,W,unknown,unknown
20211121_090848_192.wav,Raw_Recordings_Day2_pt8,264.866658,265.328234,0.461576,W,unknown,unknown
20211121_090848_192.wav,Raw_Recordings_Day2_pt8,275.504215,275.979994,0.475779,W,unknown,unknown
20211121_091348_192.wav,Raw_Recordings_Day2_pt8,16.659149,17.102344,0.443195,W,unknown,unknown
20211121_091348_192.wav,Raw_Recordings_Day2_pt8,20.930267,21.484261,0.553994,W,unknown,unknown
20211121_091348_192.wav,Raw_Recordings_Day2_pt8,74.664153,75.007272,0.343119,W,unknown,unknown
20211121_091348_192.wav,Raw_Recordings_Day2_pt8,169.082675,169.969066,0.886391,W,unknown,unknown
20211121_091849_192.wav,Raw_Recordings_Day2_pt8,22.967232,23.23567,0.268438,W,unknown,unknown
20211121_091849_192.wav,Raw_Recordings_Day2_pt8,25.300535,25.809919,0.509384,W,unknown,unknown
20211121_091849_192.wav,Raw_Recordings_Day2_pt8,30.790177,31.134355,0.344178,W,unknown,unknown
20211121_091849_192.wav,Raw_Recordings_Day2_pt8,32.369954,32.721016,0.351062,W,unknown,unknown
20211121_091849_192.wav,Raw_Recordings_Day2_pt8,34.397163,34.744783,0.34762,W,unknown,unknown
20211121_091849_192.wav,Raw_Recordings_Day2_pt8,36.348654,36.758226,0.409572,W,unknown,unknown
20211121_091849_192.wav,Raw_Recordings_Day2_pt8,44.822319,45.321378,0.499059,W,unknown,unknown
20211121_091849_192.wav,Raw_Recordings_Day2_pt8,45.641463,46.112987,0.471524,W,unknown,unknown
20211121_091849_192.wav,Raw_Recordings_Day2_pt8,47.888947,48.253775,0.364828,W,unknown,unknown
20211121_091849_192.wav,Raw_Recordings_Day2_pt8,84.8,85.483525,0.683525,W,unknown,unknown
20211121_091849_192.wav,Raw_Recordings_Day2_pt8,90.556711,91.300136,0.743425,W,unknown,unknown
20211121_091849_192.wav,Raw_Recordings_Day2_pt8,109.345396,109.7412,0.395804,W,unknown,unknown
20211121_091849_192.wav,Raw_Recordings_Day2_pt8,161.543453,162.039069,0.495616,W,unknown,unknown
20211121_091849_192.wav,Raw_Recordings_Day2_pt8,182.414415,183.247326,0.832911,W,unknown,unknown
20211121_092349_192.wav,Raw_Recordings_Day2_pt8,20.37058,21.113343,0.742763,W,unknown,unknown
20211121_092349_192.wav,Raw_Recordings_Day2_pt8,41.898658,42.260046,0.361388,W,unknown,unknown
20211121_092349_192.wav,Raw_Recordings_Day2_pt8,221.146635,221.722074,0.575439,W,unknown,unknown
20211121_092349_192.wav,Raw_Recordings_Day2_pt8,277.92054,279.096438,1.175898,W,unknown,unknown
20211121_092349_192.wav,Raw_Recordings_Day2_pt8,280.689321,281.770702,1.081381,W,unknown,unknown
20211121_092850_192.wav,Raw_Recordings_Day2_pt8,0,0,0,unknown,unknown,unknown
20211121_093102_192.wav,Raw_Recordings_Day2_pt8,117.125145,118.168799,1.043654,W,ORD,matched
20211121_093102_192.wav,Raw_Recordings_Day2_pt8,118.329637,118.554808,0.225171,W,ORD,matched
20211121_093102_192.wav,Raw_Recordings_Day2_pt8,118.672756,119.333975,0.661219,W,ORD,matched
20211121_093102_192.wav,Raw_Recordings_Day2_pt8,156.773276,157.002022,0.228746,W,ORD,matched
20211121_093102_192.wav,Raw_Recordings_Day2_pt8,157.488107,157.713279,0.225172,W,ORD,matched
20211121_093102_192.wav,Raw_Recordings_Day2_pt8,228.209964,228.660308,0.450344,W,ORD,matched
20211121_093102_192.wav,Raw_Recordings_Day2_pt8,247.932166,248.189506,0.25734,W,ORD,matched
20211121_093102_192.wav,Raw_Recordings_Day2_pt8,248.325324,248.686313,0.360989,W,ORD,matched
20211121_093102_192.wav,Raw_Recordings_Day2_pt8,279.938748,280.314034,0.375286,W,ORD,matched
20211121_093102_192.wav,Raw_Recordings_Day2_pt8,281.990314,282.211912,0.221598,W,ORD,matched
20211121_093102_192.wav,Raw_Recordings_Day2_pt8,288.019918,288.216497,0.196579,W,ORD,matched
20211121_093102_192.wav,Raw_Recordings_Day2_pt8,288.37376,289.124333,0.750573,W,ORD,matched
20211121_093603_192.wav,Raw_Recordings_Day2_pt8,7.309285,7.50123,0.191945,W,ORD,matched
20211121_093603_192.wav,Raw_Recordings_Day2_pt8,10.468708,10.60307,0.134362,W,ORD,matched
20211121_093603_192.wav,Raw_Recordings_Day2_pt8,13.16349,13.364437,0.200947,W,ORD,matched
20211121_093603_192.wav,Raw_Recordings_Day2_pt8,13.451806,13.792542,0.340736,W,ORD,matched
20211121_093603_192.wav,Raw_Recordings_Day2_pt8,19.063763,19.296745,0.232982,W,ORD,matched
20211121_093603_192.wav,Raw_Recordings_Day2_pt8,19.389937,19.564674,0.174737,W,ORD,matched
20211121_093603_192.wav,Raw_Recordings_Day2_pt8,23.834072,24.110738,0.276666,W,ORD,matched
20211121_093603_192.wav,Raw_Recordings_Day2_pt8,27.713224,28.406346,0.693122,W,ORD,matched
20211121_093603_192.wav,Raw_Recordings_Day2_pt8,28.639328,29.277116,0.637788,W,ORD,matched
20211121_093603_192.wav,Raw_Recordings_Day2_pt8,30.873044,31.618587,0.745543,W,ORD,matched
20211121_093603_192.wav,Raw_Recordings_Day2_pt8,31.810797,32.503919,0.693122,W,ORD,matched
20211121_093603_192.wav,Raw_Recordings_Day2_pt8,32.777673,33.351391,0.573718,W,ORD,matched
20211121_093603_192.wav,Raw_Recordings_Day2_pt8,33.645531,34.481355,0.835824,W,ORD,matched
20211121_093603_192.wav,Raw_Recordings_Day2_pt8,34.653179,35.250196,0.597017,W,ORD,matched
20211121_093603_192.wav,Raw_Recordings_Day2_pt8,35.474441,35.94623,0.471789,W,ORD,matched
20211121_093603_192.wav,Raw_Recordings_Day2_pt8,36.1763,36.895632,0.719332,W,ORD,matched
20211121_093603_192.wav,Raw_Recordings_Day2_pt8,37.119877,37.798438,0.678561,W,ORD,matched
20211121_093603_192.wav,Raw_Recordings_Day2_pt8,38.011034,38.730366,0.719332,W,ORD,matched
20211121_093603_192.wav,Raw_Recordings_Day2_pt8,39.120611,39.781698,0.661087,W,ORD,matched
20211121_093603_192.wav,Raw_Recordings_Day2_pt8,40.113698,40.87089,0.757192,W,ORD,matched
20211121_093603_192.wav,Raw_Recordings_Day2_pt8,41.071837,42.038712,0.966875,W,ORD,matched
20211121_093603_192.wav,Raw_Recordings_Day2_pt8,42.568747,43.031799,0.463052,W,ORD,matched
20211121_093603_192.wav,Raw_Recordings_Day2_pt8,43.090044,43.599693,0.509649,W,ORD,matched
20211121_093603_192.wav,Raw_Recordings_Day2_pt8,44.054008,44.872358,0.81835,W,ORD,matched
20211121_093603_192.wav,Raw_Recordings_Day2_pt8,45.239304,45.938251,0.698947,W,ORD,matched
20211121_093603_192.wav,Raw_Recordings_Day2_pt8,46.121724,46.79446,0.672736,W,ORD,matched
20211121_093603_192.wav,Raw_Recordings_Day2_pt8,46.951723,47.837055,0.885332,W,ORD,matched
20211121_093603_192.wav,Raw_Recordings_Day2_pt8,47.921511,48.675791,0.75428,W,ORD,matched
20211121_093603_192.wav,Raw_Recordings_Day2_pt8,48.68744,49.400948,0.713508,W,ORD,matched
20211121_093603_192.wav,Raw_Recordings_Day2_pt8,49.572772,50.35035,0.777578,W,ORD,matched
20211121_093603_192.wav,Raw_Recordings_Day2_pt8,50.335788,50.90077,0.564982,W,ORD,matched
20211121_093603_192.wav,Raw_Recordings_Day2_pt8,50.90077,51.457015,0.556245,W,ORD,matched
20211121_093603_192.wav,Raw_Recordings_Day2_pt8,51.550208,52.272452,0.722244,W,ORD,matched
20211121_093603_192.wav,Raw_Recordings_Day2_pt8,52.403505,53.329609,0.926104,W,ORD,matched
20211121_093603_192.wav,Raw_Recordings_Day2_pt8,54.908063,55.668167,0.760104,W,ORD,matched
20211121_093603_192.wav,Raw_Recordings_Day2_pt8,56.0555,56.637955,0.582455,W,ORD,matched
20211121_093603_192.wav,Raw_Recordings_Day2_pt8,56.675815,57.232059,0.556244,W,ORD,matched
20211121_093603_192.wav,Raw_Recordings_Day2_pt8,57.485427,58.4,0.914573,W,ORD,matched
20211121_093603_192.wav,Raw_Recordings_Day2_pt8,59.060969,59.853108,0.792139,W,ORD,matched
20211121_093603_192.wav,Raw_Recordings_Day2_pt8,59.95795,60.881142,0.923192,W,ORD,matched
20211121_093603_192.wav,Raw_Recordings_Day2_pt8,60.927738,61.329633,0.401895,W,ORD,matched
20211121_093603_192.wav,Raw_Recordings_Day2_pt8,62.482894,63.315805,0.832911,W,ORD,matched
20211121_093603_192.wav,Raw_Recordings_Day2_pt8,65.511662,65.759205,0.247543,W,ORD,matched
20211121_093603_192.wav,Raw_Recordings_Day2_pt8,65.861135,66.094117,0.232982,W,ORD,matched
20211121_093603_192.wav,Raw_Recordings_Day2_pt8,73.168037,74.047544,0.879507,W,ORD,matched
20211121_093603_192.wav,Raw_Recordings_Day2_pt8,74.306737,75.247402,0.940665,W,ORD,matched
20211121_093603_192.wav,Raw_Recordings_Day2_pt8,75.47456,76.505506,1.030946,W,ORD,matched
20211121_093603_192.wav,Raw_Recordings_Day2_pt8,76.758874,77.647118,0.888244,W,ORD,matched
20211121_093603_192.wav,Raw_Recordings_Day2_pt8,77.85389,78.814941,0.961051,W,ORD,matched
20211121_093603_192.wav,Raw_Recordings_Day2_pt8,79.103257,80.209922,1.106665,W,ORD,matched
20211121_093603_192.wav,Raw_Recordings_Day2_pt8,80.332237,80.970026,0.637789,W,ORD,matched
20211121_093603_192.wav,Raw_Recordings_Day2_pt8,82.335884,83.395952,1.060068,W,ORD,matched
20211121_093603_192.wav,Raw_Recordings_Day2_pt8,83.797846,84.729775,0.931929,W,ORD,matched
20211121_093603_192.wav,Raw_Recordings_Day2_pt8,85.111283,86.136405,1.025122,W,ORD,matched
20211121_093603_192.wav,Raw_Recordings_Day2_pt8,87.155701,88.11384,0.958139,W,ORD,matched
20211121_093603_192.wav,Raw_Recordings_Day2_pt8,96.10804,96.847758,0.739718,W,ORD,matched
20211121_093603_192.wav,Raw_Recordings_Day2_pt8,97.934037,98.930036,0.995999,W,ORD,matched
20211121_093603_192.wav,Raw_Recordings_Day2_pt8,99.168842,100.106595,0.937753,W,ORD,matched
20211121_093603_192.wav,Raw_Recordings_Day2_pt8,111.516895,112.309034,0.792139,W,ORD,matched
20211121_093603_192.wav,Raw_Recordings_Day2_pt8,117.364746,118.020009,0.655263,W,ORD,matched
20211121_093603_192.wav,Raw_Recordings_Day2_pt8,141.032818,141.976396,0.943578,W,ORD,matched
20211121_093603_192.wav,Raw_Recordings_Day2_pt8,142.162781,143.15878,0.995999,W,ORD,matched
20211121_093603_192.wav,Raw_Recordings_Day2_pt8,143.426709,144.617831,1.191122,W,ORD,matched
20211121_093603_192.wav,Raw_Recordings_Day2_pt8,145.057584,145.951653,0.894069,W,ORD,matched
20211121_093603_192.wav,Raw_Recordings_Day2_pt8,146.542845,147.978598,1.435753,W,ORD,matched
20211121_093603_192.wav,Raw_Recordings_Day2_pt8,149.545403,150.547226,1.001823,W,ORD,matched
20211121_093603_192.wav,Raw_Recordings_Day2_pt8,150.989892,151.569435,0.579543,W,ORD,matched
20211121_093603_192.wav,Raw_Recordings_Day2_pt8,160.023774,160.91493,0.891156,W,ORD,matched
20211121_093603_192.wav,Raw_Recordings_Day2_pt8,199.904489,200.798558,0.894069,W,ORD,matched
20211121_093603_192.wav,Raw_Recordings_Day2_pt8,201.072312,202.001328,0.929016,W,ORD,matched
20211121_093603_192.wav,Raw_Recordings_Day2_pt8,202.353714,203.431256,1.077542,W,ORD,matched
20211121_093603_192.wav,Raw_Recordings_Day2_pt8,205.408692,206.305673,0.896981,W,ORD,matched
20211121_093603_192.wav,Raw_Recordings_Day2_pt8,207.741426,208.8,1.058574,W,ORD,matched
20211121_093603_192.wav,Raw_Recordings_Day2_pt8,210.129492,211.154614,1.025122,W,ORD,matched
20211121_093603_192.wav,Raw_Recordings_Day2_pt8,221.260213,221.635897,0.375684,W,ORD,matched
20211121_093603_192.wav,Raw_Recordings_Day2_pt8,223.389088,224.23656,0.847472,W,ORD,matched
20211121_093603_192.wav,Raw_Recordings_Day2_pt8,225.104419,225.806277,0.701858,W,ORD,matched
20211121_093603_192.wav,Raw_Recordings_Day2_pt8,243.839094,244.864215,1.025121,W,ORD,matched
20211121_093603_192.wav,Raw_Recordings_Day2_pt8,249.873331,250.860593,0.987262,W,ORD,matched
20211121_093603_192.wav,Raw_Recordings_Day2_pt8,259.204265,260.185702,0.981437,W,ORD,matched
20211121_093603_192.wav,Raw_Recordings_Day2_pt8,262.431068,263.485312,1.054244,W,ORD,matched
20211121_093603_192.wav,Raw_Recordings_Day2_pt8,285.207983,286.224367,1.016384,W,ORD,matched
20211121_093603_192.wav,Raw_Recordings_Day2_pt8,286.503946,287.485383,0.981437,W,ORD,matched
20211121_093603_192.wav,Raw_Recordings_Day2_pt8,287.893102,288.897837,1.004735,W,ORD,matched
20211121_093603_192.wav,Raw_Recordings_Day2_pt8,289.995765,291.082045,1.08628,W,ORD,matched
20211121_094104_192.wav,Raw_Recordings_Day2_pt8,4.825907,5.593292,0.767385,W,ORD,matched
20211121_094104_192.wav,Raw_Recordings_Day2_pt8,45.846382,46.47967,0.633288,W,ORD,matched
20211121_094104_192.wav,Raw_Recordings_Day2_pt8,47.417423,48.288193,0.87077,W,ORD,matched
20211121_094104_192.wav,Raw_Recordings_Day2_pt8,92.642695,93.285117,0.642422,W,ORD,matched
20211121_094104_192.wav,Raw_Recordings_Day2_pt8,93.848378,94.633898,0.78552,W,ORD,matched
20211121_094104_192.wav,Raw_Recordings_Day2_pt8,97.964748,98.753313,0.788565,W,ORD,matched
20211121_094104_192.wav,Raw_Recordings_Day2_pt8,107.266163,108.091263,0.8251,W,ORD,matched
20211121_094104_192.wav,Raw_Recordings_Day2_pt8,108.392684,109.376107,0.983423,W,ORD,matched
20211121_094104_192.wav,Raw_Recordings_Day2_pt8,113.127119,113.888282,0.761163,W,ORD,matched
20211121_094104_192.wav,Raw_Recordings_Day2_pt8,113.985711,114.140989,0.155278,W,ORD,matched
20211121_094104_192.wav,Raw_Recordings_Day2_pt8,123.293215,124.048289,0.755074,W,ORD,matched
20211121_094104_192.wav,Raw_Recordings_Day2_pt8,132.67379,133.498891,0.825101,W,ORD,matched
20211121_094104_192.wav,Raw_Recordings_Day2_pt8,133.693749,134.4,0.706251,W,ORD,matched
20211121_094104_192.wav,Raw_Recordings_Day2_pt8,135.085155,135.968104,0.882949,W,ORD,matched
20211121_094104_192.wav,Raw_Recordings_Day2_pt8,204.597623,205.249179,0.651556,W,ORD,matched
20211121_094104_192.wav,Raw_Recordings_Day2_pt8,236.636504,236.937925,0.301421,W,ORD,matched
20211121_094104_192.wav,Raw_Recordings_Day2_pt8,237.144961,237.336774,0.191813,W,ORD,matched
20211121_094604_192.wav,Raw_Recordings_Day2_pt8,55.559883,56.224941,0.665058,W,ORD,matched
20211121_094604_192.wav,Raw_Recordings_Day2_pt8,87.221625,87.944399,0.722774,W,ORD,matched
20211121_094604_192.wav,Raw_Recordings_Day2_pt8,92.962516,93.905564,0.943048,W,ORD,matched
20211121_094604_192.wav,Raw_Recordings_Day2_pt8,94.587037,95.44404,0.857003,W,ORD,matched
20211121_094604_192.wav,Raw_Recordings_Day2_pt8,95.605804,95.908681,0.302877,W,ORD,matched
20211121_094604_192.wav,Raw_Recordings_Day2_pt8,116.153239,116.81062,0.657381,W,ORD,matched
20211121_094604_192.wav,Raw_Recordings_Day2_pt8,136.783277,137.61963,0.836353,W,ORD,matched
20211121_094604_192.wav,Raw_Recordings_Day2_pt8,171.944516,172.605338,0.660822,W,ORD,matched
20211121_094604_192.wav,Raw_Recordings_Day2_pt8,201.423374,202.042895,0.619521,W,ORD,matched
20211121_094604_192.wav,Raw_Recordings_Day2_pt8,226.593121,227.381289,0.788168,W,ORD,matched
20211121_094604_192.wav,Raw_Recordings_Day2_pt8,228.523961,229.752677,1.228716,W,ORD,matched
20211121_094604_192.wav,Raw_Recordings_Day2_pt8,238.381223,238.797678,0.416455,W,ORD,matched
20211121_094604_192.wav,Raw_Recordings_Day2_pt8,240.336155,240.625264,0.289109,W,ORD,matched
20211121_094604_192.wav,Raw_Recordings_Day2_pt8,258.384856,260.195233,1.810377,W,ORD,matched
20211121_094604_192.wav,Raw_Recordings_Day2_pt8,261.847288,262.188025,0.340737,W,ORD,matched
20211121_094604_192.wav,Raw_Recordings_Day2_pt8,262.33258,262.955542,0.622962,W,ORD,matched
20211121_094604_192.wav,Raw_Recordings_Day2_pt8,290.772019,291.109314,0.337295,W,ORD,matched
20211121_095105_192.wav,Raw_Recordings_Day2_pt8,17.868141,18.106683,0.238542,W,ORD,matched
20211121_095105_192.wav,Raw_Recordings_Day2_pt8,29.172936,29.480711,0.307775,W,ORD,matched
20211121_095105_192.wav,Raw_Recordings_Day2_pt8,32.382,32.693879,0.311879,W,ORD,matched
20211121_095105_192.wav,Raw_Recordings_Day2_pt8,35.644412,36.15737,0.512958,W,ORD,matched
20211121_095105_192.wav,Raw_Recordings_Day2_pt8,41.163838,41.553686,0.389848,W,ORD,matched
20211121_095105_192.wav,Raw_Recordings_Day2_pt8,64.402879,65.092294,0.689415,W,ORD,matched
20211121_095105_192.wav,Raw_Recordings_Day2_pt8,65.62577,66.032033,0.406263,W,ORD,matched
20211121_095105_192.wav,Raw_Recordings_Day2_pt8,70.283427,70.636342,0.352915,W,ORD,matched
20211121_095105_192.wav,Raw_Recordings_Day2_pt8,71.034397,71.383208,0.348811,W,ORD,matched
20211121_095105_192.wav,Raw_Recordings_Day2_pt8,71.781264,72.158801,0.377537,W,ORD,matched
20211121_095105_192.wav,Raw_Recordings_Day2_pt8,73.89465,74.235254,0.340604,W,ORD,matched
20211121_095105_192.wav,Raw_Recordings_Day2_pt8,74.608687,75.117541,0.508854,W,ORD,matched
20211121_095105_192.wav,Raw_Recordings_Day2_pt8,134.115896,134.567299,0.451403,W,ORD,matched
20211121_095105_192.wav,Raw_Recordings_Day2_pt8,239.703132,241.623646,1.920514,W,ORD,matched
20211121_095105_192.wav,Raw_Recordings_Day2_pt8,241.828829,242.858848,1.030019,W,ORD,matched
20211121_095105_192.wav,Raw_Recordings_Day2_pt8,243.055824,244.176124,1.1203,W,ORD,matched
20211121_095606_192.wav,Raw_Recordings_Day2_pt8,53.2478,53.476546,0.228746,W,ORD,matched
20211121_095606_192.wav,Raw_Recordings_Day2_pt8,56.718307,57.100742,0.382435,W,ORD,matched
20211121_095606_192.wav,Raw_Recordings_Day2_pt8,57.218689,57.526067,0.307378,W,ORD,matched
20211121_095606_192.wav,Raw_Recordings_Day2_pt8,73.517356,73.846985,0.329629,W,ORD,matched
20211121_095606_192.wav,Raw_Recordings_Day2_pt8,73.9763,74.212112,0.235812,W,ORD,matched
20211121_100106_192.wav,Raw_Recordings_Day2_pt8,3.191326,3.958578,0.767252,W,ORD,matched
20211121_100106_192.wav,Raw_Recordings_Day2_pt8,9.099408,9.846407,0.746999,W,ORD,matched
20211121_100106_192.wav,Raw_Recordings_Day2_pt8,115.741152,116.304678,0.563526,W,ORD,matched
20211121_100106_192.wav,Raw_Recordings_Day2_pt8,132.651286,132.869707,0.218421,W,ORD,matched
20211121_100106_192.wav,Raw_Recordings_Day2_pt8,133.070654,133.245391,0.174737,W,ORD,matched
20211121_100106_192.wav,Raw_Recordings_Day2_pt8,212.248174,212.829173,0.580999,W,ORD,matched
20211121_100607_192.wav,Raw_Recordings_Day2_pt8,43.537564,43.755731,0.218167,W,unknown,unknown
20211121_100607_192.wav,Raw_Recordings_Day2_pt8,99.170078,99.547879,0.377801,W,unknown,unknown
20211121_100607_192.wav,Raw_Recordings_Day2_pt8,100.436509,100.689263,0.252754,W,unknown,unknown
20211121_100607_192.wav,Raw_Recordings_Day2_pt8,101.524682,101.822666,0.297984,W,unknown,unknown
20211121_100607_192.wav,Raw_Recordings_Day2_pt8,102.783132,103.142308,0.359176,W,unknown,unknown
20211121_100607_192.wav,Raw_Recordings_Day2_pt8,104.241124,104.579016,0.337892,W,unknown,unknown
20211121_100607_192.wav,Raw_Recordings_Day2_pt8,106.460039,106.811234,0.351195,W,unknown,unknown
20211121_100607_192.wav,Raw_Recordings_Day2_pt8,107.526927,107.697204,0.170277,W,unknown,unknown
20211121_100607_192.wav,Raw_Recordings_Day2_pt8,107.755736,107.931334,0.175598,W,unknown,unknown
20211121_100607_192.wav,Raw_Recordings_Day2_pt8,108.176106,108.545926,0.36982,W,unknown,unknown
20211121_100607_192.wav,Raw_Recordings_Day2_pt8,109.040792,109.336115,0.295323,W,unknown,unknown
20211121_100607_192.wav,Raw_Recordings_Day2_pt8,115.15212,115.487352,0.335232,W,unknown,unknown
20211121_100607_192.wav,Raw_Recordings_Day2_pt8,117.107639,117.421586,0.313947,W,unknown,unknown
20211121_100607_192.wav,Raw_Recordings_Day2_pt8,121.973821,122.325017,0.351196,W,unknown,unknown
20211121_101608_192.wav,Raw_Recordings_Day2_pt8,0,2.418778,2.418778,NOISE,unknown,unknown
